sample_id,cycle,purity,recovery,productivity,energy_proxy,q_avg,q_final_avg,outlet_ads_final,outlet_dep_final,outlet_des_avg,outlet_rep_final,P_ads,P_des,t_ads,t_des,t_purge,u,qmax,b,k_LDF,L,eps,t_repress
1,1,0.04868682165417923,0.9999999998571304,0.030987231578141365,8.228700810876413,0.13253533139437795,0.13253533139437795,1.4391213442561216e-22,2.8466916737037305e-16,0.04868682165417923,0.012284257320964533,6.054950551084939,0.8736663683719026,62.05446624456248,115.81349116490992,28.0118555222022,0.06901229339235795,5.464194736711626,0.6490827940215795,0.19308066099716742,1.8185750639495921,0.39501852101937274,20.0
1,2,0.07474472830258712,0.9410797478413446,0.04757315961818335,8.228700810876413,0.14004216578733003,0.14004216578733003,0.009427403921499981,0.013306390134541959,0.07474472830258712,0.014566853232634404,6.054950551084939,0.8736663683719026,62.05446624456248,115.81349116490992,28.0118555222022,0.06901229339235795,5.464194736711626,0.6490827940215795,0.19308066099716742,1.8185750639495921,0.39501852101937274,20.0
1,3,0.07560822468088854,0.9324337733690939,0.04812264735790632,8.228700810876413,0.14004234897830517,0.14004234897830517,0.010896469532107997,0.015196961993540136,0.07560822468088854,0.014566988353349348,6.054950551084939,0.8736663683719026,62.05446624456248,115.81349116490992,28.0118555222022,0.06901229339235795,5.464194736711626,0.6490827940215795,0.19308066099716742,1.8185750639495921,0.39501852101937274,20.0
1,4,0.07560823212193855,0.9324333916743723,0.04812265209084202,8.228700810876413,0.14004234897834275,0.14004234897834275,0.010896509600922793,0.015196996144860898,0.07560823212193855,0.01456698835338727,6.054950551084939,0.8736663683719026,62.05446624456248,115.81349116490992,28.0118555222022,0.06901229339235795,5.464194736711626,0.6490827940215795,0.19308066099716742,1.8185750639495921,0.39501852101937274,20.0
1,5,0.07560823212193936,0.9324333916742819,0.048122652090842544,8.228700810876413,0.14004234897834275,0.14004234897834275,0.010896509600929947,0.015196996144865745,0.07560823212193936,0.01456698835338727,6.054950551084939,0.8736663683719026,62.05446624456248,115.81349116490992,28.0118555222022,0.06901229339235795,5.464194736711626,0.6490827940215795,0.19308066099716742,1.8185750639495921,0.39501852101937274,20.0
1,6,0.07560823212193936,0.9324333916742819,0.048122652090842544,8.228700810876413,0.14004234897834275,0.14004234897834275,0.010896509600929947,0.015196996144865745,0.07560823212193936,0.01456698835338727,6.054950551084939,0.8736663683719026,62.05446624456248,115.81349116490992,28.0118555222022,0.06901229339235795,5.464194736711626,0.6490827940215795,0.19308066099716742,1.8185750639495921,0.39501852101937274,20.0
1,7,0.07560823212193936,0.9324333916742819,0.048122652090842544,8.228700810876413,0.14004234897834275,0.14004234897834275,0.010896509600929947,0.015196996144865745,0.07560823212193936,0.01456698835338727,6.054950551084939,0.8736663683719026,62.05446624456248,115.81349116490992,28.0118555222022,0.06901229339235795,5.464194736711626,0.6490827940215795,0.19308066099716742,1.8185750639495921,0.39501852101937274,20.0
1,8,0.07560823212193936,0.9324333916742819,0.048122652090842544,8.228700810876413,0.14004234897834275,0.14004234897834275,0.010896509600929947,0.015196996144865745,0.07560823212193936,0.01456698835338727,6.054950551084939,0.8736663683719026,62.05446624456248,115.81349116490992,28.0118555222022,0.06901229339235795,5.464194736711626,0.6490827940215795,0.19308066099716742,1.8185750639495921,0.39501852101937274,20.0
1,9,0.07560823212193936,0.9324333916742819,0.048122652090842544,8.228700810876413,0.14004234897834275,0.14004234897834275,0.010896509600929947,0.015196996144865745,0.07560823212193936,0.01456698835338727,6.054950551084939,0.8736663683719026,62.05446624456248,115.81349116490992,28.0118555222022,0.06901229339235795,5.464194736711626,0.6490827940215795,0.19308066099716742,1.8185750639495921,0.39501852101937274,20.0
1,10,0.07560823212193936,0.9324333916742819,0.048122652090842544,8.228700810876413,0.14004234897834275,0.14004234897834275,0.010896509600929947,0.015196996144865745,0.07560823212193936,0.01456698835338727,6.054950551084939,0.8736663683719026,62.05446624456248,115.81349116490992,28.0118555222022,0.06901229339235795,5.464194736711626,0.6490827940215795,0.19308066099716742,1.8185750639495921,0.39501852101937274,20.0
2,1,0.01697587823845214,0.8845670166682744,0.013215885154828133,18.95262807676725,0.2216238122663139,0.2216238122663139,0.04705815676829902,0.14619221714953926,0.01697587823845214,0.0019529607490649877,7.03145779849947,0.412760952443692,48.2061189930367,142.54007456783756,98.40913835258725,0.12595274488225794,3.4699610783060617,0.24048835325338372,0.15185525439923456,1.2200174413012086,0.4440213780786304,20.0
2,2,0.01876142718003108,0.6914006901615704,0.014604770096767378,18.95262807676725,0.22162381226631397,0.22162381226631397,0.10025378731244858,0.17607209350977082,0.01876142718003108,0.0019529607490650378,7.03145779849947,0.412760952443692,48.2061189930367,142.54007456783756,98.40913835258725,0.12595274488225794,3.4699610783060617,0.24048835325338372,0.15185525439923456,1.2200174413012086,0.4440213780786304,20.0
2,3,0.01876142718003108,0.6914006901615702,0.014604770096767378,18.95262807676725,0.22162381226631397,0.22162381226631397,0.10025378731244858,0.17607209350977082,0.01876142718003108,0.0019529607490650378,7.03145779849947,0.412760952443692,48.2061189930367,142.54007456783756,98.40913835258725,0.12595274488225794,3.4699610783060617,0.24048835325338372,0.15185525439923456,1.2200174413012086,0.4440213780786304,20.0
2,4,0.01876142718003108,0.6914006901615702,0.014604770096767378,18.95262807676725,0.22162381226631397,0.22162381226631397,0.10025378731244858,0.17607209350977082,0.01876142718003108,0.0019529607490650378,7.03145779849947,0.412760952443692,48.2061189930367,142.54007456783756,98.40913835258725,0.12595274488225794,3.4699610783060617,0.24048835325338372,0.15185525439923456,1.2200174413012086,0.4440213780786304,20.0
2,5,0.01876142718003108,0.6914006901615702,0.014604770096767378,18.95262807676725,0.22162381226631397,0.22162381226631397,0.10025378731244858,0.17607209350977082,0.01876142718003108,0.0019529607490650378,7.03145779849947,0.412760952443692,48.2061189930367,142.54007456783756,98.40913835258725,0.12595274488225794,3.4699610783060617,0.24048835325338372,0.15185525439923456,1.2200174413012086,0.4440213780786304,20.0
2,6,0.01876142718003108,0.6914006901615702,0.014604770096767378,18.95262807676725,0.22162381226631397,0.22162381226631397,0.10025378731244858,0.17607209350977082,0.01876142718003108,0.0019529607490650378,7.03145779849947,0.412760952443692,48.2061189930367,142.54007456783756,98.40913835258725,0.12595274488225794,3.4699610783060617,0.24048835325338372,0.15185525439923456,1.2200174413012086,0.4440213780786304,20.0
2,7,0.01876142718003108,0.6914006901615702,0.014604770096767378,18.95262807676725,0.22162381226631397,0.22162381226631397,0.10025378731244858,0.17607209350977082,0.01876142718003108,0.0019529607490650378,7.03145779849947,0.412760952443692,48.2061189930367,142.54007456783756,98.40913835258725,0.12595274488225794,3.4699610783060617,0.24048835325338372,0.15185525439923456,1.2200174413012086,0.4440213780786304,20.0
2,8,0.01876142718003108,0.6914006901615702,0.014604770096767378,18.95262807676725,0.22162381226631397,0.22162381226631397,0.10025378731244858,0.17607209350977082,0.01876142718003108,0.0019529607490650378,7.03145779849947,0.412760952443692,48.2061189930367,142.54007456783756,98.40913835258725,0.12595274488225794,3.4699610783060617,0.24048835325338372,0.15185525439923456,1.2200174413012086,0.4440213780786304,20.0
2,9,0.01876142718003108,0.6914006901615702,0.014604770096767378,18.95262807676725,0.22162381226631397,0.22162381226631397,0.10025378731244858,0.17607209350977082,0.01876142718003108,0.0019529607490650378,7.03145779849947,0.412760952443692,48.2061189930367,142.54007456783756,98.40913835258725,0.12595274488225794,3.4699610783060617,0.24048835325338372,0.15185525439923456,1.2200174413012086,0.4440213780786304,20.0
2,10,0.01876142718003108,0.6914006901615702,0.014604770096767378,18.95262807676725,0.22162381226631397,0.22162381226631397,0.10025378731244858,0.17607209350977082,0.01876142718003108,0.0019529607490650378,7.03145779849947,0.412760952443692,48.2061189930367,142.54007456783756,98.40913835258725,0.12595274488225794,3.4699610783060617,0.24048835325338372,0.15185525439923456,1.2200174413012086,0.4440213780786304,20.0
3,1,0.05323691322147264,0.9999999997271459,0.036927810099687396,7.551639123525252,0.1858333177537958,0.1858333177537958,4.74327283926361e-10,2.234636013947208e-06,0.05323691322147264,1.348988397253122e-06,4.808192958650999,0.8559708550017371,81.96714644654864,155.9705738389364,74.93885621527825,0.06523446339642214,5.212204697346476,1.0636442854286439,0.19943705226102182,0.5518819897217101,0.3287254270113005,20.0
3,2,0.06622924143181652,0.9999968582223937,0.04593994324229129,7.551639123525252,0.18583332767071564,0.18583332767071564,1.90576022761012e-07,2.0572540504965257e-05,0.06622924143181652,1.353652185118649e-06,4.808192958650999,0.8559708550017371,81.96714644654864,155.9705738389364,74.93885621527825,0.06523446339642214,5.212204697346476,1.0636442854286439,0.19943705226102182,0.5518819897217101,0.3287254270113005,20.0
3,3,0.06622924145112544,0.9999968487826111,0.0459399432556645,7.551639123525252,0.18583332767071564,0.18583332767071564,1.9097279604640735e-07,2.0572767452460596e-05,0.06622924145112544,1.353652185118649e-06,4.808192958650999,0.8559708550017371,81.96714644654864,155.9705738389364,74.93885621527825,0.06523446339642214,5.212204697346476,1.0636442854286439,0.19943705226102182,0.5518819897217101,0.3287254270113005,20.0
3,4,0.06622924145112544,0.9999968487826111,0.0459399432556645,7.551639123525252,0.18583332767071564,0.18583332767071564,1.9097279604640735e-07,2.0572767452460596e-05,0.06622924145112544,1.353652185118649e-06,4.808192958650999,0.8559708550017371,81.96714644654864,155.9705738389364,74.93885621527825,0.06523446339642214,5.212204697346476,1.0636442854286439,0.19943705226102182,0.5518819897217101,0.3287254270113005,20.0
3,5,0.06622924145112544,0.9999968487826111,0.0459399432556645,7.551639123525252,0.18583332767071564,0.18583332767071564,1.9097279604640735e-07,2.0572767452460596e-05,0.06622924145112544,1.353652185118649e-06,4.808192958650999,0.8559708550017371,81.96714644654864,155.9705738389364,74.93885621527825,0.06523446339642214,5.212204697346476,1.0636442854286439,0.19943705226102182,0.5518819897217101,0.3287254270113005,20.0
3,6,0.06622924145112544,0.9999968487826111,0.0459399432556645,7.551639123525252,0.18583332767071564,0.18583332767071564,1.9097279604640735e-07,2.0572767452460596e-05,0.06622924145112544,1.353652185118649e-06,4.808192958650999,0.8559708550017371,81.96714644654864,155.9705738389364,74.93885621527825,0.06523446339642214,5.212204697346476,1.0636442854286439,0.19943705226102182,0.5518819897217101,0.3287254270113005,20.0
3,7,0.06622924145112544,0.9999968487826111,0.0459399432556645,7.551639123525252,0.18583332767071564,0.18583332767071564,1.9097279604640735e-07,2.0572767452460596e-05,0.06622924145112544,1.353652185118649e-06,4.808192958650999,0.8559708550017371,81.96714644654864,155.9705738389364,74.93885621527825,0.06523446339642214,5.212204697346476,1.0636442854286439,0.19943705226102182,0.5518819897217101,0.3287254270113005,20.0
3,8,0.06622924145112544,0.9999968487826111,0.0459399432556645,7.551639123525252,0.18583332767071564,0.18583332767071564,1.9097279604640735e-07,2.0572767452460596e-05,0.06622924145112544,1.353652185118649e-06,4.808192958650999,0.8559708550017371,81.96714644654864,155.9705738389364,74.93885621527825,0.06523446339642214,5.212204697346476,1.0636442854286439,0.19943705226102182,0.5518819897217101,0.3287254270113005,20.0
3,9,0.06622924145112544,0.9999968487826111,0.0459399432556645,7.551639123525252,0.18583332767071564,0.18583332767071564,1.9097279604640735e-07,2.0572767452460596e-05,0.06622924145112544,1.353652185118649e-06,4.808192958650999,0.8559708550017371,81.96714644654864,155.9705738389364,74.93885621527825,0.06523446339642214,5.212204697346476,1.0636442854286439,0.19943705226102182,0.5518819897217101,0.3287254270113005,20.0
3,10,0.06622924145112544,0.9999968487826111,0.0459399432556645,7.551639123525252,0.18583332767071564,0.18583332767071564,1.9097279604640735e-07,2.0572767452460596e-05,0.06622924145112544,1.353652185118649e-06,4.808192958650999,0.8559708550017371,81.96714644654864,155.9705738389364,74.93885621527825,0.06523446339642214,5.212204697346476,1.0636442854286439,0.19943705226102182,0.5518819897217101,0.3287254270113005,20.0
4,1,0.09752860753670788,0.946649735361609,0.05133868583813144,57.92863533653849,0.1878885491021787,0.1878885491021787,0.06767947476068015,0.20850181328547004,0.09752860753670788,2.9127842389728902e-08,7.590316489186321,0.1354302888561444,167.84064765381459,167.63846078365881,41.264145629514616,0.14444474216490524,2.9954550607473305,1.077786141593862,0.09169313253425748,1.3662146941946953,0.3631326163884494,20.0
4,2,0.09946114888624197,0.8751697383236281,0.05235478644438306,57.92863533653849,0.18788854945322314,0.18788854945322314,0.11077686642953716,0.23114898215299415,0.09946114888624197,2.9224171256338986e-08,7.590316489186321,0.1354302888561444,167.84064765381459,167.63846078365881,41.264145629514616,0.14444474216490524,2.9954550607473305,1.077786141593862,0.09169313253425748,1.3662146941946953,0.3631326163884494,20.0
4,3,0.09946114888631367,0.8751697381289617,0.05235478644442072,57.92863533653849,0.18788854945322314,0.18788854945322314,0.11077686643308844,0.23114898215406146,0.09946114888631367,2.9224171256341272e-08,7.590316489186321,0.1354302888561444,167.84064765381459,167.63846078365881,41.264145629514616,0.14444474216490524,2.9954550607473305,1.077786141593862,0.09169313253425748,1.3662146941946953,0.3631326163884494,20.0
4,4,0.09946114888631367,0.8751697381289617,0.05235478644442072,57.92863533653849,0.18788854945322314,0.18788854945322314,0.11077686643308844,0.23114898215406146,0.09946114888631367,2.9224171256341272e-08,7.590316489186321,0.1354302888561444,167.84064765381459,167.63846078365881,41.264145629514616,0.14444474216490524,2.9954550607473305,1.077786141593862,0.09169313253425748,1.3662146941946953,0.3631326163884494,20.0
4,5,0.09946114888631367,0.8751697381289617,0.05235478644442072,57.92863533653849,0.18788854945322314,0.18788854945322314,0.11077686643308844,0.23114898215406146,0.09946114888631367,2.9224171256341272e-08,7.590316489186321,0.1354302888561444,167.84064765381459,167.63846078365881,41.264145629514616,0.14444474216490524,2.9954550607473305,1.077786141593862,0.09169313253425748,1.3662146941946953,0.3631326163884494,20.0
4,6,0.09946114888631367,0.8751697381289617,0.05235478644442072,57.92863533653849,0.18788854945322314,0.18788854945322314,0.11077686643308844,0.23114898215406146,0.09946114888631367,2.9224171256341272e-08,7.590316489186321,0.1354302888561444,167.84064765381459,167.63846078365881,41.264145629514616,0.14444474216490524,2.9954550607473305,1.077786141593862,0.09169313253425748,1.3662146941946953,0.3631326163884494,20.0
4,7,0.09946114888631367,0.8751697381289617,0.05235478644442072,57.92863533653849,0.18788854945322314,0.18788854945322314,0.11077686643308844,0.23114898215406146,0.09946114888631367,2.9224171256341272e-08,7.590316489186321,0.1354302888561444,167.84064765381459,167.63846078365881,41.264145629514616,0.14444474216490524,2.9954550607473305,1.077786141593862,0.09169313253425748,1.3662146941946953,0.3631326163884494,20.0
4,8,0.09946114888631367,0.8751697381289617,0.05235478644442072,57.92863533653849,0.18788854945322314,0.18788854945322314,0.11077686643308844,0.23114898215406146,0.09946114888631367,2.9224171256341272e-08,7.590316489186321,0.1354302888561444,167.84064765381459,167.63846078365881,41.264145629514616,0.14444474216490524,2.9954550607473305,1.077786141593862,0.09169313253425748,1.3662146941946953,0.3631326163884494,20.0
4,9,0.09946114888631367,0.8751697381289617,0.05235478644442072,57.92863533653849,0.18788854945322314,0.18788854945322314,0.11077686643308844,0.23114898215406146,0.09946114888631367,2.9224171256341272e-08,7.590316489186321,0.1354302888561444,167.84064765381459,167.63846078365881,41.264145629514616,0.14444474216490524,2.9954550607473305,1.077786141593862,0.09169313253425748,1.3662146941946953,0.3631326163884494,20.0
4,10,0.09946114888631367,0.8751697381289617,0.05235478644442072,57.92863533653849,0.18788854945322314,0.18788854945322314,0.11077686643308844,0.23114898215406146,0.09946114888631367,2.9224171256341272e-08,7.590316489186321,0.1354302888561444,167.84064765381459,167.63846078365881,41.264145629514616,0.14444474216490524,2.9954550607473305,1.077786141593862,0.09169313253425748,1.3662146941946953,0.3631326163884494,20.0
5,1,0.04709028909384725,0.9999856681328864,0.032992813487946596,17.1965999418721,0.17330692789150273,0.17330692789150273,1.4222740100714111e-05,0.0019799179897224575,0.04709028909384725,0.00010601568915148976,7.770291411505986,0.49942256856291634,56.26816845331602,149.0375652198514,29.534694789737642,0.12492159411990506,5.848057094559351,0.4915323194338331,0.06179595623431937,1.598276243597539,0.4184190118150722,20.0
5,2,0.06375745372141482,0.9994846076470075,0.04467007368431087,17.1965999418721,0.1734631647208898,0.1734631647208898,0.00015717717002976074,0.005075699823316532,0.06375745372141482,0.000129280818891793,7.770291411505986,0.49942256856291634,56.26816845331602,149.0375652198514,29.534694789737642,0.12492159411990506,5.848057094559351,0.4915323194338331,0.06179595623431937,1.598276243597539,0.4184190118150722,20.0
5,3,0.06376353490400212,0.9993916499449697,0.04467433242124182,17.1965999418721,0.17346317216835336,0.17346317216835336,0.00017213956139504688,0.005094821403350012,0.06376353490400212,0.0001292825282023408,7.770291411505986,0.49942256856291634,56.26816845331602,149.0375652198514,29.534694789737642,0.12492159411990506,5.848057094559351,0.4915323194338331,0.06179595623431937,1.598276243597539,0.4184190118150722,20.0
5,4,0.06376353509528605,0.9993916439891155,0.04467433255517782,17.1965999418721,0.17346317216847426,0.17346317216847426,0.0001721403711959189,0.005094822228968378,0.06376353509528605,0.00012928252823713634,7.770291411505986,0.49942256856291634,56.26816845331602,149.0375652198514,29.534694789737642,0.12492159411990506,5.848057094559351,0.4915323194338331,0.06179595623431937,1.598276243597539,0.4184190118150722,20.0
5,5,0.06376353509528838,0.999391643989005,0.044674332555179455,17.1965999418721,0.17346317216847426,0.17346317216847426,0.0001721403712092055,0.005094822228980171,0.06376353509528838,0.0001292825282371367,7.770291411505986,0.49942256856291634,56.26816845331602,149.0375652198514,29.534694789737642,0.12492159411990506,5.848057094559351,0.4915323194338331,0.06179595623431937,1.598276243597539,0.4184190118150722,20.0
5,6,0.06376353509528838,0.999391643989005,0.044674332555179455,17.1965999418721,0.17346317216847426,0.17346317216847426,0.00017214037120920561,0.005094822228980171,0.06376353509528838,0.0001292825282371367,7.770291411505986,0.49942256856291634,56.26816845331602,149.0375652198514,29.534694789737642,0.12492159411990506,5.848057094559351,0.4915323194338331,0.06179595623431937,1.598276243597539,0.4184190118150722,20.0
5,7,0.06376353509528838,0.999391643989005,0.044674332555179455,17.1965999418721,0.17346317216847426,0.17346317216847426,0.00017214037120920561,0.005094822228980171,0.06376353509528838,0.0001292825282371367,7.770291411505986,0.49942256856291634,56.26816845331602,149.0375652198514,29.534694789737642,0.12492159411990506,5.848057094559351,0.4915323194338331,0.06179595623431937,1.598276243597539,0.4184190118150722,20.0
5,8,0.06376353509528838,0.999391643989005,0.044674332555179455,17.1965999418721,0.17346317216847426,0.17346317216847426,0.00017214037120920561,0.005094822228980171,0.06376353509528838,0.0001292825282371367,7.770291411505986,0.49942256856291634,56.26816845331602,149.0375652198514,29.534694789737642,0.12492159411990506,5.848057094559351,0.4915323194338331,0.06179595623431937,1.598276243597539,0.4184190118150722,20.0
5,9,0.06376353509528838,0.999391643989005,0.044674332555179455,17.1965999418721,0.17346317216847426,0.17346317216847426,0.00017214037120920561,0.005094822228980171,0.06376353509528838,0.0001292825282371367,7.770291411505986,0.49942256856291634,56.26816845331602,149.0375652198514,29.534694789737642,0.12492159411990506,5.848057094559351,0.4915323194338331,0.06179595623431937,1.598276243597539,0.4184190118150722,20.0
5,10,0.06376353509528838,0.999391643989005,0.044674332555179455,17.1965999418721,0.17346317216847426,0.17346317216847426,0.00017214037120920561,0.005094822228980171,0.06376353509528838,0.0001292825282371367,7.770291411505986,0.49942256856291634,56.26816845331602,149.0375652198514,29.534694789737642,0.12492159411990506,5.848057094559351,0.4915323194338331,0.06179595623431937,1.598276243597539,0.4184190118150722,20.0
6,1,0.030694621590899297,0.9999994170359574,0.023393790605880527,7.694509085956444,0.17892653168691058,0.17892653168691058,5.682678376222207e-07,0.00024147440278663625,0.030694621590899297,0.0007254170881261112,4.484451530147424,0.7401293101682412,40.14048244268247,134.27386480159538,58.551915038534176,0.1495137813490781,5.869968519852739,0.9119689973264329,0.06493367596493976,1.6216842771179467,0.37677648892267246,20.0
6,2,0.04629835748646536,0.9972018467389675,0.03528607224790984,7.694509085956444,0.1802770072786572,0.1802770072786572,0.0005368217446734817,0.001432245998974888,0.04629835748646536,0.0009461251616752493,4.484451530147424,0.7401293101682412,40.14048244268247,134.27386480159538,58.551915038534176,0.1495137813490781,5.869968519852739,0.9119689973264329,0.06493367596493976,1.6216842771179467,0.37677648892267246,20.0
6,3,0.046353619785720966,0.9963727976964292,0.035328171998235444,7.694509085956444,0.18027718629128647,0.18027718629128647,0.0006929679335155255,0.0016136883663215094,0.046353619785720966,0.0009461716747747248,4.484451530147424,0.7401293101682412,40.14048244268247,134.27386480159538,58.551915038534176,0.1495137813490781,5.869968519852739,0.9119689973264329,0.06493367596493976,1.6216842771179467,0.37677648892267246,20.0
6,4,0.04635362477612731,0.9963726428439185,0.03532817579928832,7.694509085956444,0.18027718629648892,0.18027718629648892,0.0006929932446593618,0.001613711753593126,0.04635362477612731,0.0009461716764557325,4.484451530147424,0.7401293101682412,40.14048244268247,134.27386480159538,58.551915038534176,0.1495137813490781,5.869968519852739,0.9119689973264329,0.06493367596493976,1.6216842771179467,0.37677648892267246,20.0
6,5,0.04635362477624097,0.9963726428387141,0.03532817579937488,7.694509085956444,0.180277186296489,0.180277186296489,0.0006929932454350951,0.0016137117542212782,0.04635362477624097,0.0009461716764557559,4.484451530147424,0.7401293101682412,40.14048244268247,134.27386480159538,58.551915038534176,0.1495137813490781,5.869968519852739,0.9119689973264329,0.06493367596493976,1.6216842771179467,0.37677648892267246,20.0
6,6,0.04635362477624097,0.9963726428387141,0.03532817579937488,7.694509085956444,0.180277186296489,0.180277186296489,0.0006929932454351053,0.0016137117542212858,0.04635362477624097,0.0009461716764557559,4.484451530147424,0.7401293101682412,40.14048244268247,134.27386480159538,58.551915038534176,0.1495137813490781,5.869968519852739,0.9119689973264329,0.06493367596493976,1.6216842771179467,0.37677648892267246,20.0
6,7,0.04635362477624097,0.9963726428387141,0.03532817579937488,7.694509085956444,0.180277186296489,0.180277186296489,0.0006929932454351053,0.0016137117542212858,0.04635362477624097,0.0009461716764557559,4.484451530147424,0.7401293101682412,40.14048244268247,134.27386480159538,58.551915038534176,0.1495137813490781,5.869968519852739,0.9119689973264329,0.06493367596493976,1.6216842771179467,0.37677648892267246,20.0
6,8,0.04635362477624097,0.9963726428387141,0.03532817579937488,7.694509085956444,0.180277186296489,0.180277186296489,0.0006929932454351053,0.0016137117542212858,0.04635362477624097,0.0009461716764557559,4.484451530147424,0.7401293101682412,40.14048244268247,134.27386480159538,58.551915038534176,0.1495137813490781,5.869968519852739,0.9119689973264329,0.06493367596493976,1.6216842771179467,0.37677648892267246,20.0
6,9,0.04635362477624097,0.9963726428387141,0.03532817579937488,7.694509085956444,0.180277186296489,0.180277186296489,0.0006929932454351053,0.0016137117542212858,0.04635362477624097,0.0009461716764557559,4.484451530147424,0.7401293101682412,40.14048244268247,134.27386480159538,58.551915038534176,0.1495137813490781,5.869968519852739,0.9119689973264329,0.06493367596493976,1.6216842771179467,0.37677648892267246,20.0
6,10,0.04635362477624097,0.9963726428387141,0.03532817579937488,7.694509085956444,0.180277186296489,0.180277186296489,0.0006929932454351053,0.0016137117542212858,0.04635362477624097,0.0009461716764557559,4.484451530147424,0.7401293101682412,40.14048244268247,134.27386480159538,58.551915038534176,0.1495137813490781,5.869968519852739,0.9119689973264329,0.06493367596493976,1.6216842771179467,0.37677648892267246,20.0
7,1,0.012926958740930135,0.9999999996630072,0.006920774593634753,7.342489621088263,0.2822706833779799,0.2822706833779799,1.1142536461771167e-26,2.7046914902886257e-23,0.012926958740930135,0.023977679846973438,3.9409107282016573,0.7273768469607531,178.99936394856724,155.13159133195805,74.63942375712914,0.026064415596546202,4.62979553760076,1.0016375558052577,0.1781027011357798,1.9407618532929214,0.4303372079896338,20.0
7,2,0.08738047487112152,0.7733234529220019,0.04680977582077577,7.342489621088263,0.30347160964912084,0.30347160964912084,0.038697609488077794,0.06321370702186316,0.08738047487112152,0.03147916260785258,3.9409107282016573,0.7273768469607531,178.99936394856724,155.13159133195805,74.63942375712914,0.026064415596546202,4.62979553760076,1.0016375558052577,0.1781027011357798,1.9407618532929214,0.4303372079896338,20.0
7,3,0.09022762885040216,0.7454216746917685,0.04833497665733675,7.342489621088263,0.30347823209880387,0.30347823209880387,0.043590634778118934,0.06973977223214675,0.09022762885040216,0.03148690918033919,3.9409107282016573,0.7273768469607531,178.99936394856724,155.13159133195805,74.63942375712914,0.026064415596546202,4.62979553760076,1.0016375558052577,0.1781027011357798,1.9407618532929214,0.4303372079896338,20.0
7,4,0.0902277525464535,0.7454065512888708,0.0483350428955797,7.342489621088263,0.3034782321001474,0.3034782321001474,0.04359136114655866,0.06974046362199089,0.0902277525464535,0.03148690918264879,3.9409107282016573,0.7273768469607531,178.99936394856724,155.13159133195805,74.63942375712914,0.026064415596546202,4.62979553760076,1.0016375558052577,0.1781027011357798,1.9407618532929214,0.4303372079896338,20.0
7,5,0.0902277525464609,0.7454065512856117,0.048335042895583664,7.342489621088263,0.3034782321001474,0.3034782321001474,0.04359136114662873,0.06974046362204625,0.0902277525464609,0.03148690918264879,3.9409107282016573,0.7273768469607531,178.99936394856724,155.13159133195805,74.63942375712914,0.026064415596546202,4.62979553760076,1.0016375558052577,0.1781027011357798,1.9407618532929214,0.4303372079896338,20.0
7,6,0.0902277525464609,0.7454065512856117,0.048335042895583664,7.342489621088263,0.3034782321001474,0.3034782321001474,0.04359136114662873,0.06974046362204625,0.0902277525464609,0.03148690918264879,3.9409107282016573,0.7273768469607531,178.99936394856724,155.13159133195805,74.63942375712914,0.026064415596546202,4.62979553760076,1.0016375558052577,0.1781027011357798,1.9407618532929214,0.4303372079896338,20.0
7,7,0.0902277525464609,0.7454065512856117,0.048335042895583664,7.342489621088263,0.3034782321001474,0.3034782321001474,0.04359136114662873,0.06974046362204625,0.0902277525464609,0.03148690918264879,3.9409107282016573,0.7273768469607531,178.99936394856724,155.13159133195805,74.63942375712914,0.026064415596546202,4.62979553760076,1.0016375558052577,0.1781027011357798,1.9407618532929214,0.4303372079896338,20.0
7,8,0.0902277525464609,0.7454065512856117,0.048335042895583664,7.342489621088263,0.3034782321001474,0.3034782321001474,0.04359136114662873,0.06974046362204625,0.0902277525464609,0.03148690918264879,3.9409107282016573,0.7273768469607531,178.99936394856724,155.13159133195805,74.63942375712914,0.026064415596546202,4.62979553760076,1.0016375558052577,0.1781027011357798,1.9407618532929214,0.4303372079896338,20.0
7,9,0.0902277525464609,0.7454065512856117,0.048335042895583664,7.342489621088263,0.3034782321001474,0.3034782321001474,0.04359136114662873,0.06974046362204625,0.0902277525464609,0.03148690918264879,3.9409107282016573,0.7273768469607531,178.99936394856724,155.13159133195805,74.63942375712914,0.026064415596546202,4.62979553760076,1.0016375558052577,0.1781027011357798,1.9407618532929214,0.4303372079896338,20.0
7,10,0.0902277525464609,0.7454065512856117,0.048335042895583664,7.342489621088263,0.3034782321001474,0.3034782321001474,0.04359136114662873,0.06974046362204625,0.0902277525464609,0.03148690918264879,3.9409107282016573,0.7273768469607531,178.99936394856724,155.13159133195805,74.63942375712914,0.026064415596546202,4.62979553760076,1.0016375558052577,0.1781027011357798,1.9407618532929214,0.4303372079896338,20.0
8,1,0.0366947757500046,0.9999999998268613,0.026720480894510793,34.65135134046367,0.0671032222406151,0.0671032222406151,7.960373296436254e-30,2.76704103844822e-19,0.0366947757500046,0.00010608287749818744,7.574246079603553,0.22776799700546452,38.71300755124934,121.98706347088333,35.45302079650027,0.08806909675488934,3.28767951833609,1.2612556412946314,0.119443488368168,1.8336154411775114,0.30138570585213353,20.0
8,2,0.055817223858622554,0.999562578102511,0.04064511950414866,34.65135134046367,0.06731051127281155,0.06731051127281155,9.310545449247757e-05,0.000152685729134744,0.055817223858622554,0.00014385718610802277,7.574246079603553,0.22776799700546452,38.71300755124934,121.98706347088333,35.45302079650027,0.08806909675488934,3.28767951833609,1.2612556412946314,0.119443488368168,1.8336154411775114,0.30138570585213353,20.0
8,3,0.05585932611357481,0.999407940836507,0.04067577048824044,34.65135134046367,0.06731051290973578,0.06731051290973578,0.0001260050313884681,0.00020616588147682005,0.05585932611357481,0.0001438576909649381,7.574246079603553,0.22776799700546452,38.71300755124934,121.98706347088333,35.45302079650027,0.08806909675488934,3.28767951833609,1.2612556412946314,0.119443488368168,1.8336154411775114,0.30138570585213353,20.0
8,4,0.055859326382287036,0.9994079388846104,0.040675770683836855,34.65135134046367,0.06731051290973757,0.06731051290973757,0.00012600542168312605,0.00020616643790275058,0.055859326382287036,0.00014385769096565603,7.574246079603553,0.22776799700546452,38.71300755124934,121.98706347088333,35.45302079650027,0.08806909675488934,3.28767951833609,1.2612556412946314,0.119443488368168,1.8336154411775114,0.30138570585213353,20.0
8,5,0.05585932638228729,0.9994079388846078,0.04067577068383704,34.65135134046367,0.06731051290973757,0.06731051290973757,0.00012600542168363647,0.00020616643790341636,0.05585932638228729,0.00014385769096565603,7.574246079603553,0.22776799700546452,38.71300755124934,121.98706347088333,35.45302079650027,0.08806909675488934,3.28767951833609,1.2612556412946314,0.119443488368168,1.8336154411775114,0.30138570585213353,20.0
8,6,0.05585932638228729,0.9994079388846078,0.04067577068383704,34.65135134046367,0.06731051290973757,0.06731051290973757,0.00012600542168363647,0.00020616643790341636,0.05585932638228729,0.00014385769096565603,7.574246079603553,0.22776799700546452,38.71300755124934,121.98706347088333,35.45302079650027,0.08806909675488934,3.28767951833609,1.2612556412946314,0.119443488368168,1.8336154411775114,0.30138570585213353,20.0
8,7,0.05585932638228729,0.9994079388846078,0.04067577068383704,34.65135134046367,0.06731051290973757,0.06731051290973757,0.00012600542168363647,0.00020616643790341636,0.05585932638228729,0.00014385769096565603,7.574246079603553,0.22776799700546452,38.71300755124934,121.98706347088333,35.45302079650027,0.08806909675488934,3.28767951833609,1.2612556412946314,0.119443488368168,1.8336154411775114,0.30138570585213353,20.0
8,8,0.05585932638228729,0.9994079388846078,0.04067577068383704,34.65135134046367,0.06731051290973757,0.06731051290973757,0.00012600542168363647,0.00020616643790341636,0.05585932638228729,0.00014385769096565603,7.574246079603553,0.22776799700546452,38.71300755124934,121.98706347088333,35.45302079650027,0.08806909675488934,3.28767951833609,1.2612556412946314,0.119443488368168,1.8336154411775114,0.30138570585213353,20.0
8,9,0.05585932638228729,0.9994079388846078,0.04067577068383704,34.65135134046367,0.06731051290973757,0.06731051290973757,0.00012600542168363647,0.00020616643790341636,0.05585932638228729,0.00014385769096565603,7.574246079603553,0.22776799700546452,38.71300755124934,121.98706347088333,35.45302079650027,0.08806909675488934,3.28767951833609,1.2612556412946314,0.119443488368168,1.8336154411775114,0.30138570585213353,20.0
8,10,0.05585932638228729,0.9994079388846078,0.04067577068383704,34.65135134046367,0.06731051290973757,0.06731051290973757,0.00012600542168363647,0.00020616643790341636,0.05585932638228729,0.00014385769096565603,7.574246079603553,0.22776799700546452,38.71300755124934,121.98706347088333,35.45302079650027,0.08806909675488934,3.28767951833609,1.2612556412946314,0.119443488368168,1.8336154411775114,0.30138570585213353,20.0
9,1,0.10427947706968106,0.9990854993422084,0.0581330250943297,9.913183864388103,0.20394777526666436,0.20394777526666436,0.0020263889457303418,0.05800067750401388,0.10427947706968106,0.00011291250992664032,6.9871894379590795,0.8864036813235469,172.8047184930893,163.13696263786736,79.83748220041248,0.11705180153415408,4.160541270763066,1.3081930088209683,0.07772542264272815,1.5687196525315805,0.46771174725137366,20.0
9,2,0.11287557263867949,0.995069246849651,0.06292221942198137,9.913183864388103,0.2039485987805536,0.2039485987805536,0.010257393889501292,0.11221003032647014,0.11287557263867949,0.0001130779973615467,6.9871894379590795,0.8864036813235469,172.8047184930893,163.13696263786736,79.83748220041248,0.11705180153415408,4.160541270763066,1.3081930088209683,0.07772542264272815,1.5687196525315805,0.46771174725137366,20.0
9,3,0.11287557400547062,0.9950688583876655,0.06292222018301977,9.913183864388103,0.20394859878055893,0.20394859878055893,0.010257410593972087,0.11221004673302254,0.11287557400547062,0.00011307799736324156,6.9871894379590795,0.8864036813235469,172.8047184930893,163.13696263786736,79.83748220041248,0.11705180153415408,4.160541270763066,1.3081930088209683,0.07772542264272815,1.5687196525315805,0.46771174725137366,20.0
9,4,0.11287557400547062,0.9950688583876629,0.06292222018301977,9.913183864388103,0.20394859878055893,0.20394859878055893,0.01025741059397212,0.11221004673302257,0.11287557400547062,0.00011307799736324156,6.9871894379590795,0.8864036813235469,172.8047184930893,163.13696263786736,79.83748220041248,0.11705180153415408,4.160541270763066,1.3081930088209683,0.07772542264272815,1.5687196525315805,0.46771174725137366,20.0
9,5,0.11287557400547062,0.9950688583876629,0.06292222018301977,9.913183864388103,0.20394859878055893,0.20394859878055893,0.01025741059397212,0.11221004673302257,0.11287557400547062,0.00011307799736324156,6.9871894379590795,0.8864036813235469,172.8047184930893,163.13696263786736,79.83748220041248,0.11705180153415408,4.160541270763066,1.3081930088209683,0.07772542264272815,1.5687196525315805,0.46771174725137366,20.0
9,6,0.11287557400547062,0.9950688583876629,0.06292222018301977,9.913183864388103,0.20394859878055893,0.20394859878055893,0.01025741059397212,0.11221004673302257,0.11287557400547062,0.00011307799736324156,6.9871894379590795,0.8864036813235469,172.8047184930893,163.13696263786736,79.83748220041248,0.11705180153415408,4.160541270763066,1.3081930088209683,0.07772542264272815,1.5687196525315805,0.46771174725137366,20.0
9,7,0.11287557400547062,0.9950688583876629,0.06292222018301977,9.913183864388103,0.20394859878055893,0.20394859878055893,0.01025741059397212,0.11221004673302257,0.11287557400547062,0.00011307799736324156,6.9871894379590795,0.8864036813235469,172.8047184930893,163.13696263786736,79.83748220041248,0.11705180153415408,4.160541270763066,1.3081930088209683,0.07772542264272815,1.5687196525315805,0.46771174725137366,20.0
9,8,0.11287557400547062,0.9950688583876629,0.06292222018301977,9.913183864388103,0.20394859878055893,0.20394859878055893,0.01025741059397212,0.11221004673302257,0.11287557400547062,0.00011307799736324156,6.9871894379590795,0.8864036813235469,172.8047184930893,163.13696263786736,79.83748220041248,0.11705180153415408,4.160541270763066,1.3081930088209683,0.07772542264272815,1.5687196525315805,0.46771174725137366,20.0
9,9,0.11287557400547062,0.9950688583876629,0.06292222018301977,9.913183864388103,0.20394859878055893,0.20394859878055893,0.01025741059397212,0.11221004673302257,0.11287557400547062,0.00011307799736324156,6.9871894379590795,0.8864036813235469,172.8047184930893,163.13696263786736,79.83748220041248,0.11705180153415408,4.160541270763066,1.3081930088209683,0.07772542264272815,1.5687196525315805,0.46771174725137366,20.0
9,10,0.11287557400547062,0.9950688583876629,0.06292222018301977,9.913183864388103,0.20394859878055893,0.20394859878055893,0.01025741059397212,0.11221004673302257,0.11287557400547062,0.00011307799736324156,6.9871894379590795,0.8864036813235469,172.8047184930893,163.13696263786736,79.83748220041248,0.11705180153415408,4.160541270763066,1.3081930088209683,0.07772542264272815,1.5687196525315805,0.46771174725137366,20.0
10,1,0.07968559409858117,0.9999999847143548,0.035007063113058415,3.3612771518268016,0.34162267472523766,0.34162267472523766,2.045806338215786e-08,1.2663861628886797e-06,0.07968559409858117,0.07253227621153376,2.421188521594482,0.9511506480121221,141.0859405016717,36.749185708994254,89.64979467652314,0.05227798653165382,4.0545861133445875,1.4107775293993985,0.18648681528107688,1.7308132060271317,0.46918348209008076,20.0
10,2,0.11692591076185675,0.6802212027219364,0.051370669206797163,3.3612771518268016,0.3446616748146374,0.3446616748146374,0.02847560991578031,0.03070107767496527,0.11692591076185675,0.0753680198568083,2.421188521594482,0.9511506480121221,141.0859405016717,36.749185708994254,89.64979467652314,0.05227798653165382,4.0545861133445875,1.4107775293993985,0.18648681528107688,1.7308132060271317,0.46918348209008076,20.0
10,3,0.11694203122069062,0.6768913301395184,0.051377748542518586,3.3612771518268016,0.34466168008113185,0.34466168008113185,0.0285624529280157,0.030763839392682873,0.11694203122069062,0.07536802884324867,2.421188521594482,0.9511506480121221,141.0859405016717,36.749185708994254,89.64979467652314,0.05227798653165382,4.0545861133445875,1.4107775293993985,0.18648681528107688,1.7308132060271317,0.46918348209008076,20.0
10,4,0.11694203122199777,0.6768913242184245,0.051377748543092336,3.3612771518268016,0.34466168008113185,0.34466168008113185,0.02856245294610708,0.030763839401042572,0.11694203122199777,0.07536802884324871,2.421188521594482,0.9511506480121221,141.0859405016717,36.749185708994254,89.64979467652314,0.05227798653165382,4.0545861133445875,1.4107775293993985,0.18648681528107688,1.7308132060271317,0.46918348209008076,20.0
10,5,0.11694203122199777,0.6768913242184245,0.051377748543092336,3.3612771518268016,0.34466168008113185,0.34466168008113185,0.02856245294610708,0.030763839401042572,0.11694203122199777,0.07536802884324871,2.421188521594482,0.9511506480121221,141.0859405016717,36.749185708994254,89.64979467652314,0.05227798653165382,4.0545861133445875,1.4107775293993985,0.18648681528107688,1.7308132060271317,0.46918348209008076,20.0
10,6,0.11694203122199777,0.6768913242184245,0.051377748543092336,3.3612771518268016,0.34466168008113185,0.34466168008113185,0.02856245294610708,0.030763839401042572,0.11694203122199777,0.07536802884324871,2.421188521594482,0.9511506480121221,141.0859405016717,36.749185708994254,89.64979467652314,0.05227798653165382,4.0545861133445875,1.4107775293993985,0.18648681528107688,1.7308132060271317,0.46918348209008076,20.0
10,7,0.11694203122199777,0.6768913242184245,0.051377748543092336,3.3612771518268016,0.34466168008113185,0.34466168008113185,0.02856245294610708,0.030763839401042572,0.11694203122199777,0.07536802884324871,2.421188521594482,0.9511506480121221,141.0859405016717,36.749185708994254,89.64979467652314,0.05227798653165382,4.0545861133445875,1.4107775293993985,0.18648681528107688,1.7308132060271317,0.46918348209008076,20.0
10,8,0.11694203122199777,0.6768913242184245,0.051377748543092336,3.3612771518268016,0.34466168008113185,0.34466168008113185,0.02856245294610708,0.030763839401042572,0.11694203122199777,0.07536802884324871,2.421188521594482,0.9511506480121221,141.0859405016717,36.749185708994254,89.64979467652314,0.05227798653165382,4.0545861133445875,1.4107775293993985,0.18648681528107688,1.7308132060271317,0.46918348209008076,20.0
10,9,0.11694203122199777,0.6768913242184245,0.051377748543092336,3.3612771518268016,0.34466168008113185,0.34466168008113185,0.02856245294610708,0.030763839401042572,0.11694203122199777,0.07536802884324871,2.421188521594482,0.9511506480121221,141.0859405016717,36.749185708994254,89.64979467652314,0.05227798653165382,4.0545861133445875,1.4107775293993985,0.18648681528107688,1.7308132060271317,0.46918348209008076,20.0
10,10,0.11694203122199777,0.6768913242184245,0.051377748543092336,3.3612771518268016,0.34466168008113185,0.34466168008113185,0.02856245294610708,0.030763839401042572,0.11694203122199777,0.07536802884324871,2.421188521594482,0.9511506480121221,141.0859405016717,36.749185708994254,89.64979467652314,0.05227798653165382,4.0545861133445875,1.4107775293993985,0.18648681528107688,1.7308132060271317,0.46918348209008076,20.0
11,1,0.03226688347395179,0.9999762331059667,0.024604004597816257,14.39573118480084,0.2866358815238031,0.2866358815238031,1.76160599443492e-05,0.0016071391761909978,0.03226688347395179,0.0006014183690065125,7.492710526936354,0.6021044990126773,48.99112268603752,168.75077478794023,52.80411594766819,0.10459500757701737,5.334590400527828,1.4288099075349403,0.03170661848891596,1.1397974963670223,0.49138689114299894,20.0
11,2,0.04599046522916373,0.9971910873332465,0.035068249222794154,14.39573118480084,0.2911626483820246,0.2911626483820246,0.0006191695058853358,0.004997176089955668,0.04599046522916373,0.000789329570616931,7.492710526936354,0.6021044990126773,48.99112268603752,168.75077478794023,52.80411594766819,0.10459500757701737,5.334590400527828,1.4288099075349403,0.03170661848891596,1.1397974963670223,0.49138689114299894,20.0
11,3,0.046137531208928106,0.9963667941213121,0.03518036693074844,14.39573118480084,0.29117677384944596,0.29117677384944596,0.0007828131126307512,0.005267930573563088,0.046137531208928106,0.0007902580376099432,7.492710526936354,0.6021044990126773,48.99112268603752,168.75077478794023,52.80411594766819,0.10459500757701737,5.334590400527828,1.4288099075349403,0.03170661848891596,1.1397974963670223,0.49138689114299894,20.0
11,4,0.04613791378559982,0.9963629666508903,0.03518065856913154,14.39573118480084,0.29117679725867995,0.29117679725867995,0.0007835194665920687,0.005268907895029548,0.04613791378559982,0.0007902599885153762,7.492710526936354,0.6021044990126773,48.99112268603752,168.75077478794023,52.80411594766819,0.10459500757701737,5.334590400527828,1.4288099075349403,0.03170661848891596,1.1397974963670223,0.49138689114299894,20.0
11,5,0.04613791434420398,0.9963629589431664,0.03518065899493315,14.39573118480084,0.29117679728517143,0.29117679728517143,0.0007835208165718846,0.005268909577778463,0.04613791434420398,0.0007902599910877738,7.492710526936354,0.6021044990126773,48.99112268603752,168.75077478794023,52.80411594766819,0.10459500757701737,5.334590400527828,1.4288099075349403,0.03170661848891596,1.1397974963670223,0.49138689114299894,20.0
11,6,0.046137914344777944,0.99636295893333,0.03518065899537065,14.39573118480084,0.29117679728519436,0.29117679728519436,0.0007835208182274723,0.005268909579697521,0.046137914344777944,0.0007902599910902646,7.492710526936354,0.6021044990126773,48.99112268603752,168.75077478794023,52.80411594766819,0.10459500757701737,5.334590400527828,1.4288099075349403,0.03170661848891596,1.1397974963670223,0.49138689114299894,20.0
11,7,0.046137914344778395,0.9963629589333207,0.035180658995371,14.39573118480084,0.2911767972851944,0.2911767972851944,0.0007835208182289841,0.00526890957969918,0.046137914344778395,0.0007902599910902667,7.492710526936354,0.6021044990126773,48.99112268603752,168.75077478794023,52.80411594766819,0.10459500757701737,5.334590400527828,1.4288099075349403,0.03170661848891596,1.1397974963670223,0.49138689114299894,20.0
11,8,0.046137914344778395,0.9963629589333207,0.035180658995371004,14.39573118480084,0.2911767972851944,0.2911767972851944,0.0007835208182289851,0.005268909579699181,0.046137914344778395,0.0007902599910902667,7.492710526936354,0.6021044990126773,48.99112268603752,168.75077478794023,52.80411594766819,0.10459500757701737,5.334590400527828,1.4288099075349403,0.03170661848891596,1.1397974963670223,0.49138689114299894,20.0
11,9,0.046137914344778395,0.9963629589333207,0.035180658995371004,14.39573118480084,0.2911767972851944,0.2911767972851944,0.0007835208182289851,0.005268909579699181,0.046137914344778395,0.0007902599910902667,7.492710526936354,0.6021044990126773,48.99112268603752,168.75077478794023,52.80411594766819,0.10459500757701737,5.334590400527828,1.4288099075349403,0.03170661848891596,1.1397974963670223,0.49138689114299894,20.0
11,10,0.046137914344778395,0.9963629589333207,0.035180658995371004,14.39573118480084,0.2911767972851944,0.2911767972851944,0.0007835208182289851,0.005268909579699181,0.046137914344778395,0.0007902599910902667,7.492710526936354,0.6021044990126773,48.99112268603752,168.75077478794023,52.80411594766819,0.10459500757701737,5.334590400527828,1.4288099075349403,0.03170661848891596,1.1397974963670223,0.49138689114299894,20.0
12,1,0.03071429758913083,0.9999999998778044,0.023866848306905483,9.205023152381397,0.022707418002258083,0.022707418002258083,7.99389718631381e-16,6.1562140049984925e-12,0.03071429758913083,0.0017986034205172748,3.1215969735641824,0.4504921549264878,56.429602444476075,188.6870845676396,77.76971352239696,0.02759470539371324,5.625561438830086,0.3232786043907606,0.08443677410000949,1.7119659543726073,0.31060657432910294,20.0
12,2,0.04215302575358159,0.9925327812207182,0.03275538323805141,9.205023152381397,0.023120310621892303,0.023120310621892303,0.0012283121066611379,0.001545405240890992,0.04215302575358159,0.0022519912509649164,3.1215969735641824,0.4504921549264878,56.429602444476075,188.6870845676396,77.76971352239696,0.02759470539371324,5.625561438830086,0.3232786043907606,0.08443677410000949,1.7119659543726073,0.31060657432910294,20.0
12,3,0.04225070572018581,0.9907158541415315,0.03283126077454422,9.205023152381397,0.023120312749659873,0.023120312749659873,0.0015286179061846557,0.0019161165281801956,0.04225070572018581,0.0022519954345292252,3.1215969735641824,0.4504921549264878,56.429602444476075,188.6870845676396,77.76971352239696,0.02759470539371324,5.625561438830086,0.3232786043907606,0.08443677410000949,1.7119659543726073,0.31060657432910294,20.0
12,4,0.0422507060099259,0.990715840141328,0.03283126099956222,9.205023152381397,0.02312031274966032,0.02312031274966032,0.001528619753164041,0.0019161183189987474,0.0422507060099259,0.0022519954345303446,3.1215969735641824,0.4504921549264878,56.429602444476075,188.6870845676396,77.76971352239696,0.02759470539371324,5.625561438830086,0.3232786043907606,0.08443677410000949,1.7119659543726073,0.31060657432910294,20.0
12,5,0.04225070600992594,0.9907158401413245,0.03283126099956225,9.205023152381397,0.02312031274966032,0.02312031274966032,0.0015286197531644314,0.001916118318999077,0.04225070600992594,0.0022519954345303446,3.1215969735641824,0.4504921549264878,56.429602444476075,188.6870845676396,77.76971352239696,0.02759470539371324,5.625561438830086,0.3232786043907606,0.08443677410000949,1.7119659543726073,0.31060657432910294,20.0
12,6,0.04225070600992594,0.9907158401413245,0.03283126099956225,9.205023152381397,0.02312031274966032,0.02312031274966032,0.0015286197531644314,0.001916118318999077,0.04225070600992594,0.0022519954345303446,3.1215969735641824,0.4504921549264878,56.429602444476075,188.6870845676396,77.76971352239696,0.02759470539371324,5.625561438830086,0.3232786043907606,0.08443677410000949,1.7119659543726073,0.31060657432910294,20.0
12,7,0.04225070600992594,0.9907158401413245,0.03283126099956225,9.205023152381397,0.02312031274966032,0.02312031274966032,0.0015286197531644314,0.001916118318999077,0.04225070600992594,0.0022519954345303446,3.1215969735641824,0.4504921549264878,56.429602444476075,188.6870845676396,77.76971352239696,0.02759470539371324,5.625561438830086,0.3232786043907606,0.08443677410000949,1.7119659543726073,0.31060657432910294,20.0
12,8,0.04225070600992594,0.9907158401413245,0.03283126099956225,9.205023152381397,0.02312031274966032,0.02312031274966032,0.0015286197531644314,0.001916118318999077,0.04225070600992594,0.0022519954345303446,3.1215969735641824,0.4504921549264878,56.429602444476075,188.6870845676396,77.76971352239696,0.02759470539371324,5.625561438830086,0.3232786043907606,0.08443677410000949,1.7119659543726073,0.31060657432910294,20.0
12,9,0.04225070600992594,0.9907158401413245,0.03283126099956225,9.205023152381397,0.02312031274966032,0.02312031274966032,0.0015286197531644314,0.001916118318999077,0.04225070600992594,0.0022519954345303446,3.1215969735641824,0.4504921549264878,56.429602444476075,188.6870845676396,77.76971352239696,0.02759470539371324,5.625561438830086,0.3232786043907606,0.08443677410000949,1.7119659543726073,0.31060657432910294,20.0
12,10,0.04225070600992594,0.9907158401413245,0.03283126099956225,9.205023152381397,0.02312031274966032,0.02312031274966032,0.0015286197531644314,0.001916118318999077,0.04225070600992594,0.0022519954345303446,3.1215969735641824,0.4504921549264878,56.429602444476075,188.6870845676396,77.76971352239696,0.02759470539371324,5.625561438830086,0.3232786043907606,0.08443677410000949,1.7119659543726073,0.31060657432910294,20.0
13,1,0.08746202663991251,0.9999900033687559,0.051919411176956316,22.1474050708753,0.09770211044501564,0.09770211044501564,1.707228577262808e-05,0.0016441637732930918,0.08746202663991251,9.857575534036292e-07,7.5329438801924535,0.36708420750590753,115.94192810212313,126.5785760508814,72.11903595245505,0.10519523751364136,3.833046262104453,0.4771028862085844,0.10674230899432953,1.9595231977052903,0.37389221012903795,20.0
13,2,0.10243998822023934,0.9999443489812833,0.06081043911548355,22.1474050708753,0.09770216643297025,0.09770216643297025,9.098833616888623e-05,0.004768520877207477,0.10243998822023934,1.01243626114151e-06,7.5329438801924535,0.36708420750590753,115.94192810212313,126.5785760508814,72.11903595245505,0.10519523751364136,3.833046262104453,0.4771028862085844,0.10674230899432953,1.9595231977052903,0.37389221012903795,20.0
13,3,0.10243998879468165,0.9999442791730443,0.06081043945619442,22.1474050708753,0.09770216643297028,0.09770216643297028,9.099237182585437e-05,0.004768524595660195,0.10243998879468165,1.0124362611731934e-06,7.5329438801924535,0.36708420750590753,115.94192810212313,126.5785760508814,72.11903595245505,0.10519523751364136,3.833046262104453,0.4771028862085844,0.10674230899432953,1.9595231977052903,0.37389221012903795,20.0
13,4,0.10243998879468165,0.9999442791730442,0.06081043945619442,22.1474050708753,0.09770216643297028,0.09770216643297028,9.099237182585605e-05,0.004768524595660196,0.10243998879468165,1.0124362611731934e-06,7.5329438801924535,0.36708420750590753,115.94192810212313,126.5785760508814,72.11903595245505,0.10519523751364136,3.833046262104453,0.4771028862085844,0.10674230899432953,1.9595231977052903,0.37389221012903795,20.0
13,5,0.10243998879468165,0.9999442791730442,0.06081043945619442,22.1474050708753,0.09770216643297028,0.09770216643297028,9.099237182585605e-05,0.004768524595660196,0.10243998879468165,1.0124362611731934e-06,7.5329438801924535,0.36708420750590753,115.94192810212313,126.5785760508814,72.11903595245505,0.10519523751364136,3.833046262104453,0.4771028862085844,0.10674230899432953,1.9595231977052903,0.37389221012903795,20.0
13,6,0.10243998879468165,0.9999442791730442,0.06081043945619442,22.1474050708753,0.09770216643297028,0.09770216643297028,9.099237182585605e-05,0.004768524595660196,0.10243998879468165,1.0124362611731934e-06,7.5329438801924535,0.36708420750590753,115.94192810212313,126.5785760508814,72.11903595245505,0.10519523751364136,3.833046262104453,0.4771028862085844,0.10674230899432953,1.9595231977052903,0.37389221012903795,20.0
13,7,0.10243998879468165,0.9999442791730442,0.06081043945619442,22.1474050708753,0.09770216643297028,0.09770216643297028,9.099237182585605e-05,0.004768524595660196,0.10243998879468165,1.0124362611731934e-06,7.5329438801924535,0.36708420750590753,115.94192810212313,126.5785760508814,72.11903595245505,0.10519523751364136,3.833046262104453,0.4771028862085844,0.10674230899432953,1.9595231977052903,0.37389221012903795,20.0
13,8,0.10243998879468165,0.9999442791730442,0.06081043945619442,22.1474050708753,0.09770216643297028,0.09770216643297028,9.099237182585605e-05,0.004768524595660196,0.10243998879468165,1.0124362611731934e-06,7.5329438801924535,0.36708420750590753,115.94192810212313,126.5785760508814,72.11903595245505,0.10519523751364136,3.833046262104453,0.4771028862085844,0.10674230899432953,1.9595231977052903,0.37389221012903795,20.0
13,9,0.10243998879468165,0.9999442791730442,0.06081043945619442,22.1474050708753,0.09770216643297028,0.09770216643297028,9.099237182585605e-05,0.004768524595660196,0.10243998879468165,1.0124362611731934e-06,7.5329438801924535,0.36708420750590753,115.94192810212313,126.5785760508814,72.11903595245505,0.10519523751364136,3.833046262104453,0.4771028862085844,0.10674230899432953,1.9595231977052903,0.37389221012903795,20.0
13,10,0.10243998879468165,0.9999442791730442,0.06081043945619442,22.1474050708753,0.09770216643297028,0.09770216643297028,9.099237182585605e-05,0.004768524595660196,0.10243998879468165,1.0124362611731934e-06,7.5329438801924535,0.36708420750590753,115.94192810212313,126.5785760508814,72.11903595245505,0.10519523751364136,3.833046262104453,0.4771028862085844,0.10674230899432953,1.9595231977052903,0.37389221012903795,20.0
14,1,0.13256840222228244,0.9999838991221611,0.04215642392312367,4.604645734090304,0.3050783455858672,0.3050783455858672,1.5990590858507467e-05,0.0004841763199016725,0.13256840222228244,0.07307471934378017,2.2015396010121373,0.5621167857799865,139.2920313959526,63.24324432201532,11.139381451095185,0.05442006806668516,3.124644650861972,1.4944036201724378,0.13440493854422755,1.951861335197639,0.47170468789731507,20.0
14,2,0.1904788951430686,0.6708974217676136,0.060576539260635526,4.604645734090304,0.31090180915886295,0.31090180915886295,0.028382942354747167,0.03400558725954436,0.1904788951430686,0.0782611261791098,2.2015396010121373,0.5621167857799865,139.2920313959526,63.24324432201532,11.139381451095185,0.05442006806668516,3.124644650861972,1.4944036201724378,0.13440493854422755,1.951861335197639,0.47170468789731507,20.0
14,3,0.190559473572675,0.6639465264473015,0.060602156362689064,4.604645734090304,0.3109022179682318,0.3109022179682318,0.028626856499588002,0.034196477502522575,0.190559473572675,0.07826175810157959,2.2015396010121373,0.5621167857799865,139.2920313959526,63.24324432201532,11.139381451095185,0.05442006806668516,3.124644650861972,1.4944036201724378,0.13440493854422755,1.951861335197639,0.47170468789731507,20.0
14,4,0.19055947409017662,0.6639460229883414,0.06060215652714575,4.604645734090304,0.31090221796891965,0.31090221796891965,0.028626859960309673,0.034196479336200826,0.19055947409017662,0.07826175810291722,2.2015396010121373,0.5621167857799865,139.2920313959526,63.24324432201532,11.139381451095185,0.05442006806668516,3.124644650861972,1.4944036201724378,0.13440493854422755,1.951861335197639,0.47170468789731507,20.0
14,5,0.19055947409017684,0.6639460229874985,0.06060215652714582,4.604645734090304,0.31090221796891965,0.31090221796891965,0.02862685996031163,0.034196479336201666,0.19055947409017684,0.07826175810291722,2.2015396010121373,0.5621167857799865,139.2920313959526,63.24324432201532,11.139381451095185,0.05442006806668516,3.124644650861972,1.4944036201724378,0.13440493854422755,1.951861335197639,0.47170468789731507,20.0
14,6,0.19055947409017684,0.6639460229874985,0.06060215652714582,4.604645734090304,0.31090221796891965,0.31090221796891965,0.02862685996031163,0.034196479336201666,0.19055947409017684,0.07826175810291722,2.2015396010121373,0.5621167857799865,139.2920313959526,63.24324432201532,11.139381451095185,0.05442006806668516,3.124644650861972,1.4944036201724378,0.13440493854422755,1.951861335197639,0.47170468789731507,20.0
14,7,0.19055947409017684,0.6639460229874985,0.06060215652714582,4.604645734090304,0.31090221796891965,0.31090221796891965,0.02862685996031163,0.034196479336201666,0.19055947409017684,0.07826175810291722,2.2015396010121373,0.5621167857799865,139.2920313959526,63.24324432201532,11.139381451095185,0.05442006806668516,3.124644650861972,1.4944036201724378,0.13440493854422755,1.951861335197639,0.47170468789731507,20.0
14,8,0.19055947409017684,0.6639460229874985,0.06060215652714582,4.604645734090304,0.31090221796891965,0.31090221796891965,0.02862685996031163,0.034196479336201666,0.19055947409017684,0.07826175810291722,2.2015396010121373,0.5621167857799865,139.2920313959526,63.24324432201532,11.139381451095185,0.05442006806668516,3.124644650861972,1.4944036201724378,0.13440493854422755,1.951861335197639,0.47170468789731507,20.0
14,9,0.19055947409017684,0.6639460229874985,0.06060215652714582,4.604645734090304,0.31090221796891965,0.31090221796891965,0.02862685996031163,0.034196479336201666,0.19055947409017684,0.07826175810291722,2.2015396010121373,0.5621167857799865,139.2920313959526,63.24324432201532,11.139381451095185,0.05442006806668516,3.124644650861972,1.4944036201724378,0.13440493854422755,1.951861335197639,0.47170468789731507,20.0
14,10,0.19055947409017684,0.6639460229874985,0.06060215652714582,4.604645734090304,0.31090221796891965,0.31090221796891965,0.02862685996031163,0.034196479336201666,0.19055947409017684,0.07826175810291722,2.2015396010121373,0.5621167857799865,139.2920313959526,63.24324432201532,11.139381451095185,0.05442006806668516,3.124644650861972,1.4944036201724378,0.13440493854422755,1.951861335197639,0.47170468789731507,20.0
15,1,3.3208303385138387e-06,0.999995566988052,1.2143656029137998e-06,4.2007243463114685,0.24196617676636198,0.24196617676636198,1.3855485879859692e-20,9.076049219647861e-17,3.3208303385138387e-06,1.61476130171892e-05,3.560839370078001,0.9744448928072643,97.52552506229168,41.06676958669686,27.16664172081191,0.037620579983037486,4.941606357474312,0.7283803334238652,0.17360585512277307,1.7510852358875035,0.37925418239473246,20.0
15,2,0.02857034923975509,0.9953785060672401,0.010479316477107738,4.2007243463114685,0.4507498222400839,0.4507498222400839,0.00026249083969059683,0.0009290957130169455,0.02857034923975509,0.025017460512928424,3.560839370078001,0.9744448928072643,97.52552506229168,41.06676958669686,27.16664172081191,0.037620579983037486,4.941606357474312,0.7283803334238652,0.17360585512277307,1.7510852358875035,0.37925418239473246,20.0
15,3,0.1361239549241438,0.7515265309875934,0.04994759676562503,4.2007243463114685,0.4934623095383849,0.4934623095383849,0.03630278287704719,0.05743369889867653,0.1361239549241438,0.05057812509344589,3.560839370078001,0.9744448928072643,97.52552506229168,41.06676958669686,27.16664172081191,0.037620579983037486,4.941606357474312,0.7283803334238652,0.17360585512277307,1.7510852358875035,0.37925418239473246,20.0
15,4,0.14832228553947768,0.6722500228712736,0.054423619514419146,4.2007243463114685,0.49429372169758456,0.49429372169758456,0.049192657709811675,0.07199150774568161,0.14832228553947768,0.051525627346880154,3.560839370078001,0.9744448928072643,97.52552506229168,41.06676958669686,27.16664172081191,0.037620579983037486,4.941606357474312,0.7283803334238652,0.17360585512277307,1.7510852358875035,0.37925418239473246,20.0
15,5,0.14842346754760014,0.6702353417203519,0.054460740163981995,4.2007243463114685,0.494295732439843,0.494295732439843,0.04940081752583588,0.07217609040545298,0.14842346754760014,0.051528847030477234,3.560839370078001,0.9744448928072643,97.52552506229168,41.06676958669686,27.16664172081191,0.037620579983037486,4.941606357474312,0.7283803334238652,0.17360585512277307,1.7510852358875035,0.37925418239473246,20.0
15,6,0.14842358231521677,0.6702297280799276,0.054460782261174574,4.2007243463114685,0.4942957333764165,0.4942957333764165,0.04940118522083252,0.0721763604637716,0.14842358231521677,0.051528848880438925,3.560839370078001,0.9744448928072643,97.52552506229168,41.06676958669686,27.16664172081191,0.037620579983037486,4.941606357474312,0.7283803334238652,0.17360585512277307,1.7510852358875035,0.37925418239473246,20.0
15,7,0.14842358234415082,0.6702297253102519,0.05446078227178608,4.2007243463114685,0.4942957333765399,0.4942957333765399,0.04940118534689513,0.07217636054392398,0.14842358234415082,0.05152884888071941,3.560839370078001,0.9744448928072643,97.52552506229168,41.06676958669686,27.16664172081191,0.037620579983037486,4.941606357474312,0.7283803334238652,0.17360585512277307,1.7510852358875035,0.37925418239473246,20.0
15,8,0.14842358234415312,0.6702297253098772,0.05446078227178693,4.2007243463114685,0.4942957333765399,0.4942957333765399,0.04940118534690776,0.0721763605439312,0.14842358234415312,0.05152884888071941,3.560839370078001,0.9744448928072643,97.52552506229168,41.06676958669686,27.16664172081191,0.037620579983037486,4.941606357474312,0.7283803334238652,0.17360585512277307,1.7510852358875035,0.37925418239473246,20.0
15,9,0.14842358234415312,0.6702297253098772,0.05446078227178693,4.2007243463114685,0.4942957333765399,0.4942957333765399,0.04940118534690776,0.0721763605439312,0.14842358234415312,0.05152884888071941,3.560839370078001,0.9744448928072643,97.52552506229168,41.06676958669686,27.16664172081191,0.037620579983037486,4.941606357474312,0.7283803334238652,0.17360585512277307,1.7510852358875035,0.37925418239473246,20.0
15,10,0.14842358234415312,0.6702297253098772,0.05446078227178693,4.2007243463114685,0.4942957333765399,0.4942957333765399,0.04940118534690776,0.0721763605439312,0.14842358234415312,0.05152884888071941,3.560839370078001,0.9744448928072643,97.52552506229168,41.06676958669686,27.16664172081191,0.037620579983037486,4.941606357474312,0.7283803334238652,0.17360585512277307,1.7510852358875035,0.37925418239473246,20.0
16,1,0.028393876189532603,0.9768988735976322,0.019967405942801435,4.7855370048933645,0.19083051950046676,0.19083051950046676,0.012407645396371507,0.08980064326504433,0.028393876189532603,0.0021257268996664348,3.4228082860981903,0.852352157680765,31.814553697067936,30.771688183055332,92.41986518165501,0.1182802381957503,4.260420462716054,0.32820695608531725,0.15857623907979393,1.0811218955365534,0.39006662453976054,20.0
16,2,0.0369167266649899,0.8650981281722644,0.02595703546233221,4.7855370048933645,0.1908305775415524,0.1908305775415524,0.05538954367566851,0.14372969825427762,0.0369167266649899,0.0021257813607701032,3.4228082860981903,0.852352157680765,31.814553697067936,30.771688183055332,92.41986518165501,0.1182802381957503,4.260420462716054,0.32820695608531725,0.15857623907979393,1.0811218955365534,0.39006662453976054,20.0
16,3,0.03691672675721506,0.8650980089611455,0.025957035527064083,4.7855370048933645,0.19083057754155242,0.19083057754155242,0.0553895500731872,0.1437296994047339,0.03691672675721506,0.002125781360770131,3.4228082860981903,0.852352157680765,31.814553697067936,30.771688183055332,92.41986518165501,0.1182802381957503,4.260420462716054,0.32820695608531725,0.15857623907979393,1.0811218955365534,0.39006662453976054,20.0
16,4,0.03691672675721506,0.8650980089611455,0.025957035527064083,4.7855370048933645,0.19083057754155242,0.19083057754155242,0.0553895500731872,0.1437296994047339,0.03691672675721506,0.002125781360770131,3.4228082860981903,0.852352157680765,31.814553697067936,30.771688183055332,92.41986518165501,0.1182802381957503,4.260420462716054,0.32820695608531725,0.15857623907979393,1.0811218955365534,0.39006662453976054,20.0
16,5,0.03691672675721506,0.8650980089611455,0.025957035527064083,4.7855370048933645,0.19083057754155242,0.19083057754155242,0.0553895500731872,0.1437296994047339,0.03691672675721506,0.002125781360770131,3.4228082860981903,0.852352157680765,31.814553697067936,30.771688183055332,92.41986518165501,0.1182802381957503,4.260420462716054,0.32820695608531725,0.15857623907979393,1.0811218955365534,0.39006662453976054,20.0
16,6,0.03691672675721506,0.8650980089611455,0.025957035527064083,4.7855370048933645,0.19083057754155242,0.19083057754155242,0.0553895500731872,0.1437296994047339,0.03691672675721506,0.002125781360770131,3.4228082860981903,0.852352157680765,31.814553697067936,30.771688183055332,92.41986518165501,0.1182802381957503,4.260420462716054,0.32820695608531725,0.15857623907979393,1.0811218955365534,0.39006662453976054,20.0
16,7,0.03691672675721506,0.8650980089611455,0.025957035527064083,4.7855370048933645,0.19083057754155242,0.19083057754155242,0.0553895500731872,0.1437296994047339,0.03691672675721506,0.002125781360770131,3.4228082860981903,0.852352157680765,31.814553697067936,30.771688183055332,92.41986518165501,0.1182802381957503,4.260420462716054,0.32820695608531725,0.15857623907979393,1.0811218955365534,0.39006662453976054,20.0
16,8,0.03691672675721506,0.8650980089611455,0.025957035527064083,4.7855370048933645,0.19083057754155242,0.19083057754155242,0.0553895500731872,0.1437296994047339,0.03691672675721506,0.002125781360770131,3.4228082860981903,0.852352157680765,31.814553697067936,30.771688183055332,92.41986518165501,0.1182802381957503,4.260420462716054,0.32820695608531725,0.15857623907979393,1.0811218955365534,0.39006662453976054,20.0
16,9,0.03691672675721506,0.8650980089611455,0.025957035527064083,4.7855370048933645,0.19083057754155242,0.19083057754155242,0.0553895500731872,0.1437296994047339,0.03691672675721506,0.002125781360770131,3.4228082860981903,0.852352157680765,31.814553697067936,30.771688183055332,92.41986518165501,0.1182802381957503,4.260420462716054,0.32820695608531725,0.15857623907979393,1.0811218955365534,0.39006662453976054,20.0
16,10,0.03691672675721506,0.8650980089611455,0.025957035527064083,4.7855370048933645,0.19083057754155242,0.19083057754155242,0.0553895500731872,0.1437296994047339,0.03691672675721506,0.002125781360770131,3.4228082860981903,0.852352157680765,31.814553697067936,30.771688183055332,92.41986518165501,0.1182802381957503,4.260420462716054,0.32820695608531725,0.15857623907979393,1.0811218955365534,0.39006662453976054,20.0
17,1,0.13720209475199122,0.986272332182488,0.06538374888210637,6.145255743238479,0.10507920835421725,0.10507920835421725,0.022148694138820778,0.12407631014193239,0.13720209475199122,2.8537501665640654e-05,2.3015967386213125,0.5043187969979449,176.71703055997196,137.1325260993081,42.031405439340645,0.05903985505759822,4.003828608044387,1.1001841228074374,0.18817564745321796,1.0060782659965684,0.37190989225091636,20.0
17,2,0.1433791813819448,0.9592191283799099,0.06832429209978008,6.145255743238479,0.10507920876813878,0.10507920876813878,0.05559161156288316,0.1757636171448654,0.1433791813819448,2.853799372491667e-05,2.3015967386213125,0.5043187969979449,176.71703055997196,137.1325260993081,42.031405439340645,0.05903985505759822,4.003828608044387,1.1001841228074374,0.18817564745321796,1.0060782659965684,0.37190989225091636,20.0
17,3,0.14337918138194605,0.9592191279780524,0.06832429209978066,6.145255743238479,0.10507920876813878,0.10507920876813878,0.0555916115629932,0.1757636171448889,0.14337918138194605,2.853799372491667e-05,2.3015967386213125,0.5043187969979449,176.71703055997196,137.1325260993081,42.031405439340645,0.05903985505759822,4.003828608044387,1.1001841228074374,0.18817564745321796,1.0060782659965684,0.37190989225091636,20.0
17,4,0.14337918138194605,0.9592191279780524,0.06832429209978066,6.145255743238479,0.10507920876813878,0.10507920876813878,0.0555916115629932,0.1757636171448889,0.14337918138194605,2.853799372491667e-05,2.3015967386213125,0.5043187969979449,176.71703055997196,137.1325260993081,42.031405439340645,0.05903985505759822,4.003828608044387,1.1001841228074374,0.18817564745321796,1.0060782659965684,0.37190989225091636,20.0
17,5,0.14337918138194605,0.9592191279780524,0.06832429209978066,6.145255743238479,0.10507920876813878,0.10507920876813878,0.0555916115629932,0.1757636171448889,0.14337918138194605,2.853799372491667e-05,2.3015967386213125,0.5043187969979449,176.71703055997196,137.1325260993081,42.031405439340645,0.05903985505759822,4.003828608044387,1.1001841228074374,0.18817564745321796,1.0060782659965684,0.37190989225091636,20.0
17,6,0.14337918138194605,0.9592191279780524,0.06832429209978066,6.145255743238479,0.10507920876813878,0.10507920876813878,0.0555916115629932,0.1757636171448889,0.14337918138194605,2.853799372491667e-05,2.3015967386213125,0.5043187969979449,176.71703055997196,137.1325260993081,42.031405439340645,0.05903985505759822,4.003828608044387,1.1001841228074374,0.18817564745321796,1.0060782659965684,0.37190989225091636,20.0
17,7,0.14337918138194605,0.9592191279780524,0.06832429209978066,6.145255743238479,0.10507920876813878,0.10507920876813878,0.0555916115629932,0.1757636171448889,0.14337918138194605,2.853799372491667e-05,2.3015967386213125,0.5043187969979449,176.71703055997196,137.1325260993081,42.031405439340645,0.05903985505759822,4.003828608044387,1.1001841228074374,0.18817564745321796,1.0060782659965684,0.37190989225091636,20.0
17,8,0.14337918138194605,0.9592191279780524,0.06832429209978066,6.145255743238479,0.10507920876813878,0.10507920876813878,0.0555916115629932,0.1757636171448889,0.14337918138194605,2.853799372491667e-05,2.3015967386213125,0.5043187969979449,176.71703055997196,137.1325260993081,42.031405439340645,0.05903985505759822,4.003828608044387,1.1001841228074374,0.18817564745321796,1.0060782659965684,0.37190989225091636,20.0
17,9,0.14337918138194605,0.9592191279780524,0.06832429209978066,6.145255743238479,0.10507920876813878,0.10507920876813878,0.0555916115629932,0.1757636171448889,0.14337918138194605,2.853799372491667e-05,2.3015967386213125,0.5043187969979449,176.71703055997196,137.1325260993081,42.031405439340645,0.05903985505759822,4.003828608044387,1.1001841228074374,0.18817564745321796,1.0060782659965684,0.37190989225091636,20.0
17,10,0.14337918138194605,0.9592191279780524,0.06832429209978066,6.145255743238479,0.10507920876813878,0.10507920876813878,0.0555916115629932,0.1757636171448889,0.14337918138194605,2.853799372491667e-05,2.3015967386213125,0.5043187969979449,176.71703055997196,137.1325260993081,42.031405439340645,0.05903985505759822,4.003828608044387,1.1001841228074374,0.18817564745321796,1.0060782659965684,0.37190989225091636,20.0
18,1,0.03568446171156724,0.9999999998394326,0.02657919126787067,9.268771790422429,0.09126624717924826,0.09126624717924826,2.676167990095946e-11,4.098216524932969e-07,0.03568446171156724,0.00037091263359438577,7.226501229589075,0.9253841736830966,46.50573246730123,97.6965126876335,96.52324748952628,0.0925161408910393,3.0110871596264355,0.7550171671194974,0.09685042769108496,1.810866517627956,0.3652639245394709,20.0
18,2,0.051171683972214714,0.9985842499012924,0.03811470120068282,9.268771790422429,0.0914693349533064,0.0914693349533064,0.00024314655900284477,0.00028937100828407684,0.051171683972214714,0.0004423797649623796,7.226501229589075,0.9253841736830966,46.50573246730123,97.6965126876335,96.52324748952628,0.0925161408910393,3.0110871596264355,0.7550171671194974,0.09685042769108496,1.810866517627956,0.3652639245394709,20.0
18,3,0.051184908646084215,0.9983183134836549,0.03812454640946906,9.268771790422429,0.09146933566268552,0.09146933566268552,0.0002878038284800212,0.0003400614024001967,0.051184908646084215,0.0004423801732871904,7.226501229589075,0.9253841736830966,46.50573246730123,97.6965126876335,96.52324748952628,0.0925161408910393,3.0110871596264355,0.7550171671194974,0.09685042769108496,1.810866517627956,0.3652639245394709,20.0
18,4,0.05118490867336094,0.9983183121887773,0.038124546429770256,9.268771790422429,0.09146933566268575,0.09146933566268575,0.00028780400689119265,0.0003400615582318554,0.05118490867336094,0.0004423801732873637,7.226501229589075,0.9253841736830966,46.50573246730123,97.6965126876335,96.52324748952628,0.0925161408910393,3.0110871596264355,0.7550171671194974,0.09685042769108496,1.810866517627956,0.3652639245394709,20.0
18,5,0.051184908673360945,0.9983183121887768,0.03812454642977026,9.268771790422429,0.09146933566268575,0.09146933566268575,0.0002878040068912529,0.00034006155823190006,0.051184908673360945,0.0004423801732873637,7.226501229589075,0.9253841736830966,46.50573246730123,97.6965126876335,96.52324748952628,0.0925161408910393,3.0110871596264355,0.7550171671194974,0.09685042769108496,1.810866517627956,0.3652639245394709,20.0
18,6,0.051184908673360945,0.9983183121887768,0.03812454642977026,9.268771790422429,0.09146933566268575,0.09146933566268575,0.0002878040068912529,0.00034006155823190006,0.051184908673360945,0.0004423801732873637,7.226501229589075,0.9253841736830966,46.50573246730123,97.6965126876335,96.52324748952628,0.0925161408910393,3.0110871596264355,0.7550171671194974,0.09685042769108496,1.810866517627956,0.3652639245394709,20.0
18,7,0.051184908673360945,0.9983183121887768,0.03812454642977026,9.268771790422429,0.09146933566268575,0.09146933566268575,0.0002878040068912529,0.00034006155823190006,0.051184908673360945,0.0004423801732873637,7.226501229589075,0.9253841736830966,46.50573246730123,97.6965126876335,96.52324748952628,0.0925161408910393,3.0110871596264355,0.7550171671194974,0.09685042769108496,1.810866517627956,0.3652639245394709,20.0
18,8,0.051184908673360945,0.9983183121887768,0.03812454642977026,9.268771790422429,0.09146933566268575,0.09146933566268575,0.0002878040068912529,0.00034006155823190006,0.051184908673360945,0.0004423801732873637,7.226501229589075,0.9253841736830966,46.50573246730123,97.6965126876335,96.52324748952628,0.0925161408910393,3.0110871596264355,0.7550171671194974,0.09685042769108496,1.810866517627956,0.3652639245394709,20.0
18,9,0.051184908673360945,0.9983183121887768,0.03812454642977026,9.268771790422429,0.09146933566268575,0.09146933566268575,0.0002878040068912529,0.00034006155823190006,0.051184908673360945,0.0004423801732873637,7.226501229589075,0.9253841736830966,46.50573246730123,97.6965126876335,96.52324748952628,0.0925161408910393,3.0110871596264355,0.7550171671194974,0.09685042769108496,1.810866517627956,0.3652639245394709,20.0
18,10,0.051184908673360945,0.9983183121887768,0.03812454642977026,9.268771790422429,0.09146933566268575,0.09146933566268575,0.0002878040068912529,0.00034006155823190006,0.051184908673360945,0.0004423801732873637,7.226501229589075,0.9253841736830966,46.50573246730123,97.6965126876335,96.52324748952628,0.0925161408910393,3.0110871596264355,0.7550171671194974,0.09685042769108496,1.810866517627956,0.3652639245394709,20.0
19,1,0.125298951600441,0.9999999541494802,0.06119710005920902,11.839898266961795,0.22415482739852116,0.22415482739852116,7.819083805408418e-08,7.717958256483229e-05,0.125298951600441,0.0038775033455404418,7.754496837032243,0.7017210702599147,105.40623377377699,38.07725682450309,81.68861522371506,0.11785884386893328,4.930203520057173,0.9989318129419638,0.08230313386940527,0.954163022660078,0.31144784841324463,20.0
19,2,0.15257999461204974,0.9822495249279448,0.07452140715784536,11.839898266961795,0.22653211607577006,0.22653211607577006,0.002453869167402844,0.0038822666967068776,0.15257999461204974,0.0041608846129603345,7.754496837032243,0.7017210702599147,105.40623377377699,38.07725682450309,81.68861522371506,0.11785884386893328,4.930203520057173,0.9989318129419638,0.08230313386940527,0.954163022660078,0.31144784841324463,20.0
19,3,0.15268515186768974,0.9811102086663329,0.07457274719999467,11.839898266961795,0.22653289217506195,0.22653289217506195,0.0025972181268047495,0.004072815595324618,0.15268515186768974,0.004161048720679947,7.754496837032243,0.7017210702599147,105.40623377377699,38.07725682450309,81.68861522371506,0.11785884386893328,4.930203520057173,0.9989318129419638,0.08230313386940527,0.954163022660078,0.31144784841324463,20.0
19,4,0.15268516770462778,0.9811097040295453,0.07457275493009212,11.839898266961795,0.22653289222048115,0.22653289222048115,0.0025972611252709095,0.004072860241117223,0.15268516770462778,0.0041610487336184105,7.754496837032243,0.7017210702599147,105.40623377377699,38.07725682450309,81.68861522371506,0.11785884386893328,4.930203520057173,0.9989318129419638,0.08230313386940527,0.954163022660078,0.31144784841324463,20.0
19,5,0.15268516770514304,0.9811097039965158,0.07457275493034358,11.839898266961795,0.22653289222048195,0.22653289222048195,0.0025972611273250546,0.004072860242923804,0.15268516770514304,0.004161048733618707,7.754496837032243,0.7017210702599147,105.40623377377699,38.07725682450309,81.68861522371506,0.11785884386893328,4.930203520057173,0.9989318129419638,0.08230313386940527,0.954163022660078,0.31144784841324463,20.0
19,6,0.15268516770514304,0.981109703996515,0.07457275493034358,11.839898266961795,0.22653289222048195,0.22653289222048195,0.0025972611273250876,0.004072860242923829,0.15268516770514304,0.004161048733618707,7.754496837032243,0.7017210702599147,105.40623377377699,38.07725682450309,81.68861522371506,0.11785884386893328,4.930203520057173,0.9989318129419638,0.08230313386940527,0.954163022660078,0.31144784841324463,20.0
19,7,0.15268516770514304,0.981109703996515,0.07457275493034358,11.839898266961795,0.22653289222048195,0.22653289222048195,0.0025972611273250876,0.004072860242923829,0.15268516770514304,0.004161048733618707,7.754496837032243,0.7017210702599147,105.40623377377699,38.07725682450309,81.68861522371506,0.11785884386893328,4.930203520057173,0.9989318129419638,0.08230313386940527,0.954163022660078,0.31144784841324463,20.0
19,8,0.15268516770514304,0.981109703996515,0.07457275493034358,11.839898266961795,0.22653289222048195,0.22653289222048195,0.0025972611273250876,0.004072860242923829,0.15268516770514304,0.004161048733618707,7.754496837032243,0.7017210702599147,105.40623377377699,38.07725682450309,81.68861522371506,0.11785884386893328,4.930203520057173,0.9989318129419638,0.08230313386940527,0.954163022660078,0.31144784841324463,20.0
19,9,0.15268516770514304,0.981109703996515,0.07457275493034358,11.839898266961795,0.22653289222048195,0.22653289222048195,0.0025972611273250876,0.004072860242923829,0.15268516770514304,0.004161048733618707,7.754496837032243,0.7017210702599147,105.40623377377699,38.07725682450309,81.68861522371506,0.11785884386893328,4.930203520057173,0.9989318129419638,0.08230313386940527,0.954163022660078,0.31144784841324463,20.0
19,10,0.15268516770514304,0.981109703996515,0.07457275493034358,11.839898266961795,0.22653289222048195,0.22653289222048195,0.0025972611273250876,0.004072860242923829,0.15268516770514304,0.004161048733618707,7.754496837032243,0.7017210702599147,105.40623377377699,38.07725682450309,81.68861522371506,0.11785884386893328,4.930203520057173,0.9989318129419638,0.08230313386940527,0.954163022660078,0.31144784841324463,20.0
20,1,0.04696427115782392,0.9435477738689647,0.03074067278902128,34.84181752193579,0.19195810959095014,0.19195810959095014,0.03931482432331755,0.1647785885466893,0.04696427115782392,1.9752891519450738e-05,2.3539484690878774,0.0706072282791436,80.09787742377206,110.59815872990295,79.44059162294165,0.061794425691934024,2.8097976484059117,1.4920381164509626,0.12083306372877418,0.7693779578844628,0.45875612034828983,20.0
20,2,0.05038152975685725,0.8430920506736292,0.03297533150197136,34.84181752193579,0.19195810961158183,0.19195810961158183,0.0857918421633608,0.20118269199075722,0.05038152975685725,1.975290144989549e-05,2.3539484690878774,0.0706072282791436,80.09787742377206,110.59815872990295,79.44059162294165,0.061794425691934024,2.8097976484059117,1.4920381164509626,0.12083306372877418,0.7693779578844628,0.45875612034828983,20.0
20,3,0.05038152975686651,0.8430920506527179,0.03297533150197741,34.84181752193579,0.19195810961158183,0.19195810961158183,0.08579184216391766,0.2011826919909048,0.05038152975686651,1.975290144989549e-05,2.3539484690878774,0.0706072282791436,80.09787742377206,110.59815872990295,79.44059162294165,0.061794425691934024,2.8097976484059117,1.4920381164509626,0.12083306372877418,0.7693779578844628,0.45875612034828983,20.0
20,4,0.05038152975686651,0.8430920506527179,0.03297533150197741,34.84181752193579,0.19195810961158183,0.19195810961158183,0.08579184216391766,0.2011826919909048,0.05038152975686651,1.975290144989549e-05,2.3539484690878774,0.0706072282791436,80.09787742377206,110.59815872990295,79.44059162294165,0.061794425691934024,2.8097976484059117,1.4920381164509626,0.12083306372877418,0.7693779578844628,0.45875612034828983,20.0
20,5,0.05038152975686651,0.8430920506527179,0.03297533150197741,34.84181752193579,0.19195810961158183,0.19195810961158183,0.08579184216391766,0.2011826919909048,0.05038152975686651,1.975290144989549e-05,2.3539484690878774,0.0706072282791436,80.09787742377206,110.59815872990295,79.44059162294165,0.061794425691934024,2.8097976484059117,1.4920381164509626,0.12083306372877418,0.7693779578844628,0.45875612034828983,20.0
20,6,0.05038152975686651,0.8430920506527179,0.03297533150197741,34.84181752193579,0.19195810961158183,0.19195810961158183,0.08579184216391766,0.2011826919909048,0.05038152975686651,1.975290144989549e-05,2.3539484690878774,0.0706072282791436,80.09787742377206,110.59815872990295,79.44059162294165,0.061794425691934024,2.8097976484059117,1.4920381164509626,0.12083306372877418,0.7693779578844628,0.45875612034828983,20.0
20,7,0.05038152975686651,0.8430920506527179,0.03297533150197741,34.84181752193579,0.19195810961158183,0.19195810961158183,0.08579184216391766,0.2011826919909048,0.05038152975686651,1.975290144989549e-05,2.3539484690878774,0.0706072282791436,80.09787742377206,110.59815872990295,79.44059162294165,0.061794425691934024,2.8097976484059117,1.4920381164509626,0.12083306372877418,0.7693779578844628,0.45875612034828983,20.0
20,8,0.05038152975686651,0.8430920506527179,0.03297533150197741,34.84181752193579,0.19195810961158183,0.19195810961158183,0.08579184216391766,0.2011826919909048,0.05038152975686651,1.975290144989549e-05,2.3539484690878774,0.0706072282791436,80.09787742377206,110.59815872990295,79.44059162294165,0.061794425691934024,2.8097976484059117,1.4920381164509626,0.12083306372877418,0.7693779578844628,0.45875612034828983,20.0
20,9,0.05038152975686651,0.8430920506527179,0.03297533150197741,34.84181752193579,0.19195810961158183,0.19195810961158183,0.08579184216391766,0.2011826919909048,0.05038152975686651,1.975290144989549e-05,2.3539484690878774,0.0706072282791436,80.09787742377206,110.59815872990295,79.44059162294165,0.061794425691934024,2.8097976484059117,1.4920381164509626,0.12083306372877418,0.7693779578844628,0.45875612034828983,20.0
20,10,0.05038152975686651,0.8430920506527179,0.03297533150197741,34.84181752193579,0.19195810961158183,0.19195810961158183,0.08579184216391766,0.2011826919909048,0.05038152975686651,1.975290144989549e-05,2.3539484690878774,0.0706072282791436,80.09787742377206,110.59815872990295,79.44059162294165,0.061794425691934024,2.8097976484059117,1.4920381164509626,0.12083306372877418,0.7693779578844628,0.45875612034828983,20.0
21,1,0.19434716140741487,0.9985854216698493,0.07892366066068195,7.2547319291296875,0.1238551372770749,0.1238551372770749,0.0033582597970921164,0.06519441104443033,0.19434716140741487,0.0003000504250814578,2.606316859353778,0.43106610472874146,194.3989087752717,95.00507923270808,51.693918228438456,0.14859636424806108,4.407096826477002,1.3608986330766848,0.1948031754039515,1.8263038079966774,0.32459265408998883,20.0
21,2,0.20727903961730318,0.9931166096659726,0.08417061669753265,7.2547319291296875,0.12385514706421627,0.12385514706421627,0.014605494142505133,0.13209229861569652,0.20727903961730318,0.0003000583497522571,2.606316859353778,0.43106610472874146,194.3989087752717,95.00507923270808,51.693918228438456,0.14859636424806108,4.407096826477002,1.3608986330766848,0.1948031754039515,1.8263038079966774,0.32459265408998883,20.0
21,3,0.20727903961747574,0.9931166021735838,0.08417061669760251,7.2547319291296875,0.12385514706421627,0.12385514706421627,0.014605494148881943,0.13209229861811114,0.20727903961747574,0.0003000583497522571,2.606316859353778,0.43106610472874146,194.3989087752717,95.00507923270808,51.693918228438456,0.14859636424806108,4.407096826477002,1.3608986330766848,0.1948031754039515,1.8263038079966774,0.32459265408998883,20.0
21,4,0.20727903961747574,0.9931166021735838,0.08417061669760251,7.2547319291296875,0.12385514706421627,0.12385514706421627,0.014605494148881943,0.13209229861811114,0.20727903961747574,0.0003000583497522571,2.606316859353778,0.43106610472874146,194.3989087752717,95.00507923270808,51.693918228438456,0.14859636424806108,4.407096826477002,1.3608986330766848,0.1948031754039515,1.8263038079966774,0.32459265408998883,20.0
21,5,0.20727903961747574,0.9931166021735838,0.08417061669760251,7.2547319291296875,0.12385514706421627,0.12385514706421627,0.014605494148881943,0.13209229861811114,0.20727903961747574,0.0003000583497522571,2.606316859353778,0.43106610472874146,194.3989087752717,95.00507923270808,51.693918228438456,0.14859636424806108,4.407096826477002,1.3608986330766848,0.1948031754039515,1.8263038079966774,0.32459265408998883,20.0
21,6,0.20727903961747574,0.9931166021735838,0.08417061669760251,7.2547319291296875,0.12385514706421627,0.12385514706421627,0.014605494148881943,0.13209229861811114,0.20727903961747574,0.0003000583497522571,2.606316859353778,0.43106610472874146,194.3989087752717,95.00507923270808,51.693918228438456,0.14859636424806108,4.407096826477002,1.3608986330766848,0.1948031754039515,1.8263038079966774,0.32459265408998883,20.0
21,7,0.20727903961747574,0.9931166021735838,0.08417061669760251,7.2547319291296875,0.12385514706421627,0.12385514706421627,0.014605494148881943,0.13209229861811114,0.20727903961747574,0.0003000583497522571,2.606316859353778,0.43106610472874146,194.3989087752717,95.00507923270808,51.693918228438456,0.14859636424806108,4.407096826477002,1.3608986330766848,0.1948031754039515,1.8263038079966774,0.32459265408998883,20.0
21,8,0.20727903961747574,0.9931166021735838,0.08417061669760251,7.2547319291296875,0.12385514706421627,0.12385514706421627,0.014605494148881943,0.13209229861811114,0.20727903961747574,0.0003000583497522571,2.606316859353778,0.43106610472874146,194.3989087752717,95.00507923270808,51.693918228438456,0.14859636424806108,4.407096826477002,1.3608986330766848,0.1948031754039515,1.8263038079966774,0.32459265408998883,20.0
21,9,0.20727903961747574,0.9931166021735838,0.08417061669760251,7.2547319291296875,0.12385514706421627,0.12385514706421627,0.014605494148881943,0.13209229861811114,0.20727903961747574,0.0003000583497522571,2.606316859353778,0.43106610472874146,194.3989087752717,95.00507923270808,51.693918228438456,0.14859636424806108,4.407096826477002,1.3608986330766848,0.1948031754039515,1.8263038079966774,0.32459265408998883,20.0
21,10,0.20727903961747574,0.9931166021735838,0.08417061669760251,7.2547319291296875,0.12385514706421627,0.12385514706421627,0.014605494148881943,0.13209229861811114,0.20727903961747574,0.0003000583497522571,2.606316859353778,0.43106610472874146,194.3989087752717,95.00507923270808,51.693918228438456,0.14859636424806108,4.407096826477002,1.3608986330766848,0.1948031754039515,1.8263038079966774,0.32459265408998883,20.0
22,1,0.04545774020144272,0.6340754146706002,0.026004473595256625,7.182910155205726,0.10635513205797635,0.10635513205797635,0.11237026981475094,0.17737008980862792,0.04545774020144272,0.0016762377697258724,4.921284625166269,0.8459161261436227,97.1255611385965,116.24127412579818,40.55986625534034,0.05313889048717099,3.255623875314682,0.23131323740668738,0.07964194084030664,1.019753996867406,0.486209249442404,20.0
22,2,0.0470044768621032,0.529313705190525,0.02688886205269909,7.182910155205726,0.10635534607821102,0.10635534607821102,0.13025670301081635,0.18817510115028976,0.0470044768621032,0.0016764125993755541,4.921284625166269,0.8459161261436227,97.1255611385965,116.24127412579818,40.55986625534034,0.05313889048717099,3.255623875314682,0.23131323740668738,0.07964194084030664,1.019753996867406,0.486209249442404,20.0
22,3,0.047004476977798214,0.5293135380087521,0.026888862118827732,7.182910155205726,0.10635534607821628,0.10635534607821628,0.1302567058536435,0.18817510221213177,0.047004476977798214,0.0016764125993806605,4.921284625166269,0.8459161261436227,97.1255611385965,116.24127412579818,40.55986625534034,0.05313889048717099,3.255623875314682,0.23131323740668738,0.07964194084030664,1.019753996867406,0.486209249442404,20.0
22,4,0.04700447697779823,0.5293135380087481,0.026888862118827732,7.182910155205726,0.10635534607821628,0.10635534607821628,0.13025670585364355,0.1881751022121318,0.04700447697779823,0.0016764125993806605,4.921284625166269,0.8459161261436227,97.1255611385965,116.24127412579818,40.55986625534034,0.05313889048717099,3.255623875314682,0.23131323740668738,0.07964194084030664,1.019753996867406,0.486209249442404,20.0
22,5,0.04700447697779823,0.5293135380087481,0.026888862118827732,7.182910155205726,0.10635534607821628,0.10635534607821628,0.13025670585364355,0.1881751022121318,0.04700447697779823,0.0016764125993806605,4.921284625166269,0.8459161261436227,97.1255611385965,116.24127412579818,40.55986625534034,0.05313889048717099,3.255623875314682,0.23131323740668738,0.07964194084030664,1.019753996867406,0.486209249442404,20.0
22,6,0.04700447697779823,0.5293135380087481,0.026888862118827732,7.182910155205726,0.10635534607821628,0.10635534607821628,0.13025670585364355,0.1881751022121318,0.04700447697779823,0.0016764125993806605,4.921284625166269,0.8459161261436227,97.1255611385965,116.24127412579818,40.55986625534034,0.05313889048717099,3.255623875314682,0.23131323740668738,0.07964194084030664,1.019753996867406,0.486209249442404,20.0
22,7,0.04700447697779823,0.5293135380087481,0.026888862118827732,7.182910155205726,0.10635534607821628,0.10635534607821628,0.13025670585364355,0.1881751022121318,0.04700447697779823,0.0016764125993806605,4.921284625166269,0.8459161261436227,97.1255611385965,116.24127412579818,40.55986625534034,0.05313889048717099,3.255623875314682,0.23131323740668738,0.07964194084030664,1.019753996867406,0.486209249442404,20.0
22,8,0.04700447697779823,0.5293135380087481,0.026888862118827732,7.182910155205726,0.10635534607821628,0.10635534607821628,0.13025670585364355,0.1881751022121318,0.04700447697779823,0.0016764125993806605,4.921284625166269,0.8459161261436227,97.1255611385965,116.24127412579818,40.55986625534034,0.05313889048717099,3.255623875314682,0.23131323740668738,0.07964194084030664,1.019753996867406,0.486209249442404,20.0
22,9,0.04700447697779823,0.5293135380087481,0.026888862118827732,7.182910155205726,0.10635534607821628,0.10635534607821628,0.13025670585364355,0.1881751022121318,0.04700447697779823,0.0016764125993806605,4.921284625166269,0.8459161261436227,97.1255611385965,116.24127412579818,40.55986625534034,0.05313889048717099,3.255623875314682,0.23131323740668738,0.07964194084030664,1.019753996867406,0.486209249442404,20.0
22,10,0.04700447697779823,0.5293135380087481,0.026888862118827732,7.182910155205726,0.10635534607821628,0.10635534607821628,0.13025670585364355,0.1881751022121318,0.04700447697779823,0.0016764125993806605,4.921284625166269,0.8459161261436227,97.1255611385965,116.24127412579818,40.55986625534034,0.05313889048717099,3.255623875314682,0.23131323740668738,0.07964194084030664,1.019753996867406,0.486209249442404,20.0
23,1,1.5220451090100611e-05,0.9999995049910808,9.0777742432792e-06,5.293423335822285,0.1574539773714315,0.1574539773714315,9.756593016793808e-27,1.640326805350025e-21,1.5220451090100611e-05,2.8299361154929304e-05,4.2561554444114,0.9669770228981622,69.56762562992367,45.411394857070164,87.56062031079955,0.03257924695261673,5.456619574578653,0.9613135358601186,0.07604264041038288,1.5379169933651315,0.33971175381380464,20.0
23,2,0.0069988699157394335,0.9969416299790312,0.004179000928559413,5.293423335822285,0.30358539084035974,0.30358539084035974,5.679577116246927e-05,0.000135277184777297,0.0069988699157394335,0.004738464749793531,4.2561554444114,0.9669770228981622,69.56762562992367,45.411394857070164,87.56062031079955,0.03257924695261673,5.456619574578653,0.9613135358601186,0.07604264041038288,1.5379169933651315,0.33971175381380464,20.0
23,3,0.04894891434425193,0.9460267455384569,0.029234356988596794,5.293423335822285,0.37432727582068054,0.37432727582068054,0.005963799809704637,0.010750808285237593,0.04894891434425193,0.016483394729911272,4.2561554444114,0.9669770228981622,69.56762562992367,45.411394857070164,87.56062031079955,0.03257924695261673,5.456619574578653,0.9613135358601186,0.07604264041038288,1.5379169933651315,0.33971175381380464,20.0
23,4,0.07752185222931209,0.8973917214899109,0.04630068813229538,5.293423335822285,0.38560862017111325,0.38560862017111325,0.01739393020824726,0.028535392985278248,0.07752185222931209,0.020353559379212925,4.2561554444114,0.9669770228981622,69.56762562992367,45.411394857070164,87.56062031079955,0.03257924695261673,5.456619574578653,0.9613135358601186,0.07604264041038288,1.5379169933651315,0.33971175381380464,20.0
23,5,0.08177780643399814,0.8844857062402012,0.04884264629174997,5.293423335822285,0.38623108401207656,0.38623108401207656,0.020487071082659916,0.032857293284310585,0.08177780643399814,0.020670542538506826,4.2561554444114,0.9669770228981622,69.56762562992367,45.411394857070164,87.56062031079955,0.03257924695261673,5.456619574578653,0.9613135358601186,0.07604264041038288,1.5379169933651315,0.33971175381380464,20.0
23,6,0.08198099994438426,0.8834235112451269,0.048964001941631835,5.293423335822285,0.3862453220045477,0.3862453220045477,0.020703390233815403,0.03313559739222239,0.08198099994438426,0.020679910218157932,4.2561554444114,0.9669770228981622,69.56762562992367,45.411394857070164,87.56062031079955,0.03257924695261673,5.456619574578653,0.9613135358601186,0.07604264041038288,1.5379169933651315,0.33971175381380464,20.0
23,7,0.08198499468585452,0.8833920374725736,0.04896638764602781,5.293423335822285,0.3862454798349562,0.3862454798349562,0.020708986427486337,0.033142324066385044,0.08198499468585452,0.020680034735957482,4.2561554444114,0.9669770228981622,69.56762562992367,45.411394857070164,87.56062031079955,0.03257924695261673,5.456619574578653,0.9613135358601186,0.07604264041038288,1.5379169933651315,0.33971175381380464,20.0
23,8,0.08198503317392504,0.8833916253979773,0.04896641063044061,5.293423335822285,0.3862454808021318,0.3862454808021318,0.02070905275602526,0.03314239936632035,0.08198503317392504,0.020680035609196765,4.2561554444114,0.9669770228981622,69.56762562992367,45.411394857070164,87.56062031079955,0.03257924695261673,5.456619574578653,0.9613135358601186,0.07604264041038288,1.5379169933651315,0.33971175381380464,20.0
23,9,0.08198503338218319,0.8833916225691499,0.04896641075480352,5.293423335822285,0.38624548080576926,0.38624548080576926,0.020709053177604735,0.03314239982246279,0.08198503338218319,0.020680035612841964,4.2561554444114,0.9669770228981622,69.56762562992367,45.411394857070164,87.56062031079955,0.03257924695261673,5.456619574578653,0.9613135358601186,0.07604264041038288,1.5379169933651315,0.33971175381380464,20.0
23,10,0.08198503338288524,0.8833916225576027,0.04896641075522274,5.293423335822285,0.38624548080577836,0.38624548080577836,0.020709053179221282,0.033142399824141876,0.08198503338288524,0.020680035612851873,4.2561554444114,0.9669770228981622,69.56762562992367,45.411394857070164,87.56062031079955,0.03257924695261673,5.456619574578653,0.9613135358601186,0.07604264041038288,1.5379169933651315,0.33971175381380464,20.0
24,1,0.029170956202109403,0.9999231555651124,0.022636030662196188,11.713866945178566,0.17584805645183127,0.17584805645183127,8.230068186462539e-05,0.010662835830802853,0.029170956202109403,2.326195455246532e-06,4.6622699508297885,0.474232854952845,42.90906567910906,158.52237404142426,59.49205395242253,0.04151880303505971,2.289643729661615,1.4530882186302985,0.08504551409674287,0.5992153051289983,0.4700723053042827,20.0
24,2,0.041760196497981385,0.9990819571712581,0.032403080938827676,11.713866945178566,0.17584871528311832,0.17584871528311832,0.0010106077646395738,0.03638510037358213,0.041760196497981385,2.5284768410537296e-06,4.6622699508297885,0.474232854952845,42.90906567910906,158.52237404142426,59.49205395242253,0.04151880303505971,2.289643729661615,1.4530882186302985,0.08504551409674287,0.5992153051289983,0.4700723053042827,20.0
24,3,0.041760205734852604,0.9990813052655526,0.03240308809916226,11.713866945178566,0.17584871528313756,0.17584871528313756,0.0010106983404937896,0.03638518392320544,0.041760205734852604,2.528476849496757e-06,4.6622699508297885,0.474232854952845,42.90906567910906,158.52237404142426,59.49205395242253,0.04151880303505971,2.289643729661615,1.4530882186302985,0.08504551409674287,0.5992153051289983,0.4700723053042827,20.0
24,4,0.04176020573485276,0.9990813052655294,0.032403088099162376,11.713866945178566,0.17584871528313756,0.17584871528313756,0.0010106983404963095,0.03638518392320712,0.04176020573485276,2.528476849496757e-06,4.6622699508297885,0.474232854952845,42.90906567910906,158.52237404142426,59.49205395242253,0.04151880303505971,2.289643729661615,1.4530882186302985,0.08504551409674287,0.5992153051289983,0.4700723053042827,20.0
24,5,0.04176020573485276,0.9990813052655294,0.032403088099162376,11.713866945178566,0.17584871528313756,0.17584871528313756,0.0010106983404963095,0.03638518392320712,0.04176020573485276,2.528476849496757e-06,4.6622699508297885,0.474232854952845,42.90906567910906,158.52237404142426,59.49205395242253,0.04151880303505971,2.289643729661615,1.4530882186302985,0.08504551409674287,0.5992153051289983,0.4700723053042827,20.0
24,6,0.04176020573485276,0.9990813052655294,0.032403088099162376,11.713866945178566,0.17584871528313756,0.17584871528313756,0.0010106983404963095,0.03638518392320712,0.04176020573485276,2.528476849496757e-06,4.6622699508297885,0.474232854952845,42.90906567910906,158.52237404142426,59.49205395242253,0.04151880303505971,2.289643729661615,1.4530882186302985,0.08504551409674287,0.5992153051289983,0.4700723053042827,20.0
24,7,0.04176020573485276,0.9990813052655294,0.032403088099162376,11.713866945178566,0.17584871528313756,0.17584871528313756,0.0010106983404963095,0.03638518392320712,0.04176020573485276,2.528476849496757e-06,4.6622699508297885,0.474232854952845,42.90906567910906,158.52237404142426,59.49205395242253,0.04151880303505971,2.289643729661615,1.4530882186302985,0.08504551409674287,0.5992153051289983,0.4700723053042827,20.0
24,8,0.04176020573485276,0.9990813052655294,0.032403088099162376,11.713866945178566,0.17584871528313756,0.17584871528313756,0.0010106983404963095,0.03638518392320712,0.04176020573485276,2.528476849496757e-06,4.6622699508297885,0.474232854952845,42.90906567910906,158.52237404142426,59.49205395242253,0.04151880303505971,2.289643729661615,1.4530882186302985,0.08504551409674287,0.5992153051289983,0.4700723053042827,20.0
24,9,0.04176020573485276,0.9990813052655294,0.032403088099162376,11.713866945178566,0.17584871528313756,0.17584871528313756,0.0010106983404963095,0.03638518392320712,0.04176020573485276,2.528476849496757e-06,4.6622699508297885,0.474232854952845,42.90906567910906,158.52237404142426,59.49205395242253,0.04151880303505971,2.289643729661615,1.4530882186302985,0.08504551409674287,0.5992153051289983,0.4700723053042827,20.0
24,10,0.04176020573485276,0.9990813052655294,0.032403088099162376,11.713866945178566,0.17584871528313756,0.17584871528313756,0.0010106983404963095,0.03638518392320712,0.04176020573485276,2.528476849496757e-06,4.6622699508297885,0.474232854952845,42.90906567910906,158.52237404142426,59.49205395242253,0.04151880303505971,2.289643729661615,1.4530882186302985,0.08504551409674287,0.5992153051289983,0.4700723053042827,20.0
25,1,0.09762639761841636,0.9999125783470311,0.05414072873622514,14.528382483839193,0.18511717934043442,0.18511717934043442,0.00014103926948485422,0.012499612177625912,0.09762639761841636,3.330310977562772e-06,3.366249990513724,0.251343249961979,88.67503589893846,91.68718203439046,43.69429976704846,0.09297305825473207,5.423574011395852,0.8983550861240466,0.1563822223937251,1.2332597006789212,0.44604725713497206,20.0
25,2,0.11811868631159614,0.9993405240040454,0.06550272923180049,14.528382483839193,0.18511730383140726,0.18511730383140726,0.0010355324582133046,0.037342634947189535,0.11811868631159614,3.3860615120644984e-06,3.366249990513724,0.251343249961979,88.67503589893846,91.68718203439046,43.69429976704846,0.09297305825473207,5.423574011395852,0.8983550861240466,0.1563822223937251,1.2332597006789212,0.44604725713497206,20.0
25,3,0.11811868659891214,0.9993404113108799,0.06550272939088206,14.528382483839193,0.18511730383140726,0.18511730383140726,0.001035536536493535,0.03734263734730414,0.11811868659891214,3.3860615120834325e-06,3.366249990513724,0.251343249961979,88.67503589893846,91.68718203439046,43.69429976704846,0.09297305825473207,5.423574011395852,0.8983550861240466,0.1563822223937251,1.2332597006789212,0.44604725713497206,20.0
25,4,0.11811868659891214,0.9993404113108799,0.06550272939088206,14.528382483839193,0.18511730383140726,0.18511730383140726,0.0010355365364935355,0.03734263734730414,0.11811868659891214,3.3860615120834325e-06,3.366249990513724,0.251343249961979,88.67503589893846,91.68718203439046,43.69429976704846,0.09297305825473207,5.423574011395852,0.8983550861240466,0.1563822223937251,1.2332597006789212,0.44604725713497206,20.0
25,5,0.11811868659891214,0.9993404113108799,0.06550272939088206,14.528382483839193,0.18511730383140726,0.18511730383140726,0.0010355365364935355,0.03734263734730414,0.11811868659891214,3.3860615120834325e-06,3.366249990513724,0.251343249961979,88.67503589893846,91.68718203439046,43.69429976704846,0.09297305825473207,5.423574011395852,0.8983550861240466,0.1563822223937251,1.2332597006789212,0.44604725713497206,20.0
25,6,0.11811868659891214,0.9993404113108799,0.06550272939088206,14.528382483839193,0.18511730383140726,0.18511730383140726,0.0010355365364935355,0.03734263734730414,0.11811868659891214,3.3860615120834325e-06,3.366249990513724,0.251343249961979,88.67503589893846,91.68718203439046,43.69429976704846,0.09297305825473207,5.423574011395852,0.8983550861240466,0.1563822223937251,1.2332597006789212,0.44604725713497206,20.0
25,7,0.11811868659891214,0.9993404113108799,0.06550272939088206,14.528382483839193,0.18511730383140726,0.18511730383140726,0.0010355365364935355,0.03734263734730414,0.11811868659891214,3.3860615120834325e-06,3.366249990513724,0.251343249961979,88.67503589893846,91.68718203439046,43.69429976704846,0.09297305825473207,5.423574011395852,0.8983550861240466,0.1563822223937251,1.2332597006789212,0.44604725713497206,20.0
25,8,0.11811868659891214,0.9993404113108799,0.06550272939088206,14.528382483839193,0.18511730383140726,0.18511730383140726,0.0010355365364935355,0.03734263734730414,0.11811868659891214,3.3860615120834325e-06,3.366249990513724,0.251343249961979,88.67503589893846,91.68718203439046,43.69429976704846,0.09297305825473207,5.423574011395852,0.8983550861240466,0.1563822223937251,1.2332597006789212,0.44604725713497206,20.0
25,9,0.11811868659891214,0.9993404113108799,0.06550272939088206,14.528382483839193,0.18511730383140726,0.18511730383140726,0.0010355365364935355,0.03734263734730414,0.11811868659891214,3.3860615120834325e-06,3.366249990513724,0.251343249961979,88.67503589893846,91.68718203439046,43.69429976704846,0.09297305825473207,5.423574011395852,0.8983550861240466,0.1563822223937251,1.2332597006789212,0.44604725713497206,20.0
25,10,0.11811868659891214,0.9993404113108799,0.06550272939088206,14.528382483839193,0.18511730383140726,0.18511730383140726,0.0010355365364935355,0.03734263734730414,0.11811868659891214,3.3860615120834325e-06,3.366249990513724,0.251343249961979,88.67503589893846,91.68718203439046,43.69429976704846,0.09297305825473207,5.423574011395852,0.8983550861240466,0.1563822223937251,1.2332597006789212,0.44604725713497206,20.0
26,1,0.05547928805131865,0.9999103897970893,0.035238922027041035,4.915386332545468,0.15078893709601635,0.15078893709601635,7.380815267156237e-05,0.0013742119301278963,0.05547928805131865,0.012540898167809574,2.12327087489524,0.624533532828312,74.08010640881544,139.26808204458092,24.58694038170546,0.05015172936664505,5.113536313493941,1.1868249952809127,0.05143891888966505,1.2584742330956118,0.44938291724608237,20.0
26,2,0.07635658959355536,0.942233797754765,0.04849921825110499,4.915386332545468,0.1592568624610838,0.1592568624610838,0.008502535731283454,0.012985184070539188,0.07635658959355536,0.014772278353362455,2.12327087489524,0.624533532828312,74.08010640881544,139.26808204458092,24.58694038170546,0.05015172936664505,5.113536313493941,1.1868249952809127,0.05143891888966505,1.2584742330956118,0.44938291724608237,20.0
26,3,0.07691566941299602,0.9338485955115036,0.048854229630080015,4.915386332545468,0.15928078442530266,0.15928078442530266,0.009744096057857607,0.014354338214099477,0.07691566941299602,0.01478271747492599,2.12327087489524,0.624533532828312,74.08010640881544,139.26808204458092,24.58694038170546,0.05015172936664505,5.113536313493941,1.1868249952809127,0.05143891888966505,1.2584742330956118,0.44938291724608237,20.0
26,4,0.07691657075336507,0.9338166382091367,0.04885480188540362,4.915386332545468,0.15928079979067594,0.15928079979067594,0.009747612183199398,0.014357476236832738,0.07691657075336507,0.014782725811783982,2.12327087489524,0.624533532828312,74.08010640881544,139.26808204458092,24.58694038170546,0.05015172936664505,5.113536313493941,1.1868249952809127,0.05143891888966505,1.2584742330956118,0.44938291724608237,20.0
26,5,0.07691657116303158,0.9338166153394154,0.04885480214547458,4.915386332545468,0.15928079979486331,0.15928079979486331,0.009747614283946323,0.014357477908747269,0.07691657116303158,0.014782725814362917,2.12327087489524,0.624533532828312,74.08010640881544,139.26808204458092,24.58694038170546,0.05015172936664505,5.113536313493941,1.1868249952809127,0.05143891888966505,1.2584742330956118,0.44938291724608237,20.0
26,6,0.07691657116311935,0.933816615332837,0.04885480214553029,4.915386332545468,0.15928079979486395,0.15928079979486395,0.009747614284479749,0.014357477909140996,0.07691657116311935,0.014782725814363335,2.12327087489524,0.624533532828312,74.08010640881544,139.26808204458092,24.58694038170546,0.05015172936664505,5.113536313493941,1.1868249952809127,0.05143891888966505,1.2584742330956118,0.44938291724608237,20.0
26,7,0.07691657116311937,0.933816615332836,0.048854802145530306,4.915386332545468,0.15928079979486395,0.15928079979486395,0.00974761428447982,0.014357477909141046,0.07691657116311937,0.014782725814363335,2.12327087489524,0.624533532828312,74.08010640881544,139.26808204458092,24.58694038170546,0.05015172936664505,5.113536313493941,1.1868249952809127,0.05143891888966505,1.2584742330956118,0.44938291724608237,20.0
26,8,0.07691657116311937,0.933816615332836,0.048854802145530306,4.915386332545468,0.15928079979486395,0.15928079979486395,0.00974761428447982,0.014357477909141046,0.07691657116311937,0.014782725814363335,2.12327087489524,0.624533532828312,74.08010640881544,139.26808204458092,24.58694038170546,0.05015172936664505,5.113536313493941,1.1868249952809127,0.05143891888966505,1.2584742330956118,0.44938291724608237,20.0
26,9,0.07691657116311937,0.933816615332836,0.048854802145530306,4.915386332545468,0.15928079979486395,0.15928079979486395,0.00974761428447982,0.014357477909141046,0.07691657116311937,0.014782725814363335,2.12327087489524,0.624533532828312,74.08010640881544,139.26808204458092,24.58694038170546,0.05015172936664505,5.113536313493941,1.1868249952809127,0.05143891888966505,1.2584742330956118,0.44938291724608237,20.0
26,10,0.07691657116311937,0.933816615332836,0.048854802145530306,4.915386332545468,0.15928079979486395,0.15928079979486395,0.00974761428447982,0.014357477909141046,0.07691657116311937,0.014782725814363335,2.12327087489524,0.624533532828312,74.08010640881544,139.26808204458092,24.58694038170546,0.05015172936664505,5.113536313493941,1.1868249952809127,0.05143891888966505,1.2584742330956118,0.44938291724608237,20.0
27,1,0.18524067732694074,0.9869437121370126,0.07143971210626308,12.145155713567208,0.13394661216822193,0.13394661216822193,0.025014294743598186,0.1886232022387278,0.18524067732694074,0.00010530835558225478,5.079239216528596,0.4452233345541392,152.57191407707046,38.936530297231094,69.49904840498559,0.0968082932554757,2.5917083702037447,1.057864971202448,0.16606223908545123,1.157970060728021,0.3417919220943857,20.0
27,2,0.19014221454569977,0.9404314869658826,0.07332673966521648,12.145155713567208,0.13394664008834306,0.13394664008834306,0.0820584372692654,0.22994154977846437,0.19014221454569977,0.00010532797672136087,5.079239216528596,0.4452233345541392,152.57191407707046,38.936530297231094,69.49904840498559,0.0968082932554757,2.5917083702037447,1.057864971202448,0.16606223908545123,1.157970060728021,0.3417919220943857,20.0
27,3,0.190142214546977,0.9404314614127663,0.07332673966570771,12.145155713567208,0.13394664008834306,0.13394664008834306,0.08205843736869269,0.2299415497944541,0.190142214546977,0.0001053279767213614,5.079239216528596,0.4452233345541392,152.57191407707046,38.936530297231094,69.49904840498559,0.0968082932554757,2.5917083702037447,1.057864971202448,0.16606223908545123,1.157970060728021,0.3417919220943857,20.0
27,4,0.190142214546977,0.9404314614127663,0.07332673966570771,12.145155713567208,0.13394664008834306,0.13394664008834306,0.08205843736869269,0.2299415497944541,0.190142214546977,0.0001053279767213614,5.079239216528596,0.4452233345541392,152.57191407707046,38.936530297231094,69.49904840498559,0.0968082932554757,2.5917083702037447,1.057864971202448,0.16606223908545123,1.157970060728021,0.3417919220943857,20.0
27,5,0.190142214546977,0.9404314614127663,0.07332673966570771,12.145155713567208,0.13394664008834306,0.13394664008834306,0.08205843736869269,0.2299415497944541,0.190142214546977,0.0001053279767213614,5.079239216528596,0.4452233345541392,152.57191407707046,38.936530297231094,69.49904840498559,0.0968082932554757,2.5917083702037447,1.057864971202448,0.16606223908545123,1.157970060728021,0.3417919220943857,20.0
27,6,0.190142214546977,0.9404314614127663,0.07332673966570771,12.145155713567208,0.13394664008834306,0.13394664008834306,0.08205843736869269,0.2299415497944541,0.190142214546977,0.0001053279767213614,5.079239216528596,0.4452233345541392,152.57191407707046,38.936530297231094,69.49904840498559,0.0968082932554757,2.5917083702037447,1.057864971202448,0.16606223908545123,1.157970060728021,0.3417919220943857,20.0
27,7,0.190142214546977,0.9404314614127663,0.07332673966570771,12.145155713567208,0.13394664008834306,0.13394664008834306,0.08205843736869269,0.2299415497944541,0.190142214546977,0.0001053279767213614,5.079239216528596,0.4452233345541392,152.57191407707046,38.936530297231094,69.49904840498559,0.0968082932554757,2.5917083702037447,1.057864971202448,0.16606223908545123,1.157970060728021,0.3417919220943857,20.0
27,8,0.190142214546977,0.9404314614127663,0.07332673966570771,12.145155713567208,0.13394664008834306,0.13394664008834306,0.08205843736869269,0.2299415497944541,0.190142214546977,0.0001053279767213614,5.079239216528596,0.4452233345541392,152.57191407707046,38.936530297231094,69.49904840498559,0.0968082932554757,2.5917083702037447,1.057864971202448,0.16606223908545123,1.157970060728021,0.3417919220943857,20.0
27,9,0.190142214546977,0.9404314614127663,0.07332673966570771,12.145155713567208,0.13394664008834306,0.13394664008834306,0.08205843736869269,0.2299415497944541,0.190142214546977,0.0001053279767213614,5.079239216528596,0.4452233345541392,152.57191407707046,38.936530297231094,69.49904840498559,0.0968082932554757,2.5917083702037447,1.057864971202448,0.16606223908545123,1.157970060728021,0.3417919220943857,20.0
27,10,0.190142214546977,0.9404314614127663,0.07332673966570771,12.145155713567208,0.13394664008834306,0.13394664008834306,0.08205843736869269,0.2299415497944541,0.190142214546977,0.0001053279767213614,5.079239216528596,0.4452233345541392,152.57191407707046,38.936530297231094,69.49904840498559,0.0968082932554757,2.5917083702037447,1.057864971202448,0.16606223908545123,1.157970060728021,0.3417919220943857,20.0
28,1,0.08186805670025764,0.9950183261769208,0.0494740389129494,9.565962053020638,0.15115393531957091,0.15115393531957091,0.004243694605096708,0.03384761860749111,0.08186805670025764,0.0009506019801809703,7.0941212708745045,0.9117520589713989,127.74081198078248,131.3202838820866,94.40043060672049,0.11600333261994367,4.825473005806428,0.6031054591657051,0.041280393005897885,1.3952244746972342,0.36267611447072806,20.0
28,2,0.09345003321991276,0.9857899188245488,0.05647223575332973,9.565962053020638,0.1514980016216963,0.1514980016216963,0.009239039592028958,0.052966415354647224,0.09345003321991276,0.0010081453172681065,7.0941212708745045,0.9117520589713989,127.74081198078248,131.3202838820866,94.40043060672049,0.11600333261994367,4.825473005806428,0.6031054591657051,0.041280393005897885,1.3952244746972342,0.36267611447072806,20.0
28,3,0.0934561062302427,0.9855731296282941,0.05647590410661806,9.565962053020638,0.15149803740761034,0.15149803740761034,0.009261528914833471,0.052993404212577845,0.0934561062302427,0.0010081545164302324,7.0941212708745045,0.9117520589713989,127.74081198078248,131.3202838820866,94.40043060672049,0.11600333261994367,4.825473005806428,0.6031054591657051,0.041280393005897885,1.3952244746972342,0.36267611447072806,20.0
28,4,0.0934561065556876,0.9855731030249548,0.05647590430317959,9.565962053020638,0.15149803740870943,0.15149803740870943,0.009261530716287198,0.05299340596494558,0.0934561065556876,0.0010081545167750837,7.0941212708745045,0.9117520589713989,127.74081198078248,131.3202838820866,94.40043060672049,0.11600333261994367,4.825473005806428,0.6031054591657051,0.041280393005897885,1.3952244746972342,0.36267611447072806,20.0
28,5,0.09345610655569424,0.9855731030240902,0.05647590430318362,9.565962053020638,0.15149803740870946,0.15149803740870946,0.009261530716332235,0.0529934059649848,0.09345610655569424,0.0010081545167750904,7.0941212708745045,0.9117520589713989,127.74081198078248,131.3202838820866,94.40043060672049,0.11600333261994367,4.825473005806428,0.6031054591657051,0.041280393005897885,1.3952244746972342,0.36267611447072806,20.0
28,6,0.09345610655569424,0.9855731030240902,0.05647590430318362,9.565962053020638,0.15149803740870946,0.15149803740870946,0.009261530716332237,0.0529934059649848,0.09345610655569424,0.0010081545167750904,7.0941212708745045,0.9117520589713989,127.74081198078248,131.3202838820866,94.40043060672049,0.11600333261994367,4.825473005806428,0.6031054591657051,0.041280393005897885,1.3952244746972342,0.36267611447072806,20.0
28,7,0.09345610655569424,0.9855731030240902,0.05647590430318362,9.565962053020638,0.15149803740870946,0.15149803740870946,0.009261530716332237,0.0529934059649848,0.09345610655569424,0.0010081545167750904,7.0941212708745045,0.9117520589713989,127.74081198078248,131.3202838820866,94.40043060672049,0.11600333261994367,4.825473005806428,0.6031054591657051,0.041280393005897885,1.3952244746972342,0.36267611447072806,20.0
28,8,0.09345610655569424,0.9855731030240902,0.05647590430318362,9.565962053020638,0.15149803740870946,0.15149803740870946,0.009261530716332237,0.0529934059649848,0.09345610655569424,0.0010081545167750904,7.0941212708745045,0.9117520589713989,127.74081198078248,131.3202838820866,94.40043060672049,0.11600333261994367,4.825473005806428,0.6031054591657051,0.041280393005897885,1.3952244746972342,0.36267611447072806,20.0
28,9,0.09345610655569424,0.9855731030240902,0.05647590430318362,9.565962053020638,0.15149803740870946,0.15149803740870946,0.009261530716332237,0.0529934059649848,0.09345610655569424,0.0010081545167750904,7.0941212708745045,0.9117520589713989,127.74081198078248,131.3202838820866,94.40043060672049,0.11600333261994367,4.825473005806428,0.6031054591657051,0.041280393005897885,1.3952244746972342,0.36267611447072806,20.0
28,10,0.09345610655569424,0.9855731030240902,0.05647590430318362,9.565962053020638,0.15149803740870946,0.15149803740870946,0.009261530716332237,0.0529934059649848,0.09345610655569424,0.0010081545167750904,7.0941212708745045,0.9117520589713989,127.74081198078248,131.3202838820866,94.40043060672049,0.11600333261994367,4.825473005806428,0.6031054591657051,0.041280393005897885,1.3952244746972342,0.36267611447072806,20.0
29,1,0.02440550865400763,0.999999999795973,0.019004409139854676,9.787508895793557,0.05621985492767949,0.05621985492767949,9.356313385173887e-27,3.0551127038952376e-19,0.02440550865400763,0.003952718661931864,5.224664682993066,0.6653854481185425,37.00742360104523,186.18780285463376,14.7086965519747,0.023893670820571363,2.383920447487313,1.1726678113604696,0.1465061330366211,1.457979365131314,0.4978285560159059,20.0
29,2,0.040121330744903046,0.9838848888744327,0.031242490130497225,9.787508895793557,0.058672956689795865,0.058672956689795865,0.0032065263307176307,0.004308345080090776,0.040121330744903046,0.005150104421007593,5.224664682993066,0.6653854481185425,37.00742360104523,186.18780285463376,14.7086965519747,0.023893670820571363,2.383920447487313,1.1726678113604696,0.1465061330366211,1.457979365131314,0.4978285560159059,20.0
29,3,0.040523176225270935,0.9794376529803546,0.031555320409667714,9.787508895793557,0.05867296552718697,0.05867296552718697,0.004124078017032628,0.005481655079054715,0.040523176225270935,0.005150113698189961,5.224664682993066,0.6653854481185425,37.00742360104523,186.18780285463376,14.7086965519747,0.023893670820571363,2.383920447487313,1.1726678113604696,0.1465061330366211,1.457979365131314,0.4978285560159059,20.0
29,4,0.040523177000126503,0.9794376236788113,0.03155532101266637,9.787508895793557,0.05867296552718733,0.05867296552718733,0.004124082854560111,0.005481659468351164,0.040523177000126503,0.0051501136981904425,5.224664682993066,0.6653854481185425,37.00742360104523,186.18780285463376,14.7086965519747,0.023893670820571363,2.383920447487313,1.1726678113604696,0.1465061330366211,1.457979365131314,0.4978285560159059,20.0
29,5,0.040523177000126524,0.9794376236788097,0.031555321012666386,9.787508895793557,0.05867296552718733,0.05867296552718733,0.004124082854560318,0.005481659468351318,0.040523177000126524,0.0051501136981904425,5.224664682993066,0.6653854481185425,37.00742360104523,186.18780285463376,14.7086965519747,0.023893670820571363,2.383920447487313,1.1726678113604696,0.1465061330366211,1.457979365131314,0.4978285560159059,20.0
29,6,0.040523177000126524,0.9794376236788097,0.031555321012666386,9.787508895793557,0.05867296552718733,0.05867296552718733,0.004124082854560318,0.005481659468351318,0.040523177000126524,0.0051501136981904425,5.224664682993066,0.6653854481185425,37.00742360104523,186.18780285463376,14.7086965519747,0.023893670820571363,2.383920447487313,1.1726678113604696,0.1465061330366211,1.457979365131314,0.4978285560159059,20.0
29,7,0.040523177000126524,0.9794376236788097,0.031555321012666386,9.787508895793557,0.05867296552718733,0.05867296552718733,0.004124082854560318,0.005481659468351318,0.040523177000126524,0.0051501136981904425,5.224664682993066,0.6653854481185425,37.00742360104523,186.18780285463376,14.7086965519747,0.023893670820571363,2.383920447487313,1.1726678113604696,0.1465061330366211,1.457979365131314,0.4978285560159059,20.0
29,8,0.040523177000126524,0.9794376236788097,0.031555321012666386,9.787508895793557,0.05867296552718733,0.05867296552718733,0.004124082854560318,0.005481659468351318,0.040523177000126524,0.0051501136981904425,5.224664682993066,0.6653854481185425,37.00742360104523,186.18780285463376,14.7086965519747,0.023893670820571363,2.383920447487313,1.1726678113604696,0.1465061330366211,1.457979365131314,0.4978285560159059,20.0
29,9,0.040523177000126524,0.9794376236788097,0.031555321012666386,9.787508895793557,0.05867296552718733,0.05867296552718733,0.004124082854560318,0.005481659468351318,0.040523177000126524,0.0051501136981904425,5.224664682993066,0.6653854481185425,37.00742360104523,186.18780285463376,14.7086965519747,0.023893670820571363,2.383920447487313,1.1726678113604696,0.1465061330366211,1.457979365131314,0.4978285560159059,20.0
29,10,0.040523177000126524,0.9794376236788097,0.031555321012666386,9.787508895793557,0.05867296552718733,0.05867296552718733,0.004124082854560318,0.005481659468351318,0.040523177000126524,0.0051501136981904425,5.224664682993066,0.6653854481185425,37.00742360104523,186.18780285463376,14.7086965519747,0.023893670820571363,2.383920447487313,1.1726678113604696,0.1465061330366211,1.457979365131314,0.4978285560159059,20.0
30,1,0.10771789738156623,0.9999998916414741,0.05565760226408517,10.80362478061421,0.09530147815340997,0.09530147815340997,1.6163496617515388e-07,3.157784931260619e-05,0.10771789738156623,0.0074531209387545165,6.493227939817971,0.6938986342465813,122.74726199755791,136.53832107020074,16.127714473503843,0.07710343237095423,2.066060486175951,1.163476543359235,0.057956665294273776,1.9390318389761179,0.3268902592258866,20.0
30,2,0.13229395360326812,0.9638915962536768,0.06835593660113448,10.80362478061421,0.0975129725930611,0.0975129725930611,0.004970880362247827,0.0074856634116439065,0.13229395360326812,0.00806387035938292,6.493227939817971,0.6938986342465813,122.74726199755791,136.53832107020074,16.127714473503843,0.07710343237095423,2.066060486175951,1.163476543359235,0.057956665294273776,1.9390318389761179,0.3268902592258866,20.0
30,3,0.13256184186275596,0.9614047480491578,0.06849432391734149,10.80362478061421,0.09751554121643416,0.09751554121643416,0.005295617989397528,0.007932235255269432,0.13256184186275596,0.008065100102229572,6.493227939817971,0.6938986342465813,122.74726199755791,136.53832107020074,16.127714473503843,0.07710343237095423,2.066060486175951,1.163476543359235,0.057956665294273776,1.9390318389761179,0.3268902592258866,20.0
30,4,0.13256200652387198,0.9614007565429663,0.06849440896604721,10.80362478061421,0.09751554185979013,0.09751554185979013,0.005295989458370883,0.0079326592368108,0.13256200652387198,0.008065100509770289,6.493227939817971,0.6938986342465813,122.74726199755791,136.53832107020074,16.127714473503843,0.07710343237095423,2.066060486175951,1.163476543359235,0.057956665294273776,1.9390318389761179,0.3268902592258866,20.0
30,5,0.13256200654955266,0.961400755411719,0.06849440897931013,10.80362478061421,0.09751554185985103,0.09751554185985103,0.005295989539660157,0.007932659318731418,0.13256200654955266,0.00806510050981631,6.493227939817971,0.6938986342465813,122.74726199755791,136.53832107020074,16.127714473503843,0.07710343237095423,2.066060486175951,1.163476543359235,0.057956665294273776,1.9390318389761179,0.3268902592258866,20.0
30,6,0.13256200654955436,0.961400755411605,0.06849440897931099,10.80362478061421,0.09751554185985103,0.09751554185985103,0.0052959895396668035,0.007932659318737538,0.13256200654955436,0.008065100509816311,6.493227939817971,0.6938986342465813,122.74726199755791,136.53832107020074,16.127714473503843,0.07710343237095423,2.066060486175951,1.163476543359235,0.057956665294273776,1.9390318389761179,0.3268902592258866,20.0
30,7,0.13256200654955436,0.961400755411605,0.06849440897931099,10.80362478061421,0.09751554185985103,0.09751554185985103,0.0052959895396668035,0.007932659318737538,0.13256200654955436,0.008065100509816311,6.493227939817971,0.6938986342465813,122.74726199755791,136.53832107020074,16.127714473503843,0.07710343237095423,2.066060486175951,1.163476543359235,0.057956665294273776,1.9390318389761179,0.3268902592258866,20.0
30,8,0.13256200654955436,0.961400755411605,0.06849440897931099,10.80362478061421,0.09751554185985103,0.09751554185985103,0.0052959895396668035,0.007932659318737538,0.13256200654955436,0.008065100509816311,6.493227939817971,0.6938986342465813,122.74726199755791,136.53832107020074,16.127714473503843,0.07710343237095423,2.066060486175951,1.163476543359235,0.057956665294273776,1.9390318389761179,0.3268902592258866,20.0
30,9,0.13256200654955436,0.961400755411605,0.06849440897931099,10.80362478061421,0.09751554185985103,0.09751554185985103,0.0052959895396668035,0.007932659318737538,0.13256200654955436,0.008065100509816311,6.493227939817971,0.6938986342465813,122.74726199755791,136.53832107020074,16.127714473503843,0.07710343237095423,2.066060486175951,1.163476543359235,0.057956665294273776,1.9390318389761179,0.3268902592258866,20.0
30,10,0.13256200654955436,0.961400755411605,0.06849440897931099,10.80362478061421,0.09751554185985103,0.09751554185985103,0.0052959895396668035,0.007932659318737538,0.13256200654955436,0.008065100509816311,6.493227939817971,0.6938986342465813,122.74726199755791,136.53832107020074,16.127714473503843,0.07710343237095423,2.066060486175951,1.163476543359235,0.057956665294273776,1.9390318389761179,0.3268902592258866,20.0
31,1,0.053225954015959434,0.999999999806712,0.019102757885507197,10.38205301335935,0.6319346869399703,0.6319346869399703,3.211575927971156e-26,4.057400637440968e-21,0.053225954015959434,0.024179878645470474,7.86214789865061,0.8152996465775383,153.49354241488035,50.420396996994704,46.91745818213252,0.05719218321836318,5.497315418005548,1.1464227082589915,0.17957815624361417,0.9593444702296472,0.32230028699096436,20.0
31,2,0.19329642377051795,0.820606939819673,0.06941299333942852,10.38205301335935,0.6761974395787298,0.6761974395787298,0.027714565984468566,0.04846148122596067,0.19329642377051795,0.03310254500521394,7.86214789865061,0.8152996465775383,153.49354241488035,50.420396996994704,46.91745818213252,0.05719218321836318,5.497315418005548,1.1464227082589915,0.17957815624361417,0.9593444702296472,0.32230028699096436,20.0
31,3,0.19735934549059206,0.7922994688970345,0.07087210672857941,10.38205301335935,0.676259916050405,0.676259916050405,0.03122716066745369,0.05319749597929826,0.19735934549059206,0.033127990446339406,7.86214789865061,0.8152996465775383,153.49354241488035,50.420396996994704,46.91745818213252,0.05719218321836318,5.497315418005548,1.1464227082589915,0.17957815624361417,0.9593444702296472,0.32230028699096436,20.0
31,4,0.19736105923441677,0.7922435867586831,0.07087272199513475,10.38205301335935,0.6762599185607091,0.6762599185607091,0.031230693442544352,0.05320124810512072,0.19736105923441677,0.033127991899121294,7.86214789865061,0.8152996465775383,153.49354241488035,50.420396996994704,46.91745818213252,0.05719218321836318,5.497315418005548,1.1464227082589915,0.17957815624361417,0.9593444702296472,0.32230028699096436,20.0
31,5,0.1973610592608467,0.7922435842905173,0.0708727220046214,10.38205301335935,0.6762599185607191,0.6762599185607191,0.031230693529944033,0.05320124818276877,0.1973610592608467,0.03312799189912825,7.86214789865061,0.8152996465775383,153.49354241488035,50.420396996994704,46.91745818213252,0.05719218321836318,5.497315418005548,1.1464227082589915,0.17957815624361417,0.9593444702296472,0.32230028699096436,20.0
31,6,0.19736105926084677,0.7922435842905072,0.0708727220046214,10.38205301335935,0.6762599185607191,0.6762599185607191,0.031230693529944297,0.05320124818276905,0.19736105926084677,0.03312799189912825,7.86214789865061,0.8152996465775383,153.49354241488035,50.420396996994704,46.91745818213252,0.05719218321836318,5.497315418005548,1.1464227082589915,0.17957815624361417,0.9593444702296472,0.32230028699096436,20.0
31,7,0.19736105926084677,0.7922435842905072,0.0708727220046214,10.38205301335935,0.6762599185607191,0.6762599185607191,0.031230693529944297,0.05320124818276905,0.19736105926084677,0.03312799189912825,7.86214789865061,0.8152996465775383,153.49354241488035,50.420396996994704,46.91745818213252,0.05719218321836318,5.497315418005548,1.1464227082589915,0.17957815624361417,0.9593444702296472,0.32230028699096436,20.0
31,8,0.19736105926084677,0.7922435842905072,0.0708727220046214,10.38205301335935,0.6762599185607191,0.6762599185607191,0.031230693529944297,0.05320124818276905,0.19736105926084677,0.03312799189912825,7.86214789865061,0.8152996465775383,153.49354241488035,50.420396996994704,46.91745818213252,0.05719218321836318,5.497315418005548,1.1464227082589915,0.17957815624361417,0.9593444702296472,0.32230028699096436,20.0
31,9,0.19736105926084677,0.7922435842905072,0.0708727220046214,10.38205301335935,0.6762599185607191,0.6762599185607191,0.031230693529944297,0.05320124818276905,0.19736105926084677,0.03312799189912825,7.86214789865061,0.8152996465775383,153.49354241488035,50.420396996994704,46.91745818213252,0.05719218321836318,5.497315418005548,1.1464227082589915,0.17957815624361417,0.9593444702296472,0.32230028699096436,20.0
31,10,0.19736105926084677,0.7922435842905072,0.0708727220046214,10.38205301335935,0.6762599185607191,0.6762599185607191,0.031230693529944297,0.05320124818276905,0.19736105926084677,0.03312799189912825,7.86214789865061,0.8152996465775383,153.49354241488035,50.420396996994704,46.91745818213252,0.05719218321836318,5.497315418005548,1.1464227082589915,0.17957815624361417,0.9593444702296472,0.32230028699096436,20.0
32,1,0.09172764301810177,0.999999999931622,0.05074007101486615,9.306485300321922,0.17616858484500736,0.17616858484500736,1.4618036479302507e-12,7.931721576942038e-09,0.09172764301810177,0.0071640166468901105,7.793798009850479,0.9768816276605631,110.11743525974337,104.46247698636225,56.72371038683456,0.13867254935088738,4.736043948004149,0.9378129727975457,0.09356851664931262,1.8563820137722238,0.3230824898139049,20.0
32,2,0.11459289951368286,0.9657533314837686,0.06338825894358498,9.306485300321922,0.17916220734610375,0.17916220734610375,0.004818671507306124,0.007129005022116087,0.11459289951368286,0.007643495354913634,7.793798009850479,0.9768816276605631,110.11743525974337,104.46247698636225,56.72371038683456,0.13867254935088738,4.736043948004149,0.9378129727975457,0.09356851664931262,1.8563820137722238,0.3230824898139049,20.0
32,3,0.1147756346619382,0.9638199384909337,0.06348931459680891,9.306485300321922,0.17916259923966815,0.17916259923966815,0.005075863584831088,0.007480546591734715,0.1147756346619382,0.007643616406627586,7.793798009850479,0.9768816276605631,110.11743525974337,104.46247698636225,56.72371038683456,0.13867254935088738,4.736043948004149,0.9378129727975457,0.09356851664931262,1.8563820137722238,0.3230824898139049,20.0
32,4,0.11477564544400108,0.963819568543439,0.06348932055808126,9.306485300321922,0.17916259924385916,0.17916259924385916,0.0050758960885065015,0.007480581818695703,0.11477564544400108,0.0076436164083705255,7.793798009850479,0.9768816276605631,110.11743525974337,104.46247698636225,56.72371038683456,0.13867254935088738,4.736043948004149,0.9378129727975457,0.09356851664931262,1.8563820137722238,0.3230824898139049,20.0
32,5,0.11477564544406652,0.9638195685389637,0.06348932055811744,9.306485300321922,0.17916259924385916,0.17916259924385916,0.005075896088798587,0.0074805818189686265,0.11477564544406652,0.007643616408370531,7.793798009850479,0.9768816276605631,110.11743525974337,104.46247698636225,56.72371038683456,0.13867254935088738,4.736043948004149,0.9378129727975457,0.09356851664931262,1.8563820137722238,0.3230824898139049,20.0
32,6,0.11477564544406652,0.9638195685389637,0.06348932055811744,9.306485300321922,0.17916259924385916,0.17916259924385916,0.005075896088798588,0.007480581818968628,0.11477564544406652,0.007643616408370531,7.793798009850479,0.9768816276605631,110.11743525974337,104.46247698636225,56.72371038683456,0.13867254935088738,4.736043948004149,0.9378129727975457,0.09356851664931262,1.8563820137722238,0.3230824898139049,20.0
32,7,0.11477564544406652,0.9638195685389637,0.06348932055811744,9.306485300321922,0.17916259924385916,0.17916259924385916,0.005075896088798588,0.007480581818968628,0.11477564544406652,0.007643616408370531,7.793798009850479,0.9768816276605631,110.11743525974337,104.46247698636225,56.72371038683456,0.13867254935088738,4.736043948004149,0.9378129727975457,0.09356851664931262,1.8563820137722238,0.3230824898139049,20.0
32,8,0.11477564544406652,0.9638195685389637,0.06348932055811744,9.306485300321922,0.17916259924385916,0.17916259924385916,0.005075896088798588,0.007480581818968628,0.11477564544406652,0.007643616408370531,7.793798009850479,0.9768816276605631,110.11743525974337,104.46247698636225,56.72371038683456,0.13867254935088738,4.736043948004149,0.9378129727975457,0.09356851664931262,1.8563820137722238,0.3230824898139049,20.0
32,9,0.11477564544406652,0.9638195685389637,0.06348932055811744,9.306485300321922,0.17916259924385916,0.17916259924385916,0.005075896088798588,0.007480581818968628,0.11477564544406652,0.007643616408370531,7.793798009850479,0.9768816276605631,110.11743525974337,104.46247698636225,56.72371038683456,0.13867254935088738,4.736043948004149,0.9378129727975457,0.09356851664931262,1.8563820137722238,0.3230824898139049,20.0
32,10,0.11477564544406652,0.9638195685389637,0.06348932055811744,9.306485300321922,0.17916259924385916,0.17916259924385916,0.005075896088798588,0.007480581818968628,0.11477564544406652,0.007643616408370531,7.793798009850479,0.9768816276605631,110.11743525974337,104.46247698636225,56.72371038683456,0.13867254935088738,4.736043948004149,0.9378129727975457,0.09356851664931262,1.8563820137722238,0.3230824898139049,20.0
33,1,0.04061643817125966,0.9996001185705989,0.02671527156582532,4.355267153524922,0.22522868362319154,0.22522868362319154,0.00020763533621235967,0.0029929191447387133,0.04061643817125966,0.012001025762888005,2.9443344336822435,0.9297807484418682,57.32804820616687,88.99980589851057,59.714305562182375,0.05784996680555529,5.416872834063215,1.0752505168655626,0.037244368860631684,1.026451486648149,0.42991368871950597,20.0
33,2,0.06499399418564442,0.9377289029851011,0.04274885735949907,4.355267153524922,0.25197288087996317,0.25197288087996317,0.010754441923995368,0.01941668907648094,0.06499399418564442,0.01602298006234016,2.9443344336822435,0.9297807484418682,57.32804820616687,88.99980589851057,59.714305562182375,0.05784996680555529,5.416872834063215,1.0752505168655626,0.037244368860631684,1.026451486648149,0.42991368871950597,20.0
33,3,0.06701795151369161,0.9222497359496082,0.044079866557375544,4.355267153524922,0.25256585215958116,0.25256585215958116,0.013709361994403792,0.022966673382168318,0.06701795151369161,0.016164642736267016,2.9443344336822435,0.9297807484418682,57.32804820616687,88.99980589851057,59.714305562182375,0.05784996680555529,5.416872834063215,1.0752505168655626,0.037244368860631684,1.026451486648149,0.42991368871950597,20.0
33,4,0.06705123607005432,0.9217626215376564,0.04410175328244085,4.355267153524922,0.2525712401391932,0.2525712401391932,0.013787863655076848,0.023045759439381544,0.06705123607005432,0.016166238234009412,2.9443344336822435,0.9297807484418682,57.32804820616687,88.99980589851057,59.714305562182375,0.05784996680555529,5.416872834063215,1.0752505168655626,0.037244368860631684,1.026451486648149,0.42991368871950597,20.0
33,5,0.06705148452365627,0.9217574307067169,0.04410191664677566,4.355267153524922,0.25257126863674884,0.25257126863674884,0.013788611216725519,0.023046443362519767,0.06705148452365627,0.016166247829884052,2.9443344336822435,0.9297807484418682,57.32804820616687,88.99980589851057,59.714305562182375,0.05784996680555529,5.416872834063215,1.0752505168655626,0.037244368860631684,1.026451486648149,0.42991368871950597,20.0
33,6,0.06705148566499804,0.9217574007207034,0.044101917397204385,4.355267153524922,0.2525712687407483,0.2525712687407483,0.013788615222406911,0.023046446800723593,0.06705148566499804,0.016166247868095684,2.9443344336822435,0.9297807484418682,57.32804820616687,88.99980589851057,59.714305562182375,0.05784996680555529,5.416872834063215,1.0752505168655626,0.037244368860631684,1.026451486648149,0.42991368871950597,20.0
33,7,0.06705148566873964,0.9217574006049276,0.044101917399664396,4.355267153524922,0.25257126874103675,0.25257126874103675,0.013788615237042185,0.02304644681271645,0.06705148566873964,0.016166247868208684,2.9443344336822435,0.9297807484418682,57.32804820616687,88.99980589851057,59.714305562182375,0.05784996680555529,5.416872834063215,1.0752505168655626,0.037244368860631684,1.026451486648149,0.42991368871950597,20.0
33,8,0.06705148566874918,0.9217574006045937,0.04410191739967067,4.355267153524922,0.2525712687410374,0.2525712687410374,0.013788615237082634,0.023046446812748433,0.06705148566874918,0.016166247868208954,2.9443344336822435,0.9297807484418682,57.32804820616687,88.99980589851057,59.714305562182375,0.05784996680555529,5.416872834063215,1.0752505168655626,0.037244368860631684,1.026451486648149,0.42991368871950597,20.0
33,9,0.06705148566874918,0.9217574006045929,0.044101917399670676,4.355267153524922,0.2525712687410374,0.2525712687410374,0.013788615237082726,0.02304644681274851,0.06705148566874918,0.016166247868208954,2.9443344336822435,0.9297807484418682,57.32804820616687,88.99980589851057,59.714305562182375,0.05784996680555529,5.416872834063215,1.0752505168655626,0.037244368860631684,1.026451486648149,0.42991368871950597,20.0
33,10,0.06705148566874918,0.9217574006045929,0.044101917399670676,4.355267153524922,0.2525712687410374,0.2525712687410374,0.013788615237082726,0.02304644681274851,0.06705148566874918,0.016166247868208954,2.9443344336822435,0.9297807484418682,57.32804820616687,88.99980589851057,59.714305562182375,0.05784996680555529,5.416872834063215,1.0752505168655626,0.037244368860631684,1.026451486648149,0.42991368871950597,20.0
34,1,0.09433185340322324,0.5588266160130737,0.0378676376179174,56.34933836758811,0.20072952436707134,0.20072952436707134,0.12010640841840899,0.1509062973405412,0.09433185340322324,0.007819327390863141,6.92260498042411,0.12474824513797758,162.96702664922393,48.51551685733783,74.31581850021152,0.11108358915978003,2.865659050077237,0.667601307254418,0.029210595813435304,1.4845629499185817,0.48508958847758277,20.0
34,2,0.09722033175734301,0.5001906184197356,0.03902696309919818,56.34933836758811,0.2014019040459653,0.2014019040459653,0.12925437110765908,0.1579626140945106,0.09722033175734301,0.00792335138200537,6.92260498042411,0.12474824513797758,162.96702664922393,48.51551685733783,74.31581850021152,0.11108358915978003,2.865659050077237,0.667601307254418,0.029210595813435304,1.4845629499185817,0.48508958847758277,20.0
34,3,0.09722320958015468,0.5000197348358009,0.03902811806190922,56.34933836758811,0.20140251145842475,0.20140251145842475,0.1292659717630718,0.15797070860502002,0.09722320958015468,0.007923469691868872,6.92260498042411,0.12474824513797758,162.96702664922393,48.51551685733783,74.31581850021152,0.11108358915978003,2.865659050077237,0.667601307254418,0.029210595813435304,1.4845629499185817,0.48508958847758277,20.0
34,4,0.09722321134285226,0.5000195771756785,0.03902811876931262,56.34933836758811,0.20140251181290486,0.20140251181290486,0.12926597960292974,0.15797071385625258,0.09722321134285226,0.00792346976896655,6.92260498042411,0.12474824513797758,162.96702664922393,48.51551685733783,74.31581850021152,0.11108358915978003,2.865659050077237,0.667601307254418,0.029210595813435304,1.4845629499185817,0.48508958847758277,20.0
34,5,0.0972232113436714,0.5000195770829177,0.03902811876964133,56.34933836758811,0.20140251181306468,0.20140251181306468,0.1292659796067869,0.15797071385877393,0.0972232113436714,0.007923469769003738,6.92260498042411,0.12474824513797758,162.96702664922393,48.51551685733783,74.31581850021152,0.11108358915978003,2.865659050077237,0.667601307254418,0.029210595813435304,1.4845629499185817,0.48508958847758277,20.0
34,6,0.09722321134367169,0.5000195770828757,0.03902811876964146,56.34933836758811,0.20140251181306476,0.20140251181306476,0.1292659796067884,0.15797071385877495,0.09722321134367169,0.007923469769003752,6.92260498042411,0.12474824513797758,162.96702664922393,48.51551685733783,74.31581850021152,0.11108358915978003,2.865659050077237,0.667601307254418,0.029210595813435304,1.4845629499185817,0.48508958847758277,20.0
34,7,0.09722321134367169,0.5000195770828757,0.03902811876964146,56.34933836758811,0.20140251181306476,0.20140251181306476,0.1292659796067884,0.15797071385877498,0.09722321134367169,0.007923469769003752,6.92260498042411,0.12474824513797758,162.96702664922393,48.51551685733783,74.31581850021152,0.11108358915978003,2.865659050077237,0.667601307254418,0.029210595813435304,1.4845629499185817,0.48508958847758277,20.0
34,8,0.09722321134367169,0.5000195770828757,0.03902811876964146,56.34933836758811,0.20140251181306476,0.20140251181306476,0.1292659796067884,0.15797071385877498,0.09722321134367169,0.007923469769003752,6.92260498042411,0.12474824513797758,162.96702664922393,48.51551685733783,74.31581850021152,0.11108358915978003,2.865659050077237,0.667601307254418,0.029210595813435304,1.4845629499185817,0.48508958847758277,20.0
34,9,0.09722321134367169,0.5000195770828757,0.03902811876964146,56.34933836758811,0.20140251181306476,0.20140251181306476,0.1292659796067884,0.15797071385877498,0.09722321134367169,0.007923469769003752,6.92260498042411,0.12474824513797758,162.96702664922393,48.51551685733783,74.31581850021152,0.11108358915978003,2.865659050077237,0.667601307254418,0.029210595813435304,1.4845629499185817,0.48508958847758277,20.0
34,10,0.09722321134367169,0.5000195770828757,0.03902811876964146,56.34933836758811,0.20140251181306476,0.20140251181306476,0.1292659796067884,0.15797071385877498,0.09722321134367169,0.007923469769003752,6.92260498042411,0.12474824513797758,162.96702664922393,48.51551685733783,74.31581850021152,0.11108358915978003,2.865659050077237,0.667601307254418,0.029210595813435304,1.4845629499185817,0.48508958847758277,20.0
35,1,0.13191948458455557,0.999555902326602,0.0633264268444829,4.66215191044084,0.05414715215414363,0.05414715215414363,0.0007047931596831263,0.008934003212466912,0.13191948458455557,0.010040492108330674,2.691321098632988,0.7486113805361914,115.55848014315247,88.17649236542735,37.06051660796264,0.04388367034421006,2.324590738018756,0.6974278598626068,0.1421180568684251,1.797161052150674,0.42441401870516887,20.0
35,2,0.1542539814662372,0.9754441317948561,0.07404691459741203,4.66215191044084,0.054200920749012636,0.054200920749012636,0.003934006107206937,0.02527605696737422,0.1542539814662372,0.010135559885420633,2.691321098632988,0.7486113805361914,115.55848014315247,88.17649236542735,37.06051660796264,0.04388367034421006,2.324590738018756,0.6974278598626068,0.1421180568684251,1.797161052150674,0.42441401870516887,20.0
35,3,0.15425415564209938,0.9752950953945454,0.07404699809897818,4.66215191044084,0.05420092075096972,0.05420092075096972,0.003936316527682169,0.025277244436985376,0.15425415564209938,0.01013555989084611,2.691321098632988,0.7486113805361914,115.55848014315247,88.17649236542735,37.06051660796264,0.04388367034421006,2.324590738018756,0.6974278598626068,0.1421180568684251,1.797161052150674,0.42441401870516887,20.0
35,4,0.15425415564210002,0.9752950953891516,0.07404699809897847,4.66215191044084,0.05420092075096972,0.05420092075096972,0.003936316527698574,0.025277244436990944,0.15425415564210002,0.01013555989084611,2.691321098632988,0.7486113805361914,115.55848014315247,88.17649236542735,37.06051660796264,0.04388367034421006,2.324590738018756,0.6974278598626068,0.1421180568684251,1.797161052150674,0.42441401870516887,20.0
35,5,0.15425415564210002,0.9752950953891516,0.07404699809897847,4.66215191044084,0.05420092075096972,0.05420092075096972,0.003936316527698574,0.025277244436990944,0.15425415564210002,0.01013555989084611,2.691321098632988,0.7486113805361914,115.55848014315247,88.17649236542735,37.06051660796264,0.04388367034421006,2.324590738018756,0.6974278598626068,0.1421180568684251,1.797161052150674,0.42441401870516887,20.0
35,6,0.15425415564210002,0.9752950953891516,0.07404699809897847,4.66215191044084,0.05420092075096972,0.05420092075096972,0.003936316527698574,0.025277244436990944,0.15425415564210002,0.01013555989084611,2.691321098632988,0.7486113805361914,115.55848014315247,88.17649236542735,37.06051660796264,0.04388367034421006,2.324590738018756,0.6974278598626068,0.1421180568684251,1.797161052150674,0.42441401870516887,20.0
35,7,0.15425415564210002,0.9752950953891516,0.07404699809897847,4.66215191044084,0.05420092075096972,0.05420092075096972,0.003936316527698574,0.025277244436990944,0.15425415564210002,0.01013555989084611,2.691321098632988,0.7486113805361914,115.55848014315247,88.17649236542735,37.06051660796264,0.04388367034421006,2.324590738018756,0.6974278598626068,0.1421180568684251,1.797161052150674,0.42441401870516887,20.0
35,8,0.15425415564210002,0.9752950953891516,0.07404699809897847,4.66215191044084,0.05420092075096972,0.05420092075096972,0.003936316527698574,0.025277244436990944,0.15425415564210002,0.01013555989084611,2.691321098632988,0.7486113805361914,115.55848014315247,88.17649236542735,37.06051660796264,0.04388367034421006,2.324590738018756,0.6974278598626068,0.1421180568684251,1.797161052150674,0.42441401870516887,20.0
35,9,0.15425415564210002,0.9752950953891516,0.07404699809897847,4.66215191044084,0.05420092075096972,0.05420092075096972,0.003936316527698574,0.025277244436990944,0.15425415564210002,0.01013555989084611,2.691321098632988,0.7486113805361914,115.55848014315247,88.17649236542735,37.06051660796264,0.04388367034421006,2.324590738018756,0.6974278598626068,0.1421180568684251,1.797161052150674,0.42441401870516887,20.0
35,10,0.15425415564210002,0.9752950953891516,0.07404699809897847,4.66215191044084,0.05420092075096972,0.05420092075096972,0.003936316527698574,0.025277244436990944,0.15425415564210002,0.01013555989084611,2.691321098632988,0.7486113805361914,115.55848014315247,88.17649236542735,37.06051660796264,0.04388367034421006,2.324590738018756,0.6974278598626068,0.1421180568684251,1.797161052150674,0.42441401870516887,20.0
36,1,0.14183040945092545,0.9628678880888469,0.0649623629752998,20.88760609599992,0.06068294484826359,0.06068294484826359,0.02750486017237337,0.10494046942824806,0.14183040945092545,0.00041889878914985724,4.85038251440922,0.2489452267291825,158.64618738586532,129.67954883298918,21.415372751586904,0.07341112156243407,3.3891634600200353,0.36658971958129505,0.05758810983293301,1.6873334514095502,0.3316298601412971,20.0
36,2,0.15350621278639223,0.9370073750979796,0.07030865537286604,20.88760609599992,0.06070883348012912,0.06070883348012912,0.042772573344223526,0.13403649517451718,0.15350621278639223,0.00043420232757101167,4.85038251440922,0.2489452267291825,158.64618738586532,129.67954883298918,21.415372751586904,0.07341112156243407,3.3891634600200353,0.36658971958129505,0.05758810983293301,1.6873334514095502,0.3316298601412971,20.0
36,3,0.15350654505702924,0.9369672296898264,0.07030880745992756,20.88760609599992,0.06070883375777906,0.06070883375777906,0.042774437833662825,0.1340380831578505,0.15350654505702924,0.0004342025806411383,4.85038251440922,0.2489452267291825,158.64618738586532,129.67954883298918,21.415372751586904,0.07341112156243407,3.3891634600200353,0.36658971958129505,0.05758810983293301,1.6873334514095502,0.3316298601412971,20.0
36,4,0.1535065450581173,0.9369672292394993,0.07030880746042552,20.88760609599992,0.06070883375777971,0.06070883375777971,0.04277443784243332,0.13403808316392704,0.1535065450581173,0.0004342025806418659,4.85038251440922,0.2489452267291825,158.64618738586532,129.67954883298918,21.415372751586904,0.07341112156243407,3.3891634600200353,0.36658971958129505,0.05758810983293301,1.6873334514095502,0.3316298601412971,20.0
36,5,0.1535065450581173,0.9369672292394982,0.07030880746042552,20.88760609599992,0.06070883375777971,0.06070883375777971,0.04277443784243333,0.13403808316392707,0.1535065450581173,0.0004342025806418659,4.85038251440922,0.2489452267291825,158.64618738586532,129.67954883298918,21.415372751586904,0.07341112156243407,3.3891634600200353,0.36658971958129505,0.05758810983293301,1.6873334514095502,0.3316298601412971,20.0
36,6,0.1535065450581173,0.9369672292394982,0.07030880746042552,20.88760609599992,0.06070883375777971,0.06070883375777971,0.04277443784243333,0.13403808316392707,0.1535065450581173,0.0004342025806418659,4.85038251440922,0.2489452267291825,158.64618738586532,129.67954883298918,21.415372751586904,0.07341112156243407,3.3891634600200353,0.36658971958129505,0.05758810983293301,1.6873334514095502,0.3316298601412971,20.0
36,7,0.1535065450581173,0.9369672292394982,0.07030880746042552,20.88760609599992,0.06070883375777971,0.06070883375777971,0.04277443784243333,0.13403808316392707,0.1535065450581173,0.0004342025806418659,4.85038251440922,0.2489452267291825,158.64618738586532,129.67954883298918,21.415372751586904,0.07341112156243407,3.3891634600200353,0.36658971958129505,0.05758810983293301,1.6873334514095502,0.3316298601412971,20.0
36,8,0.1535065450581173,0.9369672292394982,0.07030880746042552,20.88760609599992,0.06070883375777971,0.06070883375777971,0.04277443784243333,0.13403808316392707,0.1535065450581173,0.0004342025806418659,4.85038251440922,0.2489452267291825,158.64618738586532,129.67954883298918,21.415372751586904,0.07341112156243407,3.3891634600200353,0.36658971958129505,0.05758810983293301,1.6873334514095502,0.3316298601412971,20.0
36,9,0.1535065450581173,0.9369672292394982,0.07030880746042552,20.88760609599992,0.06070883375777971,0.06070883375777971,0.04277443784243333,0.13403808316392707,0.1535065450581173,0.0004342025806418659,4.85038251440922,0.2489452267291825,158.64618738586532,129.67954883298918,21.415372751586904,0.07341112156243407,3.3891634600200353,0.36658971958129505,0.05758810983293301,1.6873334514095502,0.3316298601412971,20.0
36,10,0.1535065450581173,0.9369672292394982,0.07030880746042552,20.88760609599992,0.06070883375777971,0.06070883375777971,0.04277443784243333,0.13403808316392707,0.1535065450581173,0.0004342025806418659,4.85038251440922,0.2489452267291825,158.64618738586532,129.67954883298918,21.415372751586904,0.07341112156243407,3.3891634600200353,0.36658971958129505,0.05758810983293301,1.6873334514095502,0.3316298601412971,20.0
37,1,0.04478254473683392,0.9999999820585908,0.03255196149159626,28.905932966512644,0.07190770327329774,0.07190770327329774,3.471045004656188e-08,2.9828756225226326e-05,0.04478254473683392,1.435690136293093e-10,7.61498153927692,0.2847408715267568,77.4060811714023,173.22614947049854,86.02443163896287,0.02709931155396364,3.510469842631159,0.37167322312799767,0.12981937208235764,0.7023379484068211,0.38568601232279603,20.0
37,2,0.05635207396943344,0.9999997192514202,0.04096172285733236,28.905932966512644,0.07190770328290656,0.07190770328290656,5.460875652093145e-07,0.0001451186344401188,0.05635207396943344,1.5124683922934039e-10,7.61498153927692,0.2847408715267568,77.4060811714023,173.22614947049854,86.02443163896287,0.02709931155396364,3.510469842631159,0.37167322312799767,0.12981937208235764,0.7023379484068211,0.38568601232279603,20.0
37,3,0.05635207396957306,0.9999997192306375,0.040961722857433755,28.905932966512644,0.07190770328290656,0.07190770328290656,5.460891825439424e-07,0.00014511863576661596,0.05635207396957306,1.512468392293407e-10,7.61498153927692,0.2847408715267568,77.4060811714023,173.22614947049854,86.02443163896287,0.02709931155396364,3.510469842631159,0.37167322312799767,0.12981937208235764,0.7023379484068211,0.38568601232279603,20.0
37,4,0.05635207396957306,0.9999997192306375,0.040961722857433755,28.905932966512644,0.07190770328290656,0.07190770328290656,5.460891825439424e-07,0.00014511863576661596,0.05635207396957306,1.512468392293407e-10,7.61498153927692,0.2847408715267568,77.4060811714023,173.22614947049854,86.02443163896287,0.02709931155396364,3.510469842631159,0.37167322312799767,0.12981937208235764,0.7023379484068211,0.38568601232279603,20.0
37,5,0.05635207396957306,0.9999997192306375,0.040961722857433755,28.905932966512644,0.07190770328290656,0.07190770328290656,5.460891825439424e-07,0.00014511863576661596,0.05635207396957306,1.512468392293407e-10,7.61498153927692,0.2847408715267568,77.4060811714023,173.22614947049854,86.02443163896287,0.02709931155396364,3.510469842631159,0.37167322312799767,0.12981937208235764,0.7023379484068211,0.38568601232279603,20.0
37,6,0.05635207396957306,0.9999997192306375,0.040961722857433755,28.905932966512644,0.07190770328290656,0.07190770328290656,5.460891825439424e-07,0.00014511863576661596,0.05635207396957306,1.512468392293407e-10,7.61498153927692,0.2847408715267568,77.4060811714023,173.22614947049854,86.02443163896287,0.02709931155396364,3.510469842631159,0.37167322312799767,0.12981937208235764,0.7023379484068211,0.38568601232279603,20.0
37,7,0.05635207396957306,0.9999997192306375,0.040961722857433755,28.905932966512644,0.07190770328290656,0.07190770328290656,5.460891825439424e-07,0.00014511863576661596,0.05635207396957306,1.512468392293407e-10,7.61498153927692,0.2847408715267568,77.4060811714023,173.22614947049854,86.02443163896287,0.02709931155396364,3.510469842631159,0.37167322312799767,0.12981937208235764,0.7023379484068211,0.38568601232279603,20.0
37,8,0.05635207396957306,0.9999997192306375,0.040961722857433755,28.905932966512644,0.07190770328290656,0.07190770328290656,5.460891825439424e-07,0.00014511863576661596,0.05635207396957306,1.512468392293407e-10,7.61498153927692,0.2847408715267568,77.4060811714023,173.22614947049854,86.02443163896287,0.02709931155396364,3.510469842631159,0.37167322312799767,0.12981937208235764,0.7023379484068211,0.38568601232279603,20.0
37,9,0.05635207396957306,0.9999997192306375,0.040961722857433755,28.905932966512644,0.07190770328290656,0.07190770328290656,5.460891825439424e-07,0.00014511863576661596,0.05635207396957306,1.512468392293407e-10,7.61498153927692,0.2847408715267568,77.4060811714023,173.22614947049854,86.02443163896287,0.02709931155396364,3.510469842631159,0.37167322312799767,0.12981937208235764,0.7023379484068211,0.38568601232279603,20.0
37,10,0.05635207396957306,0.9999997192306375,0.040961722857433755,28.905932966512644,0.07190770328290656,0.07190770328290656,5.460891825439424e-07,0.00014511863576661596,0.05635207396957306,1.512468392293407e-10,7.61498153927692,0.2847408715267568,77.4060811714023,173.22614947049854,86.02443163896287,0.02709931155396364,3.510469842631159,0.37167322312799767,0.12981937208235764,0.7023379484068211,0.38568601232279603,20.0
38,1,0.11266417099899616,0.9999999999624183,0.06136006792271744,15.679672478718457,0.05603525255323031,0.05603525255323031,2.2520448107025157e-13,1.8771132789640368e-10,0.11266417099899616,4.902220575557108e-05,7.932973322757837,0.5849971671192065,177.77990509632957,187.14887208682742,49.49598623148782,0.030297899260444024,3.5879273765720603,0.6390741297101339,0.1442754633414887,1.1083750435913555,0.3982474346362844,20.0
38,2,0.12534590507368198,0.9998571436395894,0.06826689782265047,15.679672478718457,0.05603570270472141,0.05603570270472141,8.7296859302848e-06,1.0398425824440178e-05,0.12534590507368198,4.9308170868584225e-05,7.932973322757837,0.5849971671192065,177.77990509632957,187.14887208682742,49.49598623148782,0.030297899260444024,3.5879273765720603,0.6390741297101339,0.1442754633414887,1.1083750435913555,0.3982474346362844,20.0
38,3,0.1253459108794939,0.9998564362933029,0.0682669009825756,15.679672478718457,0.05603570270472143,0.05603570270472143,8.761013885963978e-06,1.043191253186754e-05,0.1253459108794939,4.930817086859064e-05,7.932973322757837,0.5849971671192065,177.77990509632957,187.14887208682742,49.49598623148782,0.030297899260444024,3.5879273765720603,0.6390741297101339,0.1442754633414887,1.1083750435913555,0.3982474346362844,20.0
38,4,0.1253459108794939,0.9998564362933029,0.0682669009825756,15.679672478718457,0.05603570270472143,0.05603570270472143,8.761013885964149e-06,1.0431912531867685e-05,0.1253459108794939,4.930817086859064e-05,7.932973322757837,0.5849971671192065,177.77990509632957,187.14887208682742,49.49598623148782,0.030297899260444024,3.5879273765720603,0.6390741297101339,0.1442754633414887,1.1083750435913555,0.3982474346362844,20.0
38,5,0.1253459108794939,0.9998564362933029,0.0682669009825756,15.679672478718457,0.05603570270472143,0.05603570270472143,8.761013885964149e-06,1.0431912531867685e-05,0.1253459108794939,4.930817086859064e-05,7.932973322757837,0.5849971671192065,177.77990509632957,187.14887208682742,49.49598623148782,0.030297899260444024,3.5879273765720603,0.6390741297101339,0.1442754633414887,1.1083750435913555,0.3982474346362844,20.0
38,6,0.1253459108794939,0.9998564362933029,0.0682669009825756,15.679672478718457,0.05603570270472143,0.05603570270472143,8.761013885964149e-06,1.0431912531867685e-05,0.1253459108794939,4.930817086859064e-05,7.932973322757837,0.5849971671192065,177.77990509632957,187.14887208682742,49.49598623148782,0.030297899260444024,3.5879273765720603,0.6390741297101339,0.1442754633414887,1.1083750435913555,0.3982474346362844,20.0
38,7,0.1253459108794939,0.9998564362933029,0.0682669009825756,15.679672478718457,0.05603570270472143,0.05603570270472143,8.761013885964149e-06,1.0431912531867685e-05,0.1253459108794939,4.930817086859064e-05,7.932973322757837,0.5849971671192065,177.77990509632957,187.14887208682742,49.49598623148782,0.030297899260444024,3.5879273765720603,0.6390741297101339,0.1442754633414887,1.1083750435913555,0.3982474346362844,20.0
38,8,0.1253459108794939,0.9998564362933029,0.0682669009825756,15.679672478718457,0.05603570270472143,0.05603570270472143,8.761013885964149e-06,1.0431912531867685e-05,0.1253459108794939,4.930817086859064e-05,7.932973322757837,0.5849971671192065,177.77990509632957,187.14887208682742,49.49598623148782,0.030297899260444024,3.5879273765720603,0.6390741297101339,0.1442754633414887,1.1083750435913555,0.3982474346362844,20.0
38,9,0.1253459108794939,0.9998564362933029,0.0682669009825756,15.679672478718457,0.05603570270472143,0.05603570270472143,8.761013885964149e-06,1.0431912531867685e-05,0.1253459108794939,4.930817086859064e-05,7.932973322757837,0.5849971671192065,177.77990509632957,187.14887208682742,49.49598623148782,0.030297899260444024,3.5879273765720603,0.6390741297101339,0.1442754633414887,1.1083750435913555,0.3982474346362844,20.0
38,10,0.1253459108794939,0.9998564362933029,0.0682669009825756,15.679672478718457,0.05603570270472143,0.05603570270472143,8.761013885964149e-06,1.0431912531867685e-05,0.1253459108794939,4.930817086859064e-05,7.932973322757837,0.5849971671192065,177.77990509632957,187.14887208682742,49.49598623148782,0.030297899260444024,3.5879273765720603,0.6390741297101339,0.1442754633414887,1.1083750435913555,0.3982474346362844,20.0
39,1,0.040049786722259985,0.14681170681881703,0.0116877038615662,3.6487412509585826,0.36079110203377185,0.36079110203377185,0.1497431866625094,0.10709264820876949,0.040049786722259985,0.03592220174747874,2.277639638934878,0.7318391304236711,141.72417273711392,40.53770259320358,26.23014024960077,0.09653212189561884,2.7480209365640564,1.1882703932341458,0.0904878944394595,0.6304485529117212,0.4947186780384283,20.0
39,2,0.040061954994304906,0.12743868796564142,0.011691252922145547,3.6487412509585826,0.36079146940613505,0.36079146940613505,0.14992421107609263,0.10714401480245136,0.040061954994304906,0.03592233527888586,2.277639638934878,0.7318391304236711,141.72417273711392,40.53770259320358,26.23014024960077,0.09653212189561884,2.7480209365640564,1.1882703932341458,0.0904878944394595,0.6304485529117212,0.4947186780384283,20.0
39,3,0.040061954994892776,0.12743867367551714,0.01169125292231697,3.6487412509585826,0.36079146940614526,0.36079146940614526,0.14992421108813972,0.10714401480528124,0.040061954994892776,0.03592233527888998,2.277639638934878,0.7318391304236711,141.72417273711392,40.53770259320358,26.23014024960077,0.09653212189561884,2.7480209365640564,1.1882703932341458,0.0904878944394595,0.6304485529117212,0.4947186780384283,20.0
39,4,0.040061954994892776,0.12743867367551678,0.01169125292231697,3.6487412509585826,0.36079146940614526,0.36079146940614526,0.14992421108813972,0.10714401480528124,0.040061954994892776,0.03592233527888998,2.277639638934878,0.7318391304236711,141.72417273711392,40.53770259320358,26.23014024960077,0.09653212189561884,2.7480209365640564,1.1882703932341458,0.0904878944394595,0.6304485529117212,0.4947186780384283,20.0
39,5,0.040061954994892776,0.12743867367551678,0.01169125292231697,3.6487412509585826,0.36079146940614526,0.36079146940614526,0.14992421108813972,0.10714401480528124,0.040061954994892776,0.03592233527888998,2.277639638934878,0.7318391304236711,141.72417273711392,40.53770259320358,26.23014024960077,0.09653212189561884,2.7480209365640564,1.1882703932341458,0.0904878944394595,0.6304485529117212,0.4947186780384283,20.0
39,6,0.040061954994892776,0.12743867367551678,0.01169125292231697,3.6487412509585826,0.36079146940614526,0.36079146940614526,0.14992421108813972,0.10714401480528124,0.040061954994892776,0.03592233527888998,2.277639638934878,0.7318391304236711,141.72417273711392,40.53770259320358,26.23014024960077,0.09653212189561884,2.7480209365640564,1.1882703932341458,0.0904878944394595,0.6304485529117212,0.4947186780384283,20.0
39,7,0.040061954994892776,0.12743867367551678,0.01169125292231697,3.6487412509585826,0.36079146940614526,0.36079146940614526,0.14992421108813972,0.10714401480528124,0.040061954994892776,0.03592233527888998,2.277639638934878,0.7318391304236711,141.72417273711392,40.53770259320358,26.23014024960077,0.09653212189561884,2.7480209365640564,1.1882703932341458,0.0904878944394595,0.6304485529117212,0.4947186780384283,20.0
39,8,0.040061954994892776,0.12743867367551678,0.01169125292231697,3.6487412509585826,0.36079146940614526,0.36079146940614526,0.14992421108813972,0.10714401480528124,0.040061954994892776,0.03592233527888998,2.277639638934878,0.7318391304236711,141.72417273711392,40.53770259320358,26.23014024960077,0.09653212189561884,2.7480209365640564,1.1882703932341458,0.0904878944394595,0.6304485529117212,0.4947186780384283,20.0
39,9,0.040061954994892776,0.12743867367551678,0.01169125292231697,3.6487412509585826,0.36079146940614526,0.36079146940614526,0.14992421108813972,0.10714401480528124,0.040061954994892776,0.03592233527888998,2.277639638934878,0.7318391304236711,141.72417273711392,40.53770259320358,26.23014024960077,0.09653212189561884,2.7480209365640564,1.1882703932341458,0.0904878944394595,0.6304485529117212,0.4947186780384283,20.0
39,10,0.040061954994892776,0.12743867367551678,0.01169125292231697,3.6487412509585826,0.36079146940614526,0.36079146940614526,0.14992421108813972,0.10714401480528124,0.040061954994892776,0.03592233527888998,2.277639638934878,0.7318391304236711,141.72417273711392,40.53770259320358,26.23014024960077,0.09653212189561884,2.7480209365640564,1.1882703932341458,0.0904878944394595,0.6304485529117212,0.4947186780384283,20.0
40,1,0.11893814779089029,0.9998564645531253,0.06307959941587196,8.659842024642458,0.06968936052815586,0.06968936052815586,0.0002674189820590173,0.004574383807616484,0.11893814779089029,4.924749782444719e-05,3.7272607378643654,0.541586258314145,174.4006913558622,135.98043868041805,83.58385335309228,0.03192434582982352,4.3209169426870515,0.6223711914964826,0.12399570792291478,0.9194738126727544,0.404346469988762,20.0
40,2,0.13225280406181483,0.9994172930627304,0.07014073638130591,8.659842024642458,0.06968947408292409,0.06968947408292409,0.0009018717495208755,0.011101704826433394,0.13225280406181483,4.9356674315505004e-05,3.7272607378643654,0.541586258314145,174.4006913558622,135.98043868041805,83.58385335309228,0.03192434582982352,4.3209169426870515,0.6223711914964826,0.12399570792291478,0.9194738126727544,0.404346469988762,20.0
40,3,0.1322528041572008,0.9994171367828032,0.07014073643183738,8.659842024642458,0.0696894740829241,0.0696894740829241,0.0009018731413891784,0.011101705746230098,0.1322528041572008,4.9356674315506265e-05,3.7272607378643654,0.541586258314145,174.4006913558622,135.98043868041805,83.58385335309228,0.03192434582982352,4.3209169426870515,0.6223711914964826,0.12399570792291478,0.9194738126727544,0.404346469988762,20.0
40,4,0.1322528041572008,0.9994171367828032,0.07014073643183738,8.659842024642458,0.0696894740829241,0.0696894740829241,0.0009018731413891784,0.011101705746230098,0.1322528041572008,4.9356674315506265e-05,3.7272607378643654,0.541586258314145,174.4006913558622,135.98043868041805,83.58385335309228,0.03192434582982352,4.3209169426870515,0.6223711914964826,0.12399570792291478,0.9194738126727544,0.404346469988762,20.0
40,5,0.1322528041572008,0.9994171367828032,0.07014073643183738,8.659842024642458,0.0696894740829241,0.0696894740829241,0.0009018731413891784,0.011101705746230098,0.1322528041572008,4.9356674315506265e-05,3.7272607378643654,0.541586258314145,174.4006913558622,135.98043868041805,83.58385335309228,0.03192434582982352,4.3209169426870515,0.6223711914964826,0.12399570792291478,0.9194738126727544,0.404346469988762,20.0
40,6,0.1322528041572008,0.9994171367828032,0.07014073643183738,8.659842024642458,0.0696894740829241,0.0696894740829241,0.0009018731413891784,0.011101705746230098,0.1322528041572008,4.9356674315506265e-05,3.7272607378643654,0.541586258314145,174.4006913558622,135.98043868041805,83.58385335309228,0.03192434582982352,4.3209169426870515,0.6223711914964826,0.12399570792291478,0.9194738126727544,0.404346469988762,20.0
40,7,0.1322528041572008,0.9994171367828032,0.07014073643183738,8.659842024642458,0.0696894740829241,0.0696894740829241,0.0009018731413891784,0.011101705746230098,0.1322528041572008,4.9356674315506265e-05,3.7272607378643654,0.541586258314145,174.4006913558622,135.98043868041805,83.58385335309228,0.03192434582982352,4.3209169426870515,0.6223711914964826,0.12399570792291478,0.9194738126727544,0.404346469988762,20.0
40,8,0.1322528041572008,0.9994171367828032,0.07014073643183738,8.659842024642458,0.0696894740829241,0.0696894740829241,0.0009018731413891784,0.011101705746230098,0.1322528041572008,4.9356674315506265e-05,3.7272607378643654,0.541586258314145,174.4006913558622,135.98043868041805,83.58385335309228,0.03192434582982352,4.3209169426870515,0.6223711914964826,0.12399570792291478,0.9194738126727544,0.404346469988762,20.0
40,9,0.1322528041572008,0.9994171367828032,0.07014073643183738,8.659842024642458,0.0696894740829241,0.0696894740829241,0.0009018731413891784,0.011101705746230098,0.1322528041572008,4.9356674315506265e-05,3.7272607378643654,0.541586258314145,174.4006913558622,135.98043868041805,83.58385335309228,0.03192434582982352,4.3209169426870515,0.6223711914964826,0.12399570792291478,0.9194738126727544,0.404346469988762,20.0
40,10,0.1322528041572008,0.9994171367828032,0.07014073643183738,8.659842024642458,0.0696894740829241,0.0696894740829241,0.0009018731413891784,0.011101705746230098,0.1322528041572008,4.9356674315506265e-05,3.7272607378643654,0.541586258314145,174.4006913558622,135.98043868041805,83.58385335309228,0.03192434582982352,4.3209169426870515,0.6223711914964826,0.12399570792291478,0.9194738126727544,0.404346469988762,20.0
41,1,0.023079087222004916,0.30533474615663403,0.01374561329354132,11.67868030619772,0.13026634972414247,0.13026634972414247,0.13080031058498884,0.08772715089380038,0.023079087222004916,0.057100530836094565,3.1951662996766377,0.32409733137804453,120.48604017123544,156.84311744732685,50.31726928188627,0.13684377833385553,4.214200116678905,0.31415982207961696,0.026546362284854266,0.9208835696074749,0.3150178582434277,20.0
41,2,0.024136032376770106,0.2788842371326661,0.0143750895008791,11.67868030619772,0.13032927438588202,0.13032927438588202,0.1364631079655332,0.09212250627026466,0.024136032376770106,0.05711580429109021,3.1951662996766377,0.32409733137804453,120.48604017123544,156.84311744732685,50.31726928188627,0.13684377833385553,4.214200116678905,0.31415982207961696,0.026546362284854266,0.9208835696074749,0.3150178582434277,20.0
41,3,0.024136317761231374,0.2788745431987866,0.014375259458351868,11.67868030619772,0.13032928973633434,0.13032928973633434,0.1364648819703526,0.09212378551508277,0.024136317761231374,0.05711580832209294,3.1951662996766377,0.32409733137804453,120.48604017123544,156.84311744732685,50.31726928188627,0.13684377833385553,4.214200116678905,0.31415982207961696,0.026546362284854266,0.9208835696074749,0.3150178582434277,20.0
41,4,0.024136317819400434,0.27887454071485596,0.014375259492993115,11.67868030619772,0.13032928973930172,0.13032928973930172,0.13646488235781198,0.0921237857852823,0.024136317819400434,0.05711580832290557,3.1951662996766377,0.32409733137804453,120.48604017123544,156.84311744732685,50.31726928188627,0.13684377833385553,4.214200116678905,0.31415982207961696,0.026546362284854266,0.9208835696074749,0.3150178582434277,20.0
41,5,0.024136317819410526,0.2788745407143639,0.014375259492999124,11.67868030619772,0.1303292897393022,0.1303292897393022,0.1364648823578821,0.09212378578533019,0.024136317819410526,0.05711580832290573,3.1951662996766377,0.32409733137804453,120.48604017123544,156.84311744732685,50.31726928188627,0.13684377833385553,4.214200116678905,0.31415982207961696,0.026546362284854266,0.9208835696074749,0.3150178582434277,20.0
41,6,0.02413631781941053,0.2788745407143639,0.014375259492999127,11.67868030619772,0.1303292897393022,0.1303292897393022,0.13646488235788212,0.09212378578533019,0.02413631781941053,0.05711580832290573,3.1951662996766377,0.32409733137804453,120.48604017123544,156.84311744732685,50.31726928188627,0.13684377833385553,4.214200116678905,0.31415982207961696,0.026546362284854266,0.9208835696074749,0.3150178582434277,20.0
41,7,0.02413631781941053,0.2788745407143639,0.014375259492999127,11.67868030619772,0.1303292897393022,0.1303292897393022,0.13646488235788212,0.09212378578533019,0.02413631781941053,0.05711580832290573,3.1951662996766377,0.32409733137804453,120.48604017123544,156.84311744732685,50.31726928188627,0.13684377833385553,4.214200116678905,0.31415982207961696,0.026546362284854266,0.9208835696074749,0.3150178582434277,20.0
41,8,0.02413631781941053,0.2788745407143639,0.014375259492999127,11.67868030619772,0.1303292897393022,0.1303292897393022,0.13646488235788212,0.09212378578533019,0.02413631781941053,0.05711580832290573,3.1951662996766377,0.32409733137804453,120.48604017123544,156.84311744732685,50.31726928188627,0.13684377833385553,4.214200116678905,0.31415982207961696,0.026546362284854266,0.9208835696074749,0.3150178582434277,20.0
41,9,0.02413631781941053,0.2788745407143639,0.014375259492999127,11.67868030619772,0.1303292897393022,0.1303292897393022,0.13646488235788212,0.09212378578533019,0.02413631781941053,0.05711580832290573,3.1951662996766377,0.32409733137804453,120.48604017123544,156.84311744732685,50.31726928188627,0.13684377833385553,4.214200116678905,0.31415982207961696,0.026546362284854266,0.9208835696074749,0.3150178582434277,20.0
41,10,0.02413631781941053,0.2788745407143639,0.014375259492999127,11.67868030619772,0.1303292897393022,0.1303292897393022,0.13646488235788212,0.09212378578533019,0.02413631781941053,0.05711580832290573,3.1951662996766377,0.32409733137804453,120.48604017123544,156.84311744732685,50.31726928188627,0.13684377833385553,4.214200116678905,0.31415982207961696,0.026546362284854266,0.9208835696074749,0.3150178582434277,20.0
42,1,0.22347924847460143,0.9999814109901778,0.08379706131035677,8.791412585574783,0.26820146825377905,0.26820146825377905,6.903085780235251e-05,0.022359666512068315,0.22347924847460143,0.0026319573211307365,6.50250790993709,0.8339439915596142,199.5979412596382,67.06935788759168,64.68465881958633,0.08279735860393143,5.728829705068119,1.3336532016504916,0.14593249745755493,0.5525255370541311,0.333247640191975,20.0
42,2,0.24245429870021296,0.991549781393314,0.09090706829754472,8.791412585574783,0.26820300060557556,0.26820300060557556,0.0013405664650977076,0.08595931103101005,0.24245429870021296,0.0026323369458679463,6.50250790993709,0.8339439915596142,199.5979412596382,67.06935788759168,64.68465881958633,0.08279735860393143,5.728829705068119,1.3336532016504916,0.14593249745755493,0.5525255370541311,0.333247640191975,20.0
42,3,0.24245429934744936,0.9915492172293263,0.09090706853976066,8.791412585574783,0.2682030006055773,0.2682030006055773,0.001340572148384777,0.08595931716603969,0.24245429934744936,0.0026323369458686498,6.50250790993709,0.8339439915596142,199.5979412596382,67.06935788759168,64.68465881958633,0.08279735860393143,5.728829705068119,1.3336532016504916,0.14593249745755493,0.5525255370541311,0.333247640191975,20.0
42,4,0.24245429934744936,0.9915492172293257,0.09090706853976066,8.791412585574783,0.2682030006055773,0.2682030006055773,0.001340572148384778,0.08595931716603969,0.24245429934744936,0.0026323369458686498,6.50250790993709,0.8339439915596142,199.5979412596382,67.06935788759168,64.68465881958633,0.08279735860393143,5.728829705068119,1.3336532016504916,0.14593249745755493,0.5525255370541311,0.333247640191975,20.0
42,5,0.24245429934744936,0.9915492172293257,0.09090706853976066,8.791412585574783,0.2682030006055773,0.2682030006055773,0.001340572148384778,0.08595931716603969,0.24245429934744936,0.0026323369458686498,6.50250790993709,0.8339439915596142,199.5979412596382,67.06935788759168,64.68465881958633,0.08279735860393143,5.728829705068119,1.3336532016504916,0.14593249745755493,0.5525255370541311,0.333247640191975,20.0
42,6,0.24245429934744936,0.9915492172293257,0.09090706853976066,8.791412585574783,0.2682030006055773,0.2682030006055773,0.001340572148384778,0.08595931716603969,0.24245429934744936,0.0026323369458686498,6.50250790993709,0.8339439915596142,199.5979412596382,67.06935788759168,64.68465881958633,0.08279735860393143,5.728829705068119,1.3336532016504916,0.14593249745755493,0.5525255370541311,0.333247640191975,20.0
42,7,0.24245429934744936,0.9915492172293257,0.09090706853976066,8.791412585574783,0.2682030006055773,0.2682030006055773,0.001340572148384778,0.08595931716603969,0.24245429934744936,0.0026323369458686498,6.50250790993709,0.8339439915596142,199.5979412596382,67.06935788759168,64.68465881958633,0.08279735860393143,5.728829705068119,1.3336532016504916,0.14593249745755493,0.5525255370541311,0.333247640191975,20.0
42,8,0.24245429934744936,0.9915492172293257,0.09090706853976066,8.791412585574783,0.2682030006055773,0.2682030006055773,0.001340572148384778,0.08595931716603969,0.24245429934744936,0.0026323369458686498,6.50250790993709,0.8339439915596142,199.5979412596382,67.06935788759168,64.68465881958633,0.08279735860393143,5.728829705068119,1.3336532016504916,0.14593249745755493,0.5525255370541311,0.333247640191975,20.0
42,9,0.24245429934744936,0.9915492172293257,0.09090706853976066,8.791412585574783,0.2682030006055773,0.2682030006055773,0.001340572148384778,0.08595931716603969,0.24245429934744936,0.0026323369458686498,6.50250790993709,0.8339439915596142,199.5979412596382,67.06935788759168,64.68465881958633,0.08279735860393143,5.728829705068119,1.3336532016504916,0.14593249745755493,0.5525255370541311,0.333247640191975,20.0
42,10,0.24245429934744936,0.9915492172293257,0.09090706853976066,8.791412585574783,0.2682030006055773,0.2682030006055773,0.001340572148384778,0.08595931716603969,0.24245429934744936,0.0026323369458686498,6.50250790993709,0.8339439915596142,199.5979412596382,67.06935788759168,64.68465881958633,0.08279735860393143,5.728829705068119,1.3336532016504916,0.14593249745755493,0.5525255370541311,0.333247640191975,20.0
43,1,0.11581616889935613,0.9999999999284681,0.06001267647779148,15.020176330926839,0.13936891659147588,0.13936891659147588,2.0957051962816754e-11,1.8361333906707932e-07,0.11581616889935613,0.0014006436209810218,6.132654966871704,0.4408742217230974,108.21939505713482,83.99241572823057,54.00754598705632,0.12103620117367393,4.032310483453328,1.3396174740385431,0.10897748609604724,1.8441831601355987,0.38380171300684457,20.0
43,2,0.1380965106446334,0.9940075056246477,0.07155777750061529,15.020176330926839,0.13972741519022694,0.13972741519022694,0.0007699752416081327,0.0010894454804571032,0.1380965106446334,0.0014660860898833975,6.132654966871704,0.4408742217230974,108.21939505713482,83.99241572823057,54.00754598705632,0.12103620117367393,4.032310483453328,1.3396174740385431,0.10897748609604724,1.8441831601355987,0.38380171300684457,20.0
43,3,0.13811296551551253,0.9937542237710882,0.07156630013525085,15.020176330926839,0.13972741921867843,0.13972741921867843,0.0007991292046842505,0.0011272985882871138,0.13811296551551253,0.001466087362221832,6.132654966871704,0.4408742217230974,108.21939505713482,83.99241572823057,54.00754598705632,0.12103620117367393,4.032310483453328,1.3396174740385431,0.10897748609604724,1.8441831601355987,0.38380171300684457,20.0
43,4,0.13811296559602151,0.993754220055324,0.07156630017693902,15.020176330926839,0.13972741921868323,0.13972741921868323,0.0007991294869014726,0.0011272988753419522,0.13811296559602151,0.0014660873622238447,6.132654966871704,0.4408742217230974,108.21939505713482,83.99241572823057,54.00754598705632,0.12103620117367393,4.032310483453328,1.3396174740385431,0.10897748609604724,1.8441831601355987,0.38380171300684457,20.0
43,5,0.1381129655960216,0.9937542200553192,0.07156630017693905,15.020176330926839,0.13972741921868323,0.13972741921868323,0.0007991294869017372,0.0011272988753421795,0.1381129655960216,0.0014660873622238447,6.132654966871704,0.4408742217230974,108.21939505713482,83.99241572823057,54.00754598705632,0.12103620117367393,4.032310483453328,1.3396174740385431,0.10897748609604724,1.8441831601355987,0.38380171300684457,20.0
43,6,0.1381129655960216,0.9937542200553192,0.07156630017693905,15.020176330926839,0.13972741921868323,0.13972741921868323,0.0007991294869017372,0.0011272988753421795,0.1381129655960216,0.0014660873622238447,6.132654966871704,0.4408742217230974,108.21939505713482,83.99241572823057,54.00754598705632,0.12103620117367393,4.032310483453328,1.3396174740385431,0.10897748609604724,1.8441831601355987,0.38380171300684457,20.0
43,7,0.1381129655960216,0.9937542200553192,0.07156630017693905,15.020176330926839,0.13972741921868323,0.13972741921868323,0.0007991294869017372,0.0011272988753421795,0.1381129655960216,0.0014660873622238447,6.132654966871704,0.4408742217230974,108.21939505713482,83.99241572823057,54.00754598705632,0.12103620117367393,4.032310483453328,1.3396174740385431,0.10897748609604724,1.8441831601355987,0.38380171300684457,20.0
43,8,0.1381129655960216,0.9937542200553192,0.07156630017693905,15.020176330926839,0.13972741921868323,0.13972741921868323,0.0007991294869017372,0.0011272988753421795,0.1381129655960216,0.0014660873622238447,6.132654966871704,0.4408742217230974,108.21939505713482,83.99241572823057,54.00754598705632,0.12103620117367393,4.032310483453328,1.3396174740385431,0.10897748609604724,1.8441831601355987,0.38380171300684457,20.0
43,9,0.1381129655960216,0.9937542200553192,0.07156630017693905,15.020176330926839,0.13972741921868323,0.13972741921868323,0.0007991294869017372,0.0011272988753421795,0.1381129655960216,0.0014660873622238447,6.132654966871704,0.4408742217230974,108.21939505713482,83.99241572823057,54.00754598705632,0.12103620117367393,4.032310483453328,1.3396174740385431,0.10897748609604724,1.8441831601355987,0.38380171300684457,20.0
43,10,0.1381129655960216,0.9937542200553192,0.07156630017693905,15.020176330926839,0.13972741921868323,0.13972741921868323,0.0007991294869017372,0.0011272988753421795,0.1381129655960216,0.0014660873622238447,6.132654966871704,0.4408742217230974,108.21939505713482,83.99241572823057,54.00754598705632,0.12103620117367393,4.032310483453328,1.3396174740385431,0.10897748609604724,1.8441831601355987,0.38380171300684457,20.0
44,1,0.09166748606200048,0.5205361663814934,0.03657526279650009,4.982523910925313,0.14246401549813623,0.14246401549813623,0.13062332700040202,0.1726049380641291,0.09166748606200048,0.0073605929665119425,3.598411470141637,0.9000020029450234,191.633384174157,56.238116722106234,84.38333498204351,0.08209680125260196,3.4345107359782334,0.6122225139104489,0.038958325232324814,1.1711981317803661,0.4111003499290969,20.0
44,2,0.09312922912308855,0.46816343855052545,0.03715835316217638,4.982523910925313,0.14258871908281462,0.14258871908281462,0.13700540490348367,0.17747704749917023,0.09312922912308855,0.007402759738885161,3.598411470141637,0.9000020029450234,191.633384174157,56.238116722106234,84.38333498204351,0.08209680125260196,3.4345107359782334,0.6122225139104489,0.038958325232324814,1.1711981317803661,0.4111003499290969,20.0
44,3,0.09312936649980041,0.46812372273900615,0.03715840795487605,4.982523910925313,0.14258872580095466,0.14258872580095466,0.13700628591600214,0.17747760660990206,0.09312936649980041,0.007402762553675451,3.598411470141637,0.9000020029450234,191.633384174157,56.238116722106234,84.38333498204351,0.08209680125260196,3.4345107359782334,0.6122225139104489,0.038958325232324814,1.1711981317803661,0.4111003499290969,20.0
44,4,0.09312936650358317,0.46812372060270235,0.03715840795638472,4.982523910925313,0.14258872580110205,0.14258872580110205,0.13700628594364933,0.17747760662635767,0.09312936650358317,0.007402762553743419,3.598411470141637,0.9000020029450234,191.633384174157,56.238116722106234,84.38333498204351,0.08209680125260196,3.4345107359782334,0.6122225139104489,0.038958325232324814,1.1711981317803661,0.4111003499290969,20.0
44,5,0.0931293665035832,0.4681237206026556,0.03715840795638474,4.982523910925313,0.14258872580110205,0.14258872580110205,0.13700628594364977,0.17747760662635798,0.0931293665035832,0.007402762553743419,3.598411470141637,0.9000020029450234,191.633384174157,56.238116722106234,84.38333498204351,0.08209680125260196,3.4345107359782334,0.6122225139104489,0.038958325232324814,1.1711981317803661,0.4111003499290969,20.0
44,6,0.0931293665035832,0.4681237206026556,0.03715840795638474,4.982523910925313,0.14258872580110205,0.14258872580110205,0.13700628594364977,0.17747760662635798,0.0931293665035832,0.007402762553743419,3.598411470141637,0.9000020029450234,191.633384174157,56.238116722106234,84.38333498204351,0.08209680125260196,3.4345107359782334,0.6122225139104489,0.038958325232324814,1.1711981317803661,0.4111003499290969,20.0
44,7,0.0931293665035832,0.4681237206026556,0.03715840795638474,4.982523910925313,0.14258872580110205,0.14258872580110205,0.13700628594364977,0.17747760662635798,0.0931293665035832,0.007402762553743419,3.598411470141637,0.9000020029450234,191.633384174157,56.238116722106234,84.38333498204351,0.08209680125260196,3.4345107359782334,0.6122225139104489,0.038958325232324814,1.1711981317803661,0.4111003499290969,20.0
44,8,0.0931293665035832,0.4681237206026556,0.03715840795638474,4.982523910925313,0.14258872580110205,0.14258872580110205,0.13700628594364977,0.17747760662635798,0.0931293665035832,0.007402762553743419,3.598411470141637,0.9000020029450234,191.633384174157,56.238116722106234,84.38333498204351,0.08209680125260196,3.4345107359782334,0.6122225139104489,0.038958325232324814,1.1711981317803661,0.4111003499290969,20.0
44,9,0.0931293665035832,0.4681237206026556,0.03715840795638474,4.982523910925313,0.14258872580110205,0.14258872580110205,0.13700628594364977,0.17747760662635798,0.0931293665035832,0.007402762553743419,3.598411470141637,0.9000020029450234,191.633384174157,56.238116722106234,84.38333498204351,0.08209680125260196,3.4345107359782334,0.6122225139104489,0.038958325232324814,1.1711981317803661,0.4111003499290969,20.0
44,10,0.0931293665035832,0.4681237206026556,0.03715840795638474,4.982523910925313,0.14258872580110205,0.14258872580110205,0.13700628594364977,0.17747760662635798,0.0931293665035832,0.007402762553743419,3.598411470141637,0.9000020029450234,191.633384174157,56.238116722106234,84.38333498204351,0.08209680125260196,3.4345107359782334,0.6122225139104489,0.038958325232324814,1.1711981317803661,0.4111003499290969,20.0
45,1,0.080341591378512,0.999992839514636,0.04903333075682028,11.24683680120706,0.2527852330770132,0.2527852330770132,1.448047747837456e-05,0.005931271331688867,0.080341591378512,7.560976944214071e-06,6.384440497349216,0.6800921882813514,105.83012212532589,174.7286914006017,22.387898122339053,0.089682150984867,4.7051582792964,1.1809774531240846,0.1200342196126903,0.5793055785285212,0.3371106014348473,20.0
45,2,0.09487077985509194,0.9999089674141296,0.057899021203107484,11.24683680120706,0.2527854027055275,0.2527854027055275,0.00015246655331345145,0.02532159251422934,0.09487077985509194,7.600419545004127e-06,6.384440497349216,0.6800921882813514,105.83012212532589,174.7286914006017,22.387898122339053,0.089682150984867,4.7051582792964,1.1809774531240846,0.1200342196126903,0.5793055785285212,0.3371106014348473,20.0
45,3,0.09487078033090421,0.9999088735023572,0.05789902149312646,11.24683680120706,0.2527854027055276,0.2527854027055276,0.00015247121104335935,0.025321596827009088,0.09487078033090421,7.600419545024863e-06,6.384440497349216,0.6800921882813514,105.83012212532589,174.7286914006017,22.387898122339053,0.089682150984867,4.7051582792964,1.1809774531240846,0.1200342196126903,0.5793055785285212,0.3371106014348473,20.0
45,4,0.09487078033090421,0.9999088735023572,0.05789902149312646,11.24683680120706,0.2527854027055276,0.2527854027055276,0.00015247121104336009,0.025321596827009088,0.09487078033090421,7.600419545024863e-06,6.384440497349216,0.6800921882813514,105.83012212532589,174.7286914006017,22.387898122339053,0.089682150984867,4.7051582792964,1.1809774531240846,0.1200342196126903,0.5793055785285212,0.3371106014348473,20.0
45,5,0.09487078033090421,0.9999088735023572,0.05789902149312646,11.24683680120706,0.2527854027055276,0.2527854027055276,0.00015247121104336009,0.025321596827009088,0.09487078033090421,7.600419545024863e-06,6.384440497349216,0.6800921882813514,105.83012212532589,174.7286914006017,22.387898122339053,0.089682150984867,4.7051582792964,1.1809774531240846,0.1200342196126903,0.5793055785285212,0.3371106014348473,20.0
45,6,0.09487078033090421,0.9999088735023572,0.05789902149312646,11.24683680120706,0.2527854027055276,0.2527854027055276,0.00015247121104336009,0.025321596827009088,0.09487078033090421,7.600419545024863e-06,6.384440497349216,0.6800921882813514,105.83012212532589,174.7286914006017,22.387898122339053,0.089682150984867,4.7051582792964,1.1809774531240846,0.1200342196126903,0.5793055785285212,0.3371106014348473,20.0
45,7,0.09487078033090421,0.9999088735023572,0.05789902149312646,11.24683680120706,0.2527854027055276,0.2527854027055276,0.00015247121104336009,0.025321596827009088,0.09487078033090421,7.600419545024863e-06,6.384440497349216,0.6800921882813514,105.83012212532589,174.7286914006017,22.387898122339053,0.089682150984867,4.7051582792964,1.1809774531240846,0.1200342196126903,0.5793055785285212,0.3371106014348473,20.0
45,8,0.09487078033090421,0.9999088735023572,0.05789902149312646,11.24683680120706,0.2527854027055276,0.2527854027055276,0.00015247121104336009,0.025321596827009088,0.09487078033090421,7.600419545024863e-06,6.384440497349216,0.6800921882813514,105.83012212532589,174.7286914006017,22.387898122339053,0.089682150984867,4.7051582792964,1.1809774531240846,0.1200342196126903,0.5793055785285212,0.3371106014348473,20.0
45,9,0.09487078033090421,0.9999088735023572,0.05789902149312646,11.24683680120706,0.2527854027055276,0.2527854027055276,0.00015247121104336009,0.025321596827009088,0.09487078033090421,7.600419545024863e-06,6.384440497349216,0.6800921882813514,105.83012212532589,174.7286914006017,22.387898122339053,0.089682150984867,4.7051582792964,1.1809774531240846,0.1200342196126903,0.5793055785285212,0.3371106014348473,20.0
45,10,0.09487078033090421,0.9999088735023572,0.05789902149312646,11.24683680120706,0.2527854027055276,0.2527854027055276,0.00015247121104336009,0.025321596827009088,0.09487078033090421,7.600419545024863e-06,6.384440497349216,0.6800921882813514,105.83012212532589,174.7286914006017,22.387898122339053,0.089682150984867,4.7051582792964,1.1809774531240846,0.1200342196126903,0.5793055785285212,0.3371106014348473,20.0
46,1,0.09067737641739816,0.9999999998848476,0.04959117975289868,7.224761841663125,0.06618405876574647,0.06618405876574647,4.651994218748761e-11,1.3598292892048374e-07,0.09067737641739816,0.008712156140678537,5.363186552508704,0.8697591929283018,75.73450869381418,96.07648316550494,19.541600045662214,0.038610426670963746,2.2223686604035913,0.6787033165272627,0.18185571738634262,1.1313232154442634,0.34652896631307223,20.0
46,2,0.11742918161254606,0.9684278628645551,0.06422240010052979,7.224761841663125,0.06674206631218381,0.06674206631218381,0.0035500217855430403,0.0036027661361532014,0.11742918161254606,0.009236532000658144,5.363186552508704,0.8697591929283018,75.73450869381418,96.07648316550494,19.541600045662214,0.038610426670963746,2.2223686604035913,0.6787033165272627,0.18185571738634262,1.1313232154442634,0.34652896631307223,20.0
46,3,0.11746161075776258,0.9668835835177898,0.06424012194235927,7.224761841663125,0.06674206700628951,0.06674206700628951,0.003693375242995093,0.0037266737831141536,0.11746161075776258,0.00923653321151664,5.363186552508704,0.8697591929283018,75.73450869381418,96.07648316550494,19.541600045662214,0.038610426670963746,2.2223686604035913,0.6787033165272627,0.18185571738634262,1.1313232154442634,0.34652896631307223,20.0
46,4,0.1174616107667579,0.9668835811990938,0.06424012194727259,7.224761841663125,0.06674206700628951,0.06674206700628951,0.0036933753420410474,0.003726673837117075,0.1174616107667579,0.009236533211516672,5.363186552508704,0.8697591929283018,75.73450869381418,96.07648316550494,19.541600045662214,0.038610426670963746,2.2223686604035913,0.6787033165272627,0.18185571738634262,1.1313232154442634,0.34652896631307223,20.0
46,5,0.1174616107667579,0.9668835811990938,0.06424012194727259,7.224761841663125,0.06674206700628951,0.06674206700628951,0.003693375342041049,0.003726673837117075,0.1174616107667579,0.009236533211516672,5.363186552508704,0.8697591929283018,75.73450869381418,96.07648316550494,19.541600045662214,0.038610426670963746,2.2223686604035913,0.6787033165272627,0.18185571738634262,1.1313232154442634,0.34652896631307223,20.0
46,6,0.1174616107667579,0.9668835811990938,0.06424012194727259,7.224761841663125,0.06674206700628951,0.06674206700628951,0.003693375342041049,0.003726673837117075,0.1174616107667579,0.009236533211516672,5.363186552508704,0.8697591929283018,75.73450869381418,96.07648316550494,19.541600045662214,0.038610426670963746,2.2223686604035913,0.6787033165272627,0.18185571738634262,1.1313232154442634,0.34652896631307223,20.0
46,7,0.1174616107667579,0.9668835811990938,0.06424012194727259,7.224761841663125,0.06674206700628951,0.06674206700628951,0.003693375342041049,0.003726673837117075,0.1174616107667579,0.009236533211516672,5.363186552508704,0.8697591929283018,75.73450869381418,96.07648316550494,19.541600045662214,0.038610426670963746,2.2223686604035913,0.6787033165272627,0.18185571738634262,1.1313232154442634,0.34652896631307223,20.0
46,8,0.1174616107667579,0.9668835811990938,0.06424012194727259,7.224761841663125,0.06674206700628951,0.06674206700628951,0.003693375342041049,0.003726673837117075,0.1174616107667579,0.009236533211516672,5.363186552508704,0.8697591929283018,75.73450869381418,96.07648316550494,19.541600045662214,0.038610426670963746,2.2223686604035913,0.6787033165272627,0.18185571738634262,1.1313232154442634,0.34652896631307223,20.0
46,9,0.1174616107667579,0.9668835811990938,0.06424012194727259,7.224761841663125,0.06674206700628951,0.06674206700628951,0.003693375342041049,0.003726673837117075,0.1174616107667579,0.009236533211516672,5.363186552508704,0.8697591929283018,75.73450869381418,96.07648316550494,19.541600045662214,0.038610426670963746,2.2223686604035913,0.6787033165272627,0.18185571738634262,1.1313232154442634,0.34652896631307223,20.0
46,10,0.1174616107667579,0.9668835811990938,0.06424012194727259,7.224761841663125,0.06674206700628951,0.06674206700628951,0.003693375342041049,0.003726673837117075,0.1174616107667579,0.009236533211516672,5.363186552508704,0.8697591929283018,75.73450869381418,96.07648316550494,19.541600045662214,0.038610426670963746,2.2223686604035913,0.6787033165272627,0.18185571738634262,1.1313232154442634,0.34652896631307223,20.0
47,1,0.04090850398137974,0.9999999032807663,0.0287620693096956,11.51953528914932,0.23254651564639012,0.23254651564639012,1.545352190086364e-07,0.0012856127192232023,0.04090850398137974,3.8196036611424975e-06,5.8483621887308015,0.554662079515406,36.676591122182415,60.83822391467284,73.42872693673854,0.13725935016410507,2.6618936891142395,1.290634962979375,0.15891049836769347,1.6782601198608456,0.48915311441477016,20.0
47,2,0.06282138571486996,0.9999809586623302,0.044167162253716113,11.51953528914932,0.23254736288007707,0.23254736288007707,1.527048005350016e-05,0.01253917160303115,0.06282138571486996,4.105233518329894e-06,5.8483621887308015,0.554662079515406,36.676591122182415,60.83822391467284,73.42872693673854,0.13725935016410507,2.6618936891142395,1.290634962979375,0.15891049836769347,1.6782601198608456,0.48915311441477016,20.0
47,3,0.06282139538893086,0.9999801709554658,0.04416716904538659,11.51953528914932,0.2325473628800802,0.2325473628800802,1.5375615453021284e-05,0.01253924405298623,0.06282139538893086,4.105233519934893e-06,5.8483621887308015,0.554662079515406,36.676591122182415,60.83822391467284,73.42872693673854,0.13725935016410507,2.6618936891142395,1.290634962979375,0.15891049836769347,1.6782601198608456,0.48915311441477016,20.0
47,4,0.06282139538893089,0.9999801709554621,0.04416716904538661,11.51953528914932,0.2325473628800802,0.2325473628800802,1.537561545335794e-05,0.012539244052986372,0.06282139538893089,4.105233519934893e-06,5.8483621887308015,0.554662079515406,36.676591122182415,60.83822391467284,73.42872693673854,0.13725935016410507,2.6618936891142395,1.290634962979375,0.15891049836769347,1.6782601198608456,0.48915311441477016,20.0
47,5,0.06282139538893089,0.9999801709554621,0.04416716904538661,11.51953528914932,0.2325473628800802,0.2325473628800802,1.537561545335794e-05,0.012539244052986372,0.06282139538893089,4.105233519934893e-06,5.8483621887308015,0.554662079515406,36.676591122182415,60.83822391467284,73.42872693673854,0.13725935016410507,2.6618936891142395,1.290634962979375,0.15891049836769347,1.6782601198608456,0.48915311441477016,20.0
47,6,0.06282139538893089,0.9999801709554621,0.04416716904538661,11.51953528914932,0.2325473628800802,0.2325473628800802,1.537561545335794e-05,0.012539244052986372,0.06282139538893089,4.105233519934893e-06,5.8483621887308015,0.554662079515406,36.676591122182415,60.83822391467284,73.42872693673854,0.13725935016410507,2.6618936891142395,1.290634962979375,0.15891049836769347,1.6782601198608456,0.48915311441477016,20.0
47,7,0.06282139538893089,0.9999801709554621,0.04416716904538661,11.51953528914932,0.2325473628800802,0.2325473628800802,1.537561545335794e-05,0.012539244052986372,0.06282139538893089,4.105233519934893e-06,5.8483621887308015,0.554662079515406,36.676591122182415,60.83822391467284,73.42872693673854,0.13725935016410507,2.6618936891142395,1.290634962979375,0.15891049836769347,1.6782601198608456,0.48915311441477016,20.0
47,8,0.06282139538893089,0.9999801709554621,0.04416716904538661,11.51953528914932,0.2325473628800802,0.2325473628800802,1.537561545335794e-05,0.012539244052986372,0.06282139538893089,4.105233519934893e-06,5.8483621887308015,0.554662079515406,36.676591122182415,60.83822391467284,73.42872693673854,0.13725935016410507,2.6618936891142395,1.290634962979375,0.15891049836769347,1.6782601198608456,0.48915311441477016,20.0
47,9,0.06282139538893089,0.9999801709554621,0.04416716904538661,11.51953528914932,0.2325473628800802,0.2325473628800802,1.537561545335794e-05,0.012539244052986372,0.06282139538893089,4.105233519934893e-06,5.8483621887308015,0.554662079515406,36.676591122182415,60.83822391467284,73.42872693673854,0.13725935016410507,2.6618936891142395,1.290634962979375,0.15891049836769347,1.6782601198608456,0.48915311441477016,20.0
47,10,0.06282139538893089,0.9999801709554621,0.04416716904538661,11.51953528914932,0.2325473628800802,0.2325473628800802,1.537561545335794e-05,0.012539244052986372,0.06282139538893089,4.105233519934893e-06,5.8483621887308015,0.554662079515406,36.676591122182415,60.83822391467284,73.42872693673854,0.13725935016410507,2.6618936891142395,1.290634962979375,0.15891049836769347,1.6782601198608456,0.48915311441477016,20.0
48,1,0.12125777923874104,0.9999957310359897,0.06347585367835802,60.09206173673759,0.07744977933045476,0.07744977933045476,8.873916496565215e-06,0.0019367428359882161,0.12125777923874104,2.595497720747941e-06,6.346275528591017,0.10908542159631479,159.93982654454544,185.26339058844897,12.461811608330606,0.07210621063208776,2.1612800060123565,1.269558561421802,0.07730993758916656,1.2406926984743447,0.3008476303670121,20.0
48,2,0.136292185801704,0.999969265820526,0.07134578150144534,60.09206173673759,0.0774500635154343,0.0774500635154343,4.5646275039335745e-05,0.005877075078095731,0.136292185801704,2.675786140362055e-06,6.346275528591017,0.10908542159631479,159.93982654454544,185.26339058844897,12.461811608330606,0.07210621063208776,2.1612800060123565,1.269558561421802,0.07730993758916656,1.2406926984743447,0.3008476303670121,20.0
48,3,0.13629219508890958,0.9999689746848681,0.07134578636056813,60.09206173673759,0.07745006351546617,0.07745006351546617,4.567203072001306e-05,0.005877111111689029,0.13629219508890958,2.6757861559201265e-06,6.346275528591017,0.10908542159631479,159.93982654454544,185.26339058844897,12.461811608330606,0.07210621063208776,2.1612800060123565,1.269558561421802,0.07730993758916656,1.2406926984743447,0.3008476303670121,20.0
48,4,0.13629219508890988,0.9999689746848287,0.07134578636056829,60.09206173673759,0.07745006351546617,0.07745006351546617,4.567203072181869e-05,0.005877111111690888,0.13629219508890988,2.6757861559201274e-06,6.346275528591017,0.10908542159631479,159.93982654454544,185.26339058844897,12.461811608330606,0.07210621063208776,2.1612800060123565,1.269558561421802,0.07730993758916656,1.2406926984743447,0.3008476303670121,20.0
48,5,0.13629219508890988,0.9999689746848287,0.07134578636056829,60.09206173673759,0.07745006351546617,0.07745006351546617,4.567203072181869e-05,0.005877111111690888,0.13629219508890988,2.6757861559201274e-06,6.346275528591017,0.10908542159631479,159.93982654454544,185.26339058844897,12.461811608330606,0.07210621063208776,2.1612800060123565,1.269558561421802,0.07730993758916656,1.2406926984743447,0.3008476303670121,20.0
48,6,0.13629219508890988,0.9999689746848287,0.07134578636056829,60.09206173673759,0.07745006351546617,0.07745006351546617,4.567203072181869e-05,0.005877111111690888,0.13629219508890988,2.6757861559201274e-06,6.346275528591017,0.10908542159631479,159.93982654454544,185.26339058844897,12.461811608330606,0.07210621063208776,2.1612800060123565,1.269558561421802,0.07730993758916656,1.2406926984743447,0.3008476303670121,20.0
48,7,0.13629219508890988,0.9999689746848287,0.07134578636056829,60.09206173673759,0.07745006351546617,0.07745006351546617,4.567203072181869e-05,0.005877111111690888,0.13629219508890988,2.6757861559201274e-06,6.346275528591017,0.10908542159631479,159.93982654454544,185.26339058844897,12.461811608330606,0.07210621063208776,2.1612800060123565,1.269558561421802,0.07730993758916656,1.2406926984743447,0.3008476303670121,20.0
48,8,0.13629219508890988,0.9999689746848287,0.07134578636056829,60.09206173673759,0.07745006351546617,0.07745006351546617,4.567203072181869e-05,0.005877111111690888,0.13629219508890988,2.6757861559201274e-06,6.346275528591017,0.10908542159631479,159.93982654454544,185.26339058844897,12.461811608330606,0.07210621063208776,2.1612800060123565,1.269558561421802,0.07730993758916656,1.2406926984743447,0.3008476303670121,20.0
48,9,0.13629219508890988,0.9999689746848287,0.07134578636056829,60.09206173673759,0.07745006351546617,0.07745006351546617,4.567203072181869e-05,0.005877111111690888,0.13629219508890988,2.6757861559201274e-06,6.346275528591017,0.10908542159631479,159.93982654454544,185.26339058844897,12.461811608330606,0.07210621063208776,2.1612800060123565,1.269558561421802,0.07730993758916656,1.2406926984743447,0.3008476303670121,20.0
48,10,0.13629219508890988,0.9999689746848287,0.07134578636056829,60.09206173673759,0.07745006351546617,0.07745006351546617,4.567203072181869e-05,0.005877111111690888,0.13629219508890988,2.6757861559201274e-06,6.346275528591017,0.10908542159631479,159.93982654454544,185.26339058844897,12.461811608330606,0.07210621063208776,2.1612800060123565,1.269558561421802,0.07730993758916656,1.2406926984743447,0.3008476303670121,20.0
49,1,0.01893357765170987,0.9999999995738326,0.008594135077349924,28.979689483157344,0.17550145079563673,0.17550145079563673,1.2708259163819887e-32,5.412128559798525e-27,0.01893357765170987,0.00446577034110046,6.6907515929901376,0.23925968677672182,128.96787761455874,78.99289260888187,45.07377647383231,0.02438228111871871,3.9725382315692563,1.1546531000851963,0.06385204062300472,1.838511701810087,0.3814247085585334,20.0
49,2,0.1271657633392772,0.9619722976525884,0.057759661196033575,28.979689483157344,0.22387898968177247,0.22387898968177247,0.005210283975986096,0.010393424458992249,0.1271657633392772,0.009731870210483296,6.6907515929901376,0.23925968677672182,128.96787761455874,78.99289260888187,45.07377647383231,0.02438228111871871,3.9725382315692563,1.1546531000851963,0.06385204062300472,1.838511701810087,0.3814247085585334,20.0
49,3,0.16074368107824621,0.9395422398838515,0.0730135296495311,28.979689483157344,0.22766268025417719,0.22766268025417719,0.010169633289252578,0.019488985603763564,0.16074368107824621,0.010511471522848877,6.6907515929901376,0.23925968677672182,128.96787761455874,78.99289260888187,45.07377647383231,0.02438228111871871,3.9725382315692563,1.1546531000851963,0.06385204062300472,1.838511701810087,0.3814247085585334,20.0
49,4,0.16317016005677604,0.9363915576234872,0.07411583055436219,28.979689483157344,0.22775495116296743,0.22775495116296743,0.010817413354936571,0.020619154904795597,0.16317016005677604,0.010539572157836673,6.6907515929901376,0.23925968677672182,128.96787761455874,78.99289260888187,45.07377647383231,0.02438228111871871,3.9725382315692563,1.1546531000851963,0.06385204062300472,1.838511701810087,0.3814247085585334,20.0
49,5,0.16322229207645503,0.9362755936540282,0.07413951241539654,28.979689483157344,0.22775591067251888,0.22775591067251888,0.010837998886717617,0.020653413430842222,0.16322229207645503,0.010539947035387952,6.6907515929901376,0.23925968677672182,128.96787761455874,78.99289260888187,45.07377647383231,0.02438228111871871,3.9725382315692563,1.1546531000851963,0.06385204062300472,1.838511701810087,0.3814247085585334,20.0
49,6,0.16322277334346705,0.9362740567923776,0.07413973103267645,28.979689483157344,0.22775591605657858,0.22775591605657858,0.010838245756661456,0.02065380859049541,0.16322277334346705,0.010539949545300638,6.6907515929901376,0.23925968677672182,128.96787761455874,78.99289260888187,45.07377647383231,0.02438228111871871,3.9725382315692563,1.1546531000851963,0.06385204062300472,1.838511701810087,0.3814247085585334,20.0
49,7,0.16322277577119,0.9362740466865839,0.0741397321354482,28.979689483157344,0.2277559160754672,0.2277559160754672,0.0108382472648565,0.020653810926521462,0.16322277577119,0.010539949555374422,6.6907515929901376,0.23925968677672182,128.96787761455874,78.99289260888187,45.07377647383231,0.02438228111871871,3.9725382315692563,1.1546531000851963,0.06385204062300472,1.838511701810087,0.3814247085585334,20.0
49,8,0.16322277577893146,0.9362740466468773,0.07413973213896462,28.979689483157344,0.2277559160755127,0.2277559160755127,0.010838247270441111,0.020653810934928137,0.16322277577893146,0.01053994955540147,6.6907515929901376,0.23925968677672182,128.96787761455874,78.99289260888187,45.07377647383231,0.02438228111871871,3.9725382315692563,1.1546531000851963,0.06385204062300472,1.838511701810087,0.3814247085585334,20.0
49,9,0.16322277577894856,0.9362740466467728,0.07413973213897239,28.979689483157344,0.22775591607551277,0.22775591607551277,0.010838247270455069,0.02065381093494861,0.16322277577894856,0.010539949555401518,6.6907515929901376,0.23925968677672182,128.96787761455874,78.99289260888187,45.07377647383231,0.02438228111871871,3.9725382315692563,1.1546531000851963,0.06385204062300472,1.838511701810087,0.3814247085585334,20.0
49,10,0.16322277577894861,0.9362740466467727,0.0741397321389724,28.979689483157344,0.22775591607551277,0.22775591607551277,0.0108382472704551,0.02065381093494865,0.16322277577894861,0.010539949555401518,6.6907515929901376,0.23925968677672182,128.96787761455874,78.99289260888187,45.07377647383231,0.02438228111871871,3.9725382315692563,1.1546531000851963,0.06385204062300472,1.838511701810087,0.3814247085585334,20.0
50,1,0.10131941113695304,0.9999999962919248,0.05636471555192545,20.93823331375159,0.13908400942438032,0.13908400942438032,1.048074853043521e-08,9.034685715760231e-05,0.10131941113695304,7.539321840048961e-07,6.287528951071994,0.32009424334933545,111.19287983237696,94.50117503033019,70.09571694994119,0.08383169612554628,2.728727478879555,1.4395684139125084,0.1643800218529675,1.279526468629031,0.40654587325643166,20.0
50,2,0.11953186989048896,0.9999977706745835,0.06649636366298962,20.93823331375159,0.13908401483845612,0.13908401483845612,4.1055192698002975e-07,0.000871577110844592,0.11953186989048896,7.562038477585132e-07,6.287528951071994,0.32009424334933545,111.19287983237696,94.50117503033019,70.09571694994119,0.08383169612554628,2.728727478879555,1.4395684139125084,0.1643800218529675,1.279526468629031,0.40654587325643166,20.0
50,3,0.11953186991790447,0.9999977655181945,0.06649636367822373,20.93823331375159,0.13908401483845612,0.13908401483845612,4.1078150535681367e-07,0.0008715772934548156,0.11953186991790447,7.562038477585391e-07,6.287528951071994,0.32009424334933545,111.19287983237696,94.50117503033019,70.09571694994119,0.08383169612554628,2.728727478879555,1.4395684139125084,0.1643800218529675,1.279526468629031,0.40654587325643166,20.0
50,4,0.11953186991790447,0.9999977655181945,0.06649636367822373,20.93823331375159,0.13908401483845612,0.13908401483845612,4.107815053568142e-07,0.0008715772934548156,0.11953186991790447,7.562038477585391e-07,6.287528951071994,0.32009424334933545,111.19287983237696,94.50117503033019,70.09571694994119,0.08383169612554628,2.728727478879555,1.4395684139125084,0.1643800218529675,1.279526468629031,0.40654587325643166,20.0
50,5,0.11953186991790447,0.9999977655181945,0.06649636367822373,20.93823331375159,0.13908401483845612,0.13908401483845612,4.107815053568142e-07,0.0008715772934548156,0.11953186991790447,7.562038477585391e-07,6.287528951071994,0.32009424334933545,111.19287983237696,94.50117503033019,70.09571694994119,0.08383169612554628,2.728727478879555,1.4395684139125084,0.1643800218529675,1.279526468629031,0.40654587325643166,20.0
50,6,0.11953186991790447,0.9999977655181945,0.06649636367822373,20.93823331375159,0.13908401483845612,0.13908401483845612,4.107815053568142e-07,0.0008715772934548156,0.11953186991790447,7.562038477585391e-07,6.287528951071994,0.32009424334933545,111.19287983237696,94.50117503033019,70.09571694994119,0.08383169612554628,2.728727478879555,1.4395684139125084,0.1643800218529675,1.279526468629031,0.40654587325643166,20.0
50,7,0.11953186991790447,0.9999977655181945,0.06649636367822373,20.93823331375159,0.13908401483845612,0.13908401483845612,4.107815053568142e-07,0.0008715772934548156,0.11953186991790447,7.562038477585391e-07,6.287528951071994,0.32009424334933545,111.19287983237696,94.50117503033019,70.09571694994119,0.08383169612554628,2.728727478879555,1.4395684139125084,0.1643800218529675,1.279526468629031,0.40654587325643166,20.0
50,8,0.11953186991790447,0.9999977655181945,0.06649636367822373,20.93823331375159,0.13908401483845612,0.13908401483845612,4.107815053568142e-07,0.0008715772934548156,0.11953186991790447,7.562038477585391e-07,6.287528951071994,0.32009424334933545,111.19287983237696,94.50117503033019,70.09571694994119,0.08383169612554628,2.728727478879555,1.4395684139125084,0.1643800218529675,1.279526468629031,0.40654587325643166,20.0
50,9,0.11953186991790447,0.9999977655181945,0.06649636367822373,20.93823331375159,0.13908401483845612,0.13908401483845612,4.107815053568142e-07,0.0008715772934548156,0.11953186991790447,7.562038477585391e-07,6.287528951071994,0.32009424334933545,111.19287983237696,94.50117503033019,70.09571694994119,0.08383169612554628,2.728727478879555,1.4395684139125084,0.1643800218529675,1.279526468629031,0.40654587325643166,20.0
50,10,0.11953186991790447,0.9999977655181945,0.06649636367822373,20.93823331375159,0.13908401483845612,0.13908401483845612,4.107815053568142e-07,0.0008715772934548156,0.11953186991790447,7.562038477585391e-07,6.287528951071994,0.32009424334933545,111.19287983237696,94.50117503033019,70.09571694994119,0.08383169612554628,2.728727478879555,1.4395684139125084,0.1643800218529675,1.279526468629031,0.40654587325643166,20.0
51,1,0.09763651011691671,0.8270448524656654,0.04621359580363633,53.35642842305971,0.1957128429899051,0.1957128429899051,0.13627995508572882,0.2607698921035022,0.09763651011691671,3.0237539711855237e-13,4.017974858055342,0.07745746485117173,196.69018217278511,101.69498994405247,93.23429339167882,0.04872893792919934,3.7137681661668487,1.3785360999701393,0.18836996526019475,0.5704060794624339,0.4257747304465047,20.0
51,2,0.09768574017480788,0.7357133174600008,0.046236787746350747,53.35642842305971,0.1957128429899051,0.1957128429899051,0.14704701565687625,0.26266036353905736,0.09768574017480788,3.023759856282471e-13,4.017974858055342,0.07745746485117173,196.69018217278511,101.69498994405247,93.23429339167882,0.04872893792919934,3.7137681661668487,1.3785360999701393,0.18836996526019475,0.5704060794624339,0.4257747304465047,20.0
51,3,0.09768574017480788,0.7357133174600008,0.046236787746350747,53.35642842305971,0.1957128429899051,0.1957128429899051,0.14704701565687625,0.26266036353905736,0.09768574017480788,3.023759856282471e-13,4.017974858055342,0.07745746485117173,196.69018217278511,101.69498994405247,93.23429339167882,0.04872893792919934,3.7137681661668487,1.3785360999701393,0.18836996526019475,0.5704060794624339,0.4257747304465047,20.0
51,4,0.09768574017480788,0.7357133174600008,0.046236787746350747,53.35642842305971,0.1957128429899051,0.1957128429899051,0.14704701565687625,0.26266036353905736,0.09768574017480788,3.023759856282471e-13,4.017974858055342,0.07745746485117173,196.69018217278511,101.69498994405247,93.23429339167882,0.04872893792919934,3.7137681661668487,1.3785360999701393,0.18836996526019475,0.5704060794624339,0.4257747304465047,20.0
51,5,0.09768574017480788,0.7357133174600008,0.046236787746350747,53.35642842305971,0.1957128429899051,0.1957128429899051,0.14704701565687625,0.26266036353905736,0.09768574017480788,3.023759856282471e-13,4.017974858055342,0.07745746485117173,196.69018217278511,101.69498994405247,93.23429339167882,0.04872893792919934,3.7137681661668487,1.3785360999701393,0.18836996526019475,0.5704060794624339,0.4257747304465047,20.0
51,6,0.09768574017480788,0.7357133174600008,0.046236787746350747,53.35642842305971,0.1957128429899051,0.1957128429899051,0.14704701565687625,0.26266036353905736,0.09768574017480788,3.023759856282471e-13,4.017974858055342,0.07745746485117173,196.69018217278511,101.69498994405247,93.23429339167882,0.04872893792919934,3.7137681661668487,1.3785360999701393,0.18836996526019475,0.5704060794624339,0.4257747304465047,20.0
51,7,0.09768574017480788,0.7357133174600008,0.046236787746350747,53.35642842305971,0.1957128429899051,0.1957128429899051,0.14704701565687625,0.26266036353905736,0.09768574017480788,3.023759856282471e-13,4.017974858055342,0.07745746485117173,196.69018217278511,101.69498994405247,93.23429339167882,0.04872893792919934,3.7137681661668487,1.3785360999701393,0.18836996526019475,0.5704060794624339,0.4257747304465047,20.0
51,8,0.09768574017480788,0.7357133174600008,0.046236787746350747,53.35642842305971,0.1957128429899051,0.1957128429899051,0.14704701565687625,0.26266036353905736,0.09768574017480788,3.023759856282471e-13,4.017974858055342,0.07745746485117173,196.69018217278511,101.69498994405247,93.23429339167882,0.04872893792919934,3.7137681661668487,1.3785360999701393,0.18836996526019475,0.5704060794624339,0.4257747304465047,20.0
51,9,0.09768574017480788,0.7357133174600008,0.046236787746350747,53.35642842305971,0.1957128429899051,0.1957128429899051,0.14704701565687625,0.26266036353905736,0.09768574017480788,3.023759856282471e-13,4.017974858055342,0.07745746485117173,196.69018217278511,101.69498994405247,93.23429339167882,0.04872893792919934,3.7137681661668487,1.3785360999701393,0.18836996526019475,0.5704060794624339,0.4257747304465047,20.0
51,10,0.09768574017480788,0.7357133174600008,0.046236787746350747,53.35642842305971,0.1957128429899051,0.1957128429899051,0.14704701565687625,0.26266036353905736,0.09768574017480788,3.023759856282471e-13,4.017974858055342,0.07745746485117173,196.69018217278511,101.69498994405247,93.23429339167882,0.04872893792919934,3.7137681661668487,1.3785360999701393,0.18836996526019475,0.5704060794624339,0.4257747304465047,20.0
52,1,0.1261373431433356,0.9999987110373119,0.062479919974890025,12.832070159636121,0.12032806288279811,0.12032806288279811,2.1066034704507634e-06,0.00028393472495651307,0.1261373431433356,0.004985523435851109,7.894411806980395,0.6866042385527559,149.4584663253358,100.49870435610727,65.86431528855033,0.040850520084357245,2.43688637592292,1.2522334372863009,0.05008476121758688,1.050087952610637,0.4131979017886534,20.0
52,2,0.14748429470191882,0.9761243279742478,0.07305364861033659,12.832070159636121,0.12180106748765156,0.12180106748765156,0.003146101768402986,0.0057037567639124705,0.14748429470191882,0.005254745355135138,7.894411806980395,0.6866042385527559,149.4584663253358,100.49870435610727,65.86431528855033,0.040850520084357245,2.43688637592292,1.2522334372863009,0.05008476121758688,1.050087952610637,0.4131979017886534,20.0
52,3,0.14758734702645512,0.9750249549217819,0.07310468150434091,12.832070159636121,0.12180217626467375,0.12180217626467375,0.0032760800397548195,0.005888611970119185,0.14758734702645512,0.005255087833637184,7.894411806980395,0.6866042385527559,149.4584663253358,100.49870435610727,65.86431528855033,0.040850520084357245,2.43688637592292,1.2522334372863009,0.05008476121758688,1.050087952610637,0.4131979017886534,20.0
52,4,0.14758738648891193,0.9750238591653665,0.07310470104398652,12.832070159636121,0.12180217647245835,0.12180217647245835,0.0032761699052939034,0.005888718090368356,0.14758738648891193,0.005255087918483955,7.894411806980395,0.6866042385527559,149.4584663253358,100.49870435610727,65.86431528855033,0.040850520084357245,2.43688637592292,1.2522334372863009,0.05008476121758688,1.050087952610637,0.4131979017886534,20.0
52,5,0.14758738649335612,0.9750238589370128,0.07310470104618683,12.832070159636121,0.12180217647247422,0.12180217647247422,0.003276169919267537,0.005888718104967558,0.14758738649335612,0.005255087918491672,7.894411806980395,0.6866042385527559,149.4584663253358,100.49870435610727,65.86431528855033,0.040850520084357245,2.43688637592292,1.2522334372863009,0.05008476121758688,1.050087952610637,0.4131979017886534,20.0
52,6,0.14758738649335632,0.9750238589369946,0.07310470104618692,12.832070159636121,0.12180217647247422,0.12180217647247422,0.003276169919268426,0.005888718104968407,0.14758738649335632,0.005255087918491672,7.894411806980395,0.6866042385527559,149.4584663253358,100.49870435610727,65.86431528855033,0.040850520084357245,2.43688637592292,1.2522334372863009,0.05008476121758688,1.050087952610637,0.4131979017886534,20.0
52,7,0.14758738649335632,0.9750238589369946,0.07310470104618692,12.832070159636121,0.12180217647247422,0.12180217647247422,0.003276169919268426,0.005888718104968407,0.14758738649335632,0.005255087918491672,7.894411806980395,0.6866042385527559,149.4584663253358,100.49870435610727,65.86431528855033,0.040850520084357245,2.43688637592292,1.2522334372863009,0.05008476121758688,1.050087952610637,0.4131979017886534,20.0
52,8,0.14758738649335632,0.9750238589369946,0.07310470104618692,12.832070159636121,0.12180217647247422,0.12180217647247422,0.003276169919268426,0.005888718104968407,0.14758738649335632,0.005255087918491672,7.894411806980395,0.6866042385527559,149.4584663253358,100.49870435610727,65.86431528855033,0.040850520084357245,2.43688637592292,1.2522334372863009,0.05008476121758688,1.050087952610637,0.4131979017886534,20.0
52,9,0.14758738649335632,0.9750238589369946,0.07310470104618692,12.832070159636121,0.12180217647247422,0.12180217647247422,0.003276169919268426,0.005888718104968407,0.14758738649335632,0.005255087918491672,7.894411806980395,0.6866042385527559,149.4584663253358,100.49870435610727,65.86431528855033,0.040850520084357245,2.43688637592292,1.2522334372863009,0.05008476121758688,1.050087952610637,0.4131979017886534,20.0
52,10,0.14758738649335632,0.9750238589369946,0.07310470104618692,12.832070159636121,0.12180217647247422,0.12180217647247422,0.003276169919268426,0.005888718104968407,0.14758738649335632,0.005255087918491672,7.894411806980395,0.6866042385527559,149.4584663253358,100.49870435610727,65.86431528855033,0.040850520084357245,2.43688637592292,1.2522334372863009,0.05008476121758688,1.050087952610637,0.4131979017886534,20.0
53,1,0.0441718183296929,0.9904035688942551,0.03098006150201369,7.781802488904775,0.17181702442531774,0.17181702442531774,0.0075558276185196255,0.06496565208617533,0.0441718183296929,2.296164255647326e-05,3.062295483617998,0.5200075804697226,62.724720898391695,184.0289256064313,10.513860930841457,0.10396670552788725,5.353287521137079,0.553483734547566,0.10205448206266049,1.6258435048409419,0.4936634340578551,20.0
53,2,0.05410392475405093,0.9649356200885029,0.03794319351284662,7.781802488904775,0.17181716416683154,0.17181716416683154,0.02442875273077726,0.11010148183537687,0.05410392475405093,2.303696679965235e-05,3.062295483617998,0.5200075804697226,62.724720898391695,184.0289256064313,10.513860930841457,0.10396670552788725,5.353287521137079,0.553483734547566,0.10205448206266049,1.6258435048409419,0.4936634340578551,20.0
53,3,0.05410392510671826,0.9649354469145207,0.03794319375986696,7.781802488904775,0.17181716416683174,0.17181716416683174,0.02442876145172466,0.11010148591499332,0.05410392510671826,2.3036966799777284e-05,3.062295483617998,0.5200075804697226,62.724720898391695,184.0289256064313,10.513860930841457,0.10396670552788725,5.353287521137079,0.553483734547566,0.10205448206266049,1.6258435048409419,0.4936634340578551,20.0
53,4,0.05410392510671826,0.9649354469145204,0.03794319375986696,7.781802488904775,0.17181716416683174,0.17181716416683174,0.024428761451724665,0.11010148591499332,0.05410392510671826,2.3036966799777284e-05,3.062295483617998,0.5200075804697226,62.724720898391695,184.0289256064313,10.513860930841457,0.10396670552788725,5.353287521137079,0.553483734547566,0.10205448206266049,1.6258435048409419,0.4936634340578551,20.0
53,5,0.05410392510671826,0.9649354469145204,0.03794319375986696,7.781802488904775,0.17181716416683174,0.17181716416683174,0.024428761451724665,0.11010148591499332,0.05410392510671826,2.3036966799777284e-05,3.062295483617998,0.5200075804697226,62.724720898391695,184.0289256064313,10.513860930841457,0.10396670552788725,5.353287521137079,0.553483734547566,0.10205448206266049,1.6258435048409419,0.4936634340578551,20.0
53,6,0.05410392510671826,0.9649354469145204,0.03794319375986696,7.781802488904775,0.17181716416683174,0.17181716416683174,0.024428761451724665,0.11010148591499332,0.05410392510671826,2.3036966799777284e-05,3.062295483617998,0.5200075804697226,62.724720898391695,184.0289256064313,10.513860930841457,0.10396670552788725,5.353287521137079,0.553483734547566,0.10205448206266049,1.6258435048409419,0.4936634340578551,20.0
53,7,0.05410392510671826,0.9649354469145204,0.03794319375986696,7.781802488904775,0.17181716416683174,0.17181716416683174,0.024428761451724665,0.11010148591499332,0.05410392510671826,2.3036966799777284e-05,3.062295483617998,0.5200075804697226,62.724720898391695,184.0289256064313,10.513860930841457,0.10396670552788725,5.353287521137079,0.553483734547566,0.10205448206266049,1.6258435048409419,0.4936634340578551,20.0
53,8,0.05410392510671826,0.9649354469145204,0.03794319375986696,7.781802488904775,0.17181716416683174,0.17181716416683174,0.024428761451724665,0.11010148591499332,0.05410392510671826,2.3036966799777284e-05,3.062295483617998,0.5200075804697226,62.724720898391695,184.0289256064313,10.513860930841457,0.10396670552788725,5.353287521137079,0.553483734547566,0.10205448206266049,1.6258435048409419,0.4936634340578551,20.0
53,9,0.05410392510671826,0.9649354469145204,0.03794319375986696,7.781802488904775,0.17181716416683174,0.17181716416683174,0.024428761451724665,0.11010148591499332,0.05410392510671826,2.3036966799777284e-05,3.062295483617998,0.5200075804697226,62.724720898391695,184.0289256064313,10.513860930841457,0.10396670552788725,5.353287521137079,0.553483734547566,0.10205448206266049,1.6258435048409419,0.4936634340578551,20.0
53,10,0.05410392510671826,0.9649354469145204,0.03794319375986696,7.781802488904775,0.17181716416683174,0.17181716416683174,0.024428761451724665,0.11010148591499332,0.05410392510671826,2.3036966799777284e-05,3.062295483617998,0.5200075804697226,62.724720898391695,184.0289256064313,10.513860930841457,0.10396670552788725,5.353287521137079,0.553483734547566,0.10205448206266049,1.6258435048409419,0.4936634340578551,20.0
54,1,0.06836580307413333,0.9902715549001451,0.04318216699365421,23.17833496403047,0.20239977631417344,0.20239977631417344,0.013648187974256862,0.14227307937330472,0.06836580307413333,4.488161752856964e-10,5.658572689137226,0.27027987343519133,128.31730105183001,193.8742339363469,60.72351317159557,0.05545437263067576,5.178399888761819,0.5627111798561436,0.16209299936441798,0.6528908449569966,0.4379881587870099,20.0
54,2,0.07278259568795406,0.9630475006645648,0.04596875169496213,23.17833496403047,0.20239977631417352,0.20239977631417352,0.04425406683251628,0.2014010487095534,0.07278259568795406,4.488162055626087e-10,5.658572689137226,0.27027987343519133,128.31730105183001,193.8742339363469,60.72351317159557,0.05545437263067576,5.178399888761819,0.5627111798561436,0.16209299936441798,0.6528908449569966,0.4379881587870099,20.0
54,3,0.07278259568795406,0.9630475006645648,0.04596875169496213,23.17833496403047,0.20239977631417352,0.20239977631417352,0.04425406683251628,0.2014010487095534,0.07278259568795406,4.488162055626087e-10,5.658572689137226,0.27027987343519133,128.31730105183001,193.8742339363469,60.72351317159557,0.05545437263067576,5.178399888761819,0.5627111798561436,0.16209299936441798,0.6528908449569966,0.4379881587870099,20.0
54,4,0.07278259568795406,0.9630475006645648,0.04596875169496213,23.17833496403047,0.20239977631417352,0.20239977631417352,0.04425406683251628,0.2014010487095534,0.07278259568795406,4.488162055626087e-10,5.658572689137226,0.27027987343519133,128.31730105183001,193.8742339363469,60.72351317159557,0.05545437263067576,5.178399888761819,0.5627111798561436,0.16209299936441798,0.6528908449569966,0.4379881587870099,20.0
54,5,0.07278259568795406,0.9630475006645648,0.04596875169496213,23.17833496403047,0.20239977631417352,0.20239977631417352,0.04425406683251628,0.2014010487095534,0.07278259568795406,4.488162055626087e-10,5.658572689137226,0.27027987343519133,128.31730105183001,193.8742339363469,60.72351317159557,0.05545437263067576,5.178399888761819,0.5627111798561436,0.16209299936441798,0.6528908449569966,0.4379881587870099,20.0
54,6,0.07278259568795406,0.9630475006645648,0.04596875169496213,23.17833496403047,0.20239977631417352,0.20239977631417352,0.04425406683251628,0.2014010487095534,0.07278259568795406,4.488162055626087e-10,5.658572689137226,0.27027987343519133,128.31730105183001,193.8742339363469,60.72351317159557,0.05545437263067576,5.178399888761819,0.5627111798561436,0.16209299936441798,0.6528908449569966,0.4379881587870099,20.0
54,7,0.07278259568795406,0.9630475006645648,0.04596875169496213,23.17833496403047,0.20239977631417352,0.20239977631417352,0.04425406683251628,0.2014010487095534,0.07278259568795406,4.488162055626087e-10,5.658572689137226,0.27027987343519133,128.31730105183001,193.8742339363469,60.72351317159557,0.05545437263067576,5.178399888761819,0.5627111798561436,0.16209299936441798,0.6528908449569966,0.4379881587870099,20.0
54,8,0.07278259568795406,0.9630475006645648,0.04596875169496213,23.17833496403047,0.20239977631417352,0.20239977631417352,0.04425406683251628,0.2014010487095534,0.07278259568795406,4.488162055626087e-10,5.658572689137226,0.27027987343519133,128.31730105183001,193.8742339363469,60.72351317159557,0.05545437263067576,5.178399888761819,0.5627111798561436,0.16209299936441798,0.6528908449569966,0.4379881587870099,20.0
54,9,0.07278259568795406,0.9630475006645648,0.04596875169496213,23.17833496403047,0.20239977631417352,0.20239977631417352,0.04425406683251628,0.2014010487095534,0.07278259568795406,4.488162055626087e-10,5.658572689137226,0.27027987343519133,128.31730105183001,193.8742339363469,60.72351317159557,0.05545437263067576,5.178399888761819,0.5627111798561436,0.16209299936441798,0.6528908449569966,0.4379881587870099,20.0
54,10,0.07278259568795406,0.9630475006645648,0.04596875169496213,23.17833496403047,0.20239977631417352,0.20239977631417352,0.04425406683251628,0.2014010487095534,0.07278259568795406,4.488162055626087e-10,5.658572689137226,0.27027987343519133,128.31730105183001,193.8742339363469,60.72351317159557,0.05545437263067576,5.178399888761819,0.5627111798561436,0.16209299936441798,0.6528908449569966,0.4379881587870099,20.0
55,1,0.10865038361346324,0.9886532886088361,0.05765314109309569,11.628446144028736,0.10591755104131653,0.10591755104131653,0.016688086357449075,0.1225793145646082,0.10865038361346324,8.630587462719662e-06,4.122314317242871,0.41035818438353844,156.58290394945521,116.8519688510584,82.8554751914035,0.0935367804970157,2.454577974954823,1.2111192168482368,0.10066927833971091,1.573465285346285,0.3741386189398138,20.0
55,2,0.11526567275595961,0.9647782110617651,0.06116048246364421,11.628446144028736,0.10591757188434699,0.10591757188434699,0.0453514060660962,0.17351204477133905,0.11526567275595961,8.643285348885383e-06,4.122314317242871,0.41035818438353844,156.58290394945521,116.8519688510584,82.8554751914035,0.0935367804970157,2.454577974954823,1.2111192168482368,0.10066927833971091,1.573465285346285,0.3741386189398138,20.0
55,3,0.11526567276785583,0.9647781891931361,0.06116048246994698,11.628446144028736,0.10591757188434699,0.10591757188434699,0.04535140640747417,0.17351204492972216,0.11526567276785583,8.643285348887102e-06,4.122314317242871,0.41035818438353844,156.58290394945521,116.8519688510584,82.8554751914035,0.0935367804970157,2.454577974954823,1.2111192168482368,0.10066927833971091,1.573465285346285,0.3741386189398138,20.0
55,4,0.11526567276785583,0.9647781891931361,0.06116048246994698,11.628446144028736,0.10591757188434699,0.10591757188434699,0.04535140640747417,0.17351204492972216,0.11526567276785583,8.643285348887102e-06,4.122314317242871,0.41035818438353844,156.58290394945521,116.8519688510584,82.8554751914035,0.0935367804970157,2.454577974954823,1.2111192168482368,0.10066927833971091,1.573465285346285,0.3741386189398138,20.0
55,5,0.11526567276785583,0.9647781891931361,0.06116048246994698,11.628446144028736,0.10591757188434699,0.10591757188434699,0.04535140640747417,0.17351204492972216,0.11526567276785583,8.643285348887102e-06,4.122314317242871,0.41035818438353844,156.58290394945521,116.8519688510584,82.8554751914035,0.0935367804970157,2.454577974954823,1.2111192168482368,0.10066927833971091,1.573465285346285,0.3741386189398138,20.0
55,6,0.11526567276785583,0.9647781891931361,0.06116048246994698,11.628446144028736,0.10591757188434699,0.10591757188434699,0.04535140640747417,0.17351204492972216,0.11526567276785583,8.643285348887102e-06,4.122314317242871,0.41035818438353844,156.58290394945521,116.8519688510584,82.8554751914035,0.0935367804970157,2.454577974954823,1.2111192168482368,0.10066927833971091,1.573465285346285,0.3741386189398138,20.0
55,7,0.11526567276785583,0.9647781891931361,0.06116048246994698,11.628446144028736,0.10591757188434699,0.10591757188434699,0.04535140640747417,0.17351204492972216,0.11526567276785583,8.643285348887102e-06,4.122314317242871,0.41035818438353844,156.58290394945521,116.8519688510584,82.8554751914035,0.0935367804970157,2.454577974954823,1.2111192168482368,0.10066927833971091,1.573465285346285,0.3741386189398138,20.0
55,8,0.11526567276785583,0.9647781891931361,0.06116048246994698,11.628446144028736,0.10591757188434699,0.10591757188434699,0.04535140640747417,0.17351204492972216,0.11526567276785583,8.643285348887102e-06,4.122314317242871,0.41035818438353844,156.58290394945521,116.8519688510584,82.8554751914035,0.0935367804970157,2.454577974954823,1.2111192168482368,0.10066927833971091,1.573465285346285,0.3741386189398138,20.0
55,9,0.11526567276785583,0.9647781891931361,0.06116048246994698,11.628446144028736,0.10591757188434699,0.10591757188434699,0.04535140640747417,0.17351204492972216,0.11526567276785583,8.643285348887102e-06,4.122314317242871,0.41035818438353844,156.58290394945521,116.8519688510584,82.8554751914035,0.0935367804970157,2.454577974954823,1.2111192168482368,0.10066927833971091,1.573465285346285,0.3741386189398138,20.0
55,10,0.11526567276785583,0.9647781891931361,0.06116048246994698,11.628446144028736,0.10591757188434699,0.10591757188434699,0.04535140640747417,0.17351204492972216,0.11526567276785583,8.643285348887102e-06,4.122314317242871,0.41035818438353844,156.58290394945521,116.8519688510584,82.8554751914035,0.0935367804970157,2.454577974954823,1.2111192168482368,0.10066927833971091,1.573465285346285,0.3741386189398138,20.0
56,1,0.02510476929479824,0.9999999998273955,0.01965730321662798,11.028291568329465,0.1711002775729346,0.1711002775729346,4.728290637871072e-14,6.4683497358406385e-09,0.02510476929479824,0.001900381421164627,7.266912385511025,0.8043807009878039,43.9295822618938,167.9467894496954,62.930638277852566,0.14269533951725402,5.561053306797184,1.3469629063075947,0.046739401319052465,1.465130409182162,0.30227195592297096,20.0
56,2,0.03962153242425566,0.9912839805888979,0.03102406485762255,11.028291568329465,0.18243198326738136,0.18243198326738136,0.0017677695994373864,0.002884159612794432,0.03962153242425566,0.002587951637709656,7.266912385511025,0.8043807009878039,43.9295822618938,167.9467894496954,62.930638277852566,0.14269533951725402,5.561053306797184,1.3469629063075947,0.046739401319052465,1.465130409182162,0.30227195592297096,20.0
56,3,0.04045813556228215,0.9884364097538072,0.03167907396709515,11.028291568329465,0.18247237701416225,0.18247237701416225,0.002396055515541454,0.003889432571521638,0.04045813556228215,0.0025925165341543852,7.266912385511025,0.8043807009878039,43.9295822618938,167.9467894496954,62.930638277852566,0.14269533951725402,5.561053306797184,1.3469629063075947,0.046739401319052465,1.465130409182162,0.30227195592297096,20.0
56,4,0.040460626837766585,0.9884182496160465,0.03168102428254201,11.028291568329465,0.1824724136322051,0.1824724136322051,0.002399744617614764,0.0038946021854550064,0.040460626837766585,0.0025925220841278816,7.266912385511025,0.8043807009878039,43.9295822618938,167.9467894496954,62.930638277852566,0.14269533951725402,5.561053306797184,1.3469629063075947,0.046739401319052465,1.465130409182162,0.30227195592297096,20.0
56,5,0.0404606288199424,0.9884182281539665,0.03168102583419344,11.028291568329465,0.18247241364700614,0.18247241364700614,0.0023997487391879623,0.0038946074870297876,0.0404606288199424,0.0025925220868240504,7.266912385511025,0.8043807009878039,43.9295822618938,167.9467894496954,62.930638277852566,0.14269533951725402,5.561053306797184,1.3469629063075947,0.046739401319052465,1.465130409182162,0.30227195592297096,20.0
56,6,0.040460628820666034,0.9884182281438005,0.03168102583475988,11.028291568329465,0.1824724136470096,0.1824724136470096,0.0023997487410628536,0.0038946074892925705,0.040460628820666034,0.002592522086824767,7.266912385511025,0.8043807009878039,43.9295822618938,167.9467894496954,62.930638277852566,0.14269533951725402,5.561053306797184,1.3469629063075947,0.046739401319052465,1.465130409182162,0.30227195592297096,20.0
56,7,0.04046062882066619,0.9884182281437979,0.03168102583475999,11.028291568329465,0.1824724136470096,0.1824724136470096,0.0023997487410633237,0.0038946074892931065,0.04046062882066619,0.002592522086824767,7.266912385511025,0.8043807009878039,43.9295822618938,167.9467894496954,62.930638277852566,0.14269533951725402,5.561053306797184,1.3469629063075947,0.046739401319052465,1.465130409182162,0.30227195592297096,20.0
56,8,0.04046062882066619,0.9884182281437979,0.03168102583475999,11.028291568329465,0.1824724136470096,0.1824724136470096,0.0023997487410633237,0.0038946074892931065,0.04046062882066619,0.002592522086824767,7.266912385511025,0.8043807009878039,43.9295822618938,167.9467894496954,62.930638277852566,0.14269533951725402,5.561053306797184,1.3469629063075947,0.046739401319052465,1.465130409182162,0.30227195592297096,20.0
56,9,0.04046062882066619,0.9884182281437979,0.03168102583475999,11.028291568329465,0.1824724136470096,0.1824724136470096,0.0023997487410633237,0.0038946074892931065,0.04046062882066619,0.002592522086824767,7.266912385511025,0.8043807009878039,43.9295822618938,167.9467894496954,62.930638277852566,0.14269533951725402,5.561053306797184,1.3469629063075947,0.046739401319052465,1.465130409182162,0.30227195592297096,20.0
56,10,0.04046062882066619,0.9884182281437979,0.03168102583475999,11.028291568329465,0.1824724136470096,0.1824724136470096,0.0023997487410633237,0.0038946074892931065,0.04046062882066619,0.002592522086824767,7.266912385511025,0.8043807009878039,43.9295822618938,167.9467894496954,62.930638277852566,0.14269533951725402,5.561053306797184,1.3469629063075947,0.046739401319052465,1.465130409182162,0.30227195592297096,20.0
57,1,0.02830493796970961,0.999999999648777,0.022319352304718824,36.098716025302295,0.1844003073065379,0.1844003073065379,4.0851901987781604e-10,2.317483506417305e-05,0.02830493796970961,2.5515599810116246e-14,6.420713529750841,0.18891348954553167,47.61857570030759,169.94635155645673,82.3332413251063,0.13931866111591834,5.906644744906011,0.5338368769756039,0.18983913807050617,1.2981183054446708,0.3511775578202257,20.0
57,2,0.04019572783541458,0.999999984527623,0.03169561053048079,36.098716025302295,0.18440030730653797,0.18440030730653797,3.117814451441204e-08,0.00015732084963895082,0.04019572783541458,2.5539990583976032e-14,6.420713529750841,0.18891348954553167,47.61857570030759,169.94635155645673,82.3332413251063,0.13931866111591834,5.906644744906011,0.5338368769756039,0.18983913807050617,1.2981183054446708,0.3511775578202257,20.0
57,3,0.04019572783541458,0.999999984527623,0.03169561053048079,36.098716025302295,0.18440030730653797,0.18440030730653797,3.117814452141082e-08,0.0001573208496389555,0.04019572783541458,2.5539990583976032e-14,6.420713529750841,0.18891348954553167,47.61857570030759,169.94635155645673,82.3332413251063,0.13931866111591834,5.906644744906011,0.5338368769756039,0.18983913807050617,1.2981183054446708,0.3511775578202257,20.0
57,4,0.04019572783541458,0.999999984527623,0.03169561053048079,36.098716025302295,0.18440030730653797,0.18440030730653797,3.117814452141082e-08,0.0001573208496389555,0.04019572783541458,2.5539990583976032e-14,6.420713529750841,0.18891348954553167,47.61857570030759,169.94635155645673,82.3332413251063,0.13931866111591834,5.906644744906011,0.5338368769756039,0.18983913807050617,1.2981183054446708,0.3511775578202257,20.0
57,5,0.04019572783541458,0.999999984527623,0.03169561053048079,36.098716025302295,0.18440030730653797,0.18440030730653797,3.117814452141082e-08,0.0001573208496389555,0.04019572783541458,2.5539990583976032e-14,6.420713529750841,0.18891348954553167,47.61857570030759,169.94635155645673,82.3332413251063,0.13931866111591834,5.906644744906011,0.5338368769756039,0.18983913807050617,1.2981183054446708,0.3511775578202257,20.0
57,6,0.04019572783541458,0.999999984527623,0.03169561053048079,36.098716025302295,0.18440030730653797,0.18440030730653797,3.117814452141082e-08,0.0001573208496389555,0.04019572783541458,2.5539990583976032e-14,6.420713529750841,0.18891348954553167,47.61857570030759,169.94635155645673,82.3332413251063,0.13931866111591834,5.906644744906011,0.5338368769756039,0.18983913807050617,1.2981183054446708,0.3511775578202257,20.0
57,7,0.04019572783541458,0.999999984527623,0.03169561053048079,36.098716025302295,0.18440030730653797,0.18440030730653797,3.117814452141082e-08,0.0001573208496389555,0.04019572783541458,2.5539990583976032e-14,6.420713529750841,0.18891348954553167,47.61857570030759,169.94635155645673,82.3332413251063,0.13931866111591834,5.906644744906011,0.5338368769756039,0.18983913807050617,1.2981183054446708,0.3511775578202257,20.0
57,8,0.04019572783541458,0.999999984527623,0.03169561053048079,36.098716025302295,0.18440030730653797,0.18440030730653797,3.117814452141082e-08,0.0001573208496389555,0.04019572783541458,2.5539990583976032e-14,6.420713529750841,0.18891348954553167,47.61857570030759,169.94635155645673,82.3332413251063,0.13931866111591834,5.906644744906011,0.5338368769756039,0.18983913807050617,1.2981183054446708,0.3511775578202257,20.0
57,9,0.04019572783541458,0.999999984527623,0.03169561053048079,36.098716025302295,0.18440030730653797,0.18440030730653797,3.117814452141082e-08,0.0001573208496389555,0.04019572783541458,2.5539990583976032e-14,6.420713529750841,0.18891348954553167,47.61857570030759,169.94635155645673,82.3332413251063,0.13931866111591834,5.906644744906011,0.5338368769756039,0.18983913807050617,1.2981183054446708,0.3511775578202257,20.0
57,10,0.04019572783541458,0.999999984527623,0.03169561053048079,36.098716025302295,0.18440030730653797,0.18440030730653797,3.117814452141082e-08,0.0001573208496389555,0.04019572783541458,2.5539990583976032e-14,6.420713529750841,0.18891348954553167,47.61857570030759,169.94635155645673,82.3332413251063,0.13931866111591834,5.906644744906011,0.5338368769756039,0.18983913807050617,1.2981183054446708,0.3511775578202257,20.0
58,1,0.13033328075829864,0.9999872911176164,0.06553098002083539,16.080312419648834,0.1409888124117848,0.1409888124117848,1.7795903371710978e-05,0.0008845817103294332,0.13033328075829864,0.002030974444294065,7.975960028651137,0.5524627600898914,180.42706862711856,125.92971171602875,76.78309128444785,0.09797105035383741,5.558698716188417,0.7600569395467751,0.04215566314304085,1.4491295932840893,0.35496093260189454,20.0
58,2,0.14622443317291026,0.9903011036380862,0.07352087338399992,16.080312419648834,0.14204154413683914,0.14204154413683914,0.0012677734327789184,0.003651806454028892,0.14622443317291026,0.0021444679295832547,7.975960028651137,0.5524627600898914,180.42706862711856,125.92971171602875,76.78309128444785,0.09797105035383741,5.558698716188417,0.7600569395467751,0.04215566314304085,1.4491295932840893,0.35496093260189454,20.0
58,3,0.1462690571453142,0.989807837626173,0.07354330481696013,16.080312419648834,0.1420420492822773,0.1420420492822773,0.0013252100225305328,0.003737809376288269,0.1462690571453142,0.002144561055727727,7.975960028651137,0.5524627600898914,180.42706862711856,125.92971171602875,76.78309128444785,0.09797105035383741,5.558698716188417,0.7600569395467751,0.04215566314304085,1.4491295932840893,0.35496093260189454,20.0
58,4,0.14626906806102594,0.9898075250198559,0.07354331030337048,16.080312419648834,0.14204204934726627,0.14204204934726627,0.0013252350176070988,0.003737840642859454,0.14626906806102594,0.0021445610717203516,7.975960028651137,0.5524627600898914,180.42706862711856,125.92971171602875,76.78309128444785,0.09797105035383741,5.558698716188417,0.7600569395467751,0.04215566314304085,1.4491295932840893,0.35496093260189454,20.0
58,5,0.1462690680618663,0.9898075249751618,0.07354331030379282,16.080312419648834,0.14204204934726977,0.14204204934726977,0.0013252350202398358,0.0037378406457902074,0.1462690680618663,0.002144561071721396,7.975960028651137,0.5524627600898914,180.42706862711856,125.92971171602875,76.78309128444785,0.09797105035383741,5.558698716188417,0.7600569395467751,0.04215566314304085,1.4491295932840893,0.35496093260189454,20.0
58,6,0.14626906806186632,0.9898075249751592,0.07354331030379284,16.080312419648834,0.14204204934726977,0.14204204934726977,0.0013252350202399516,0.0037378406457903262,0.14626906806186632,0.002144561071721396,7.975960028651137,0.5524627600898914,180.42706862711856,125.92971171602875,76.78309128444785,0.09797105035383741,5.558698716188417,0.7600569395467751,0.04215566314304085,1.4491295932840893,0.35496093260189454,20.0
58,7,0.14626906806186632,0.9898075249751592,0.07354331030379284,16.080312419648834,0.14204204934726977,0.14204204934726977,0.0013252350202399516,0.0037378406457903262,0.14626906806186632,0.002144561071721396,7.975960028651137,0.5524627600898914,180.42706862711856,125.92971171602875,76.78309128444785,0.09797105035383741,5.558698716188417,0.7600569395467751,0.04215566314304085,1.4491295932840893,0.35496093260189454,20.0
58,8,0.14626906806186632,0.9898075249751592,0.07354331030379284,16.080312419648834,0.14204204934726977,0.14204204934726977,0.0013252350202399516,0.0037378406457903262,0.14626906806186632,0.002144561071721396,7.975960028651137,0.5524627600898914,180.42706862711856,125.92971171602875,76.78309128444785,0.09797105035383741,5.558698716188417,0.7600569395467751,0.04215566314304085,1.4491295932840893,0.35496093260189454,20.0
58,9,0.14626906806186632,0.9898075249751592,0.07354331030379284,16.080312419648834,0.14204204934726977,0.14204204934726977,0.0013252350202399516,0.0037378406457903262,0.14626906806186632,0.002144561071721396,7.975960028651137,0.5524627600898914,180.42706862711856,125.92971171602875,76.78309128444785,0.09797105035383741,5.558698716188417,0.7600569395467751,0.04215566314304085,1.4491295932840893,0.35496093260189454,20.0
58,10,0.14626906806186632,0.9898075249751592,0.07354331030379284,16.080312419648834,0.14204204934726977,0.14204204934726977,0.0013252350202399516,0.0037378406457903262,0.14626906806186632,0.002144561071721396,7.975960028651137,0.5524627600898914,180.42706862711856,125.92971171602875,76.78309128444785,0.09797105035383741,5.558698716188417,0.7600569395467751,0.04215566314304085,1.4491295932840893,0.35496093260189454,20.0
59,1,0.023349466738503424,0.9999999996575252,0.013510027611471997,19.631755208847853,0.21933502353664175,0.21933502353664175,1.9962908522555846e-42,2.2241668436482324e-32,0.023349466738503424,0.005904777883376274,7.844567169208547,0.42501109815693927,70.95000482856972,109.70639511368738,15.473627099909553,0.06060948395794377,4.743697809383711,1.400883151664974,0.14296803229715277,1.9955365641590106,0.3847264782817482,20.0
59,2,0.0873243617837072,0.9619012736217422,0.05054834272462267,19.631755208847853,0.25779997432696644,0.25779997432696644,0.006289648555446075,0.012132474758868708,0.0873243617837072,0.008792063841605649,7.844567169208547,0.42501109815693927,70.95000482856972,109.70639511368738,15.473627099909553,0.06060948395794377,4.743697809383711,1.400883151664974,0.14296803229715277,1.9955365641590106,0.3847264782817482,20.0
59,3,0.09951457798812383,0.9516039551271606,0.05760625524241328,19.631755208847853,0.2582417528069746,0.2582417528069746,0.009053058405235388,0.017123997542071917,0.09951457798812383,0.008884648655341843,7.844567169208547,0.42501109815693927,70.95000482856972,109.70639511368738,15.473627099909553,0.06060948395794377,4.743697809383711,1.400883151664974,0.14296803229715277,1.9955365641590106,0.3847264782817482,20.0
59,4,0.09961907362800367,0.9512333499399224,0.057666747752267426,19.631755208847853,0.2582420134310237,0.2582420134310237,0.009123868245256572,0.017235494243275168,0.09961907362800367,0.008884732466063465,7.844567169208547,0.42501109815693927,70.95000482856972,109.70639511368738,15.473627099909553,0.06060948395794377,4.743697809383711,1.400883151664974,0.14296803229715277,1.9955365641590106,0.3847264782817482,20.0
59,5,0.09961912180752643,0.9512330243069562,0.057666775640000764,19.631755208847853,0.25824201345678366,0.25824201345678366,0.009123921728850778,0.017235570216869982,0.09961912180752643,0.008884732476602122,7.844567169208547,0.42501109815693927,70.95000482856972,109.70639511368738,15.473627099909553,0.06060948395794377,4.743697809383711,1.400883151664974,0.14296803229715277,1.9955365641590106,0.3847264782817482,20.0
59,6,0.0996191218114593,0.9512330242676686,0.05766677564227702,19.631755208847853,0.25824201345678444,0.25824201345678444,0.009123921734719008,0.0172355702245972,0.0996191218114593,0.008884732476602496,7.844567169208547,0.42501109815693927,70.95000482856972,109.70639511368738,15.473627099909553,0.06060948395794377,4.743697809383711,1.400883151664974,0.14296803229715277,1.9955365641590106,0.3847264782817482,20.0
59,7,0.09961912181145939,0.9512330242676673,0.05766677564227708,19.631755208847853,0.25824201345678444,0.25824201345678444,0.009123921734719204,0.017235570224597443,0.09961912181145939,0.008884732476602496,7.844567169208547,0.42501109815693927,70.95000482856972,109.70639511368738,15.473627099909553,0.06060948395794377,4.743697809383711,1.400883151664974,0.14296803229715277,1.9955365641590106,0.3847264782817482,20.0
59,8,0.09961912181145939,0.9512330242676673,0.05766677564227708,19.631755208847853,0.25824201345678444,0.25824201345678444,0.009123921734719204,0.017235570224597443,0.09961912181145939,0.008884732476602496,7.844567169208547,0.42501109815693927,70.95000482856972,109.70639511368738,15.473627099909553,0.06060948395794377,4.743697809383711,1.400883151664974,0.14296803229715277,1.9955365641590106,0.3847264782817482,20.0
59,9,0.09961912181145939,0.9512330242676673,0.05766677564227708,19.631755208847853,0.25824201345678444,0.25824201345678444,0.009123921734719204,0.017235570224597443,0.09961912181145939,0.008884732476602496,7.844567169208547,0.42501109815693927,70.95000482856972,109.70639511368738,15.473627099909553,0.06060948395794377,4.743697809383711,1.400883151664974,0.14296803229715277,1.9955365641590106,0.3847264782817482,20.0
59,10,0.09961912181145939,0.9512330242676673,0.05766677564227708,19.631755208847853,0.25824201345678444,0.25824201345678444,0.009123921734719204,0.017235570224597443,0.09961912181145939,0.008884732476602496,7.844567169208547,0.42501109815693927,70.95000482856972,109.70639511368738,15.473627099909553,0.06060948395794377,4.743697809383711,1.400883151664974,0.14296803229715277,1.9955365641590106,0.3847264782817482,20.0
60,1,0.07609822623913633,0.955621512453463,0.037695315893989716,4.739909008711274,0.16249540498115997,0.16249540498115997,0.013954133748947932,0.04101729181027788,0.07609822623913633,0.017982764252424403,3.7619320603951727,0.9814056461613253,87.77347029756251,75.4866375500134,30.366909058385534,0.04773704793591342,2.5615672120883204,0.8276641963168736,0.023730977688312636,0.8305631686791597,0.3032985171793354,20.0
60,2,0.10621891796883574,0.8357659561459766,0.05261414008437933,4.739909008711274,0.18426437673913476,0.18426437673913476,0.038249404654459945,0.07553041655630853,0.10621891796883574,0.023585785136853468,3.7619320603951727,0.9814056461613253,87.77347029756251,75.4866375500134,30.366909058385534,0.04773704793591342,2.5615672120883204,0.8276641963168736,0.023730977688312636,0.8305631686791597,0.3032985171793354,20.0
60,3,0.10879795240359742,0.8149298420734654,0.05389143901679478,4.739909008711274,0.18549357003602113,0.18549357003602113,0.041984140573229745,0.0795816600676072,0.10879795240359742,0.024013380978777612,3.7619320603951727,0.9814056461613253,87.77347029756251,75.4866375500134,30.366909058385534,0.04773704793591342,2.5615672120883204,0.8276641963168736,0.023730977688312636,0.8305631686791597,0.3032985171793354,20.0
60,4,0.10891522036528072,0.8135438317845499,0.05394951529065313,4.739909008711274,0.18553965774606765,0.18553965774606765,0.04219456261769707,0.07978811376152013,0.10891522036528072,0.02403201378697141,3.7619320603951727,0.9814056461613253,87.77347029756251,75.4866375500134,30.366909058385534,0.04773704793591342,2.5615672120883204,0.8276641963168736,0.023730977688312636,0.8305631686791597,0.3032985171793354,20.0
60,5,0.10891904227424268,0.8134866483040312,0.05395140802477464,4.739909008711274,0.1855409934487541,0.1855409934487541,0.04220230642124532,0.07979528781934148,0.10891904227424268,0.024032607164297996,3.7619320603951727,0.9814056461613253,87.77347029756251,75.4866375500134,30.366909058385534,0.04773704793591342,2.5615672120883204,0.8276641963168736,0.023730977688312636,0.8305631686791597,0.3032985171793354,20.0
60,6,0.10891914233987804,0.8134848921028258,0.05395145757972528,4.739909008711274,0.1855410257093999,0.1855410257093999,0.0422025264359339,0.0797954838249633,0.10891914233987804,0.024032622471332594,3.7619320603951727,0.9814056461613253,87.77347029756251,75.4866375500134,30.366909058385534,0.04773704793591342,2.5615672120883204,0.8276641963168736,0.023730977688312636,0.8305631686791597,0.3032985171793354,20.0
60,7,0.10891914457507974,0.8134848480117765,0.05395145868663797,4.739909008711274,0.18554102638832332,0.18554102638832332,0.04220253165321348,0.079795488340287,0.10891914457507974,0.024032622809699887,3.7619320603951727,0.9814056461613253,87.77347029756251,75.4866375500134,30.366909058385534,0.04773704793591342,2.5615672120883204,0.8276641963168736,0.023730977688312636,0.8305631686791597,0.3032985171793354,20.0
60,8,0.10891914461926804,0.8134848470576895,0.053951458708520604,4.739909008711274,0.18554102640113868,0.18554102640113868,0.04220253176122418,0.0797954884316816,0.10891914461926804,0.024032622816337102,3.7619320603951727,0.9814056461613253,87.77347029756251,75.4866375500134,30.366909058385534,0.04773704793591342,2.5615672120883204,0.8276641963168736,0.023730977688312636,0.8305631686791597,0.3032985171793354,20.0
60,9,0.10891914462006025,0.8134848470392962,0.05395145870891292,4.739909008711274,0.18554102640136008,0.18554102640136008,0.042202531763233506,0.07979548843335117,0.10891914462006025,0.024032622816455386,3.7619320603951727,0.9814056461613253,87.77347029756251,75.4866375500134,30.366909058385534,0.04773704793591342,2.5615672120883204,0.8276641963168736,0.023730977688312636,0.8305631686791597,0.3032985171793354,20.0
60,10,0.10891914462007338,0.8134848470389731,0.05395145870891942,4.739909008711274,0.18554102640136366,0.18554102640136366,0.042202531763267784,0.07979548843337926,0.10891914462007338,0.024032622816457336,3.7619320603951727,0.9814056461613253,87.77347029756251,75.4866375500134,30.366909058385534,0.04773704793591342,2.5615672120883204,0.8276641963168736,0.023730977688312636,0.8305631686791597,0.3032985171793354,20.0
61,1,0.030017591192413748,0.35121655667899915,0.015609322049642868,32.256011537751306,0.3664336098142417,0.3664336098142417,0.1452363730030927,0.1774308763068182,0.030017591192413748,0.0045342398978202,2.0611480834776623,0.06660361072084242,109.20881631269107,121.50502392658977,18.893928360032604,0.1381637708417555,5.59313139421798,0.788868630923411,0.13975234577977427,0.7962377941705141,0.42114473003498576,20.0
61,2,0.0300879540169765,0.2827869629678266,0.01564587143157728,32.256011537751306,0.3664336098172389,0.3664336098172389,0.1486887613497413,0.1782678619459104,0.0300879540169765,0.004534239899175745,2.0611480834776623,0.06660361072084242,109.20881631269107,121.50502392658977,18.893928360032604,0.1381637708417555,5.59313139421798,0.788868630923411,0.13975234577977427,0.7962377941705141,0.42114473003498576,20.0
61,3,0.0300879540169765,0.2827869629674024,0.01564587143157728,32.256011537751306,0.3664336098172389,0.3664336098172389,0.1486887613497417,0.1782678619459105,0.0300879540169765,0.004534239899175745,2.0611480834776623,0.06660361072084242,109.20881631269107,121.50502392658977,18.893928360032604,0.1381637708417555,5.59313139421798,0.788868630923411,0.13975234577977427,0.7962377941705141,0.42114473003498576,20.0
61,4,0.0300879540169765,0.2827869629674024,0.01564587143157728,32.256011537751306,0.3664336098172389,0.3664336098172389,0.1486887613497417,0.1782678619459105,0.0300879540169765,0.004534239899175745,2.0611480834776623,0.06660361072084242,109.20881631269107,121.50502392658977,18.893928360032604,0.1381637708417555,5.59313139421798,0.788868630923411,0.13975234577977427,0.7962377941705141,0.42114473003498576,20.0
61,5,0.0300879540169765,0.2827869629674024,0.01564587143157728,32.256011537751306,0.3664336098172389,0.3664336098172389,0.1486887613497417,0.1782678619459105,0.0300879540169765,0.004534239899175745,2.0611480834776623,0.06660361072084242,109.20881631269107,121.50502392658977,18.893928360032604,0.1381637708417555,5.59313139421798,0.788868630923411,0.13975234577977427,0.7962377941705141,0.42114473003498576,20.0
61,6,0.0300879540169765,0.2827869629674024,0.01564587143157728,32.256011537751306,0.3664336098172389,0.3664336098172389,0.1486887613497417,0.1782678619459105,0.0300879540169765,0.004534239899175745,2.0611480834776623,0.06660361072084242,109.20881631269107,121.50502392658977,18.893928360032604,0.1381637708417555,5.59313139421798,0.788868630923411,0.13975234577977427,0.7962377941705141,0.42114473003498576,20.0
61,7,0.0300879540169765,0.2827869629674024,0.01564587143157728,32.256011537751306,0.3664336098172389,0.3664336098172389,0.1486887613497417,0.1782678619459105,0.0300879540169765,0.004534239899175745,2.0611480834776623,0.06660361072084242,109.20881631269107,121.50502392658977,18.893928360032604,0.1381637708417555,5.59313139421798,0.788868630923411,0.13975234577977427,0.7962377941705141,0.42114473003498576,20.0
61,8,0.0300879540169765,0.2827869629674024,0.01564587143157728,32.256011537751306,0.3664336098172389,0.3664336098172389,0.1486887613497417,0.1782678619459105,0.0300879540169765,0.004534239899175745,2.0611480834776623,0.06660361072084242,109.20881631269107,121.50502392658977,18.893928360032604,0.1381637708417555,5.59313139421798,0.788868630923411,0.13975234577977427,0.7962377941705141,0.42114473003498576,20.0
61,9,0.0300879540169765,0.2827869629674024,0.01564587143157728,32.256011537751306,0.3664336098172389,0.3664336098172389,0.1486887613497417,0.1782678619459105,0.0300879540169765,0.004534239899175745,2.0611480834776623,0.06660361072084242,109.20881631269107,121.50502392658977,18.893928360032604,0.1381637708417555,5.59313139421798,0.788868630923411,0.13975234577977427,0.7962377941705141,0.42114473003498576,20.0
61,10,0.0300879540169765,0.2827869629674024,0.01564587143157728,32.256011537751306,0.3664336098172389,0.3664336098172389,0.1486887613497417,0.1782678619459105,0.0300879540169765,0.004534239899175745,2.0611480834776623,0.06660361072084242,109.20881631269107,121.50502392658977,18.893928360032604,0.1381637708417555,5.59313139421798,0.788868630923411,0.13975234577977427,0.7962377941705141,0.42114473003498576,20.0
62,1,0.14546812172096393,0.9999999998748925,0.05847210959922096,25.48970285495943,0.09834683058996305,0.09834683058996305,1.702295656893005e-11,2.1522756033472912e-07,0.14546812172096393,0.00804341752871327,3.9568853210549912,0.15818402423409594,68.67728666932598,35.37044364322932,24.311003620753823,0.04568123825965077,3.376575944086639,0.9161876766530366,0.12218190915851702,0.9855866312443632,0.31496350220779035,20.0
62,2,0.20323887139712876,0.9618110293809508,0.08169486634182989,25.48970285495943,0.10418126416258175,0.10418126416258175,0.006024990580014479,0.00911040681213151,0.20323887139712876,0.009806584446503726,3.9568853210549912,0.15818402423409594,68.67728666932598,35.37044364322932,24.311003620753823,0.04568123825965077,3.376575944086639,0.9161876766530366,0.12218190915851702,0.9855866312443632,0.31496350220779035,20.0
62,3,0.20520381824216327,0.954626798859377,0.08248458320972836,25.48970285495943,0.10420068834429164,0.10420068834429164,0.007215927228081831,0.010808685108161612,0.20520381824216327,0.009817117105066768,3.9568853210549912,0.15818402423409594,68.67728666932598,35.37044364322932,24.311003620753823,0.04568123825965077,3.376575944086639,0.9161876766530366,0.12218190915851702,0.9855866312443632,0.31496350220779035,20.0
62,4,0.20520754812100434,0.9545904920871915,0.08248608190286416,25.48970285495943,0.1042007037039383,0.1042007037039383,0.007220631178632228,0.010813965711370194,0.20520754812100434,0.009817128540602354,3.9568853210549912,0.15818402423409594,68.67728666932598,35.37044364322932,24.311003620753823,0.04568123825965077,3.376575944086639,0.9161876766530366,0.12218190915851702,0.9855866312443632,0.31496350220779035,20.0
62,5,0.2052075499697727,0.9545904574674692,0.0824860826455724,25.48970285495943,0.10420070370856052,0.10420070370856052,0.007220634831637484,0.01081396912591676,0.2052075499697727,0.009817128544877101,3.9568853210549912,0.15818402423409594,68.67728666932598,35.37044364322932,24.311003620753823,0.04568123825965077,3.376575944086639,0.9161876766530366,0.12218190915851702,0.9855866312443632,0.31496350220779035,20.0
62,6,0.20520754997014382,0.9545904574559063,0.08248608264572146,25.48970285495943,0.10420070370856119,0.10420070370856119,0.007220634832652832,0.010813969126732915,0.20520754997014382,0.009817128544877821,3.9568853210549912,0.15818402423409594,68.67728666932598,35.37044364322932,24.311003620753823,0.04568123825965077,3.376575944086639,0.9161876766530366,0.12218190915851702,0.9855866312443632,0.31496350220779035,20.0
62,7,0.20520754997014384,0.9545904574559044,0.08248608264572148,25.48970285495943,0.10420070370856119,0.10420070370856119,0.007220634832652962,0.010813969126733004,0.20520754997014384,0.009817128544877821,3.9568853210549912,0.15818402423409594,68.67728666932598,35.37044364322932,24.311003620753823,0.04568123825965077,3.376575944086639,0.9161876766530366,0.12218190915851702,0.9855866312443632,0.31496350220779035,20.0
62,8,0.20520754997014384,0.9545904574559044,0.08248608264572148,25.48970285495943,0.10420070370856119,0.10420070370856119,0.007220634832652962,0.010813969126733004,0.20520754997014384,0.009817128544877821,3.9568853210549912,0.15818402423409594,68.67728666932598,35.37044364322932,24.311003620753823,0.04568123825965077,3.376575944086639,0.9161876766530366,0.12218190915851702,0.9855866312443632,0.31496350220779035,20.0
62,9,0.20520754997014384,0.9545904574559044,0.08248608264572148,25.48970285495943,0.10420070370856119,0.10420070370856119,0.007220634832652962,0.010813969126733004,0.20520754997014384,0.009817128544877821,3.9568853210549912,0.15818402423409594,68.67728666932598,35.37044364322932,24.311003620753823,0.04568123825965077,3.376575944086639,0.9161876766530366,0.12218190915851702,0.9855866312443632,0.31496350220779035,20.0
62,10,0.20520754997014384,0.9545904574559044,0.08248608264572148,25.48970285495943,0.10420070370856119,0.10420070370856119,0.007220634832652962,0.010813969126733004,0.20520754997014384,0.009817128544877821,3.9568853210549912,0.15818402423409594,68.67728666932598,35.37044364322932,24.311003620753823,0.04568123825965077,3.376575944086639,0.9161876766530366,0.12218190915851702,0.9855866312443632,0.31496350220779035,20.0
63,1,0.05095588961951129,0.3767107372505673,0.02379049068079803,14.020069684497109,0.42438133096079494,0.42438133096079494,0.1366581439445417,0.10500435192554332,0.05095588961951129,0.023654862126569354,6.872358247630793,0.5444129625838019,164.4604579873325,117.67471881007376,43.9787478547106,0.1257796023822065,3.0837860684228042,1.3186102299676812,0.025259272103360375,0.5843009255755693,0.40212767902077906,20.0
63,2,0.05193496137390177,0.33870502381252543,0.024247548339046607,14.020069684497109,0.4249082429502019,0.4249082429502019,0.1410716389549005,0.10780603103722469,0.05193496137390177,0.02370005892695483,6.872358247630793,0.5444129625838019,164.4604579873325,117.67471881007376,43.9787478547106,0.1257796023822065,3.0837860684228042,1.3186102299676812,0.025259272103360375,0.5843009255755693,0.40212767902077906,20.0
63,3,0.05193557193244441,0.33866390759661663,0.02424783334868942,14.020069684497109,0.4249085219361485,0.4249085219361485,0.14107477119754058,0.10780800275325973,0.05193557193244441,0.02370008605042659,6.872358247630793,0.5444129625838019,164.4604579873325,117.67471881007376,43.9787478547106,0.1257796023822065,3.0837860684228042,1.3186102299676812,0.025259272103360375,0.5843009255755693,0.40212767902077906,20.0
63,4,0.05193557219592432,0.3386638855132829,0.024247833471679133,14.020069684497109,0.4249085220471164,0.4249085220471164,0.1410747726254235,0.10780800364796958,0.05193557219592432,0.023700086061959228,6.872358247630793,0.5444129625838019,164.4604579873325,117.67471881007376,43.9787478547106,0.1257796023822065,3.0837860684228042,1.3186102299676812,0.025259272103360375,0.5843009255755693,0.40212767902077906,20.0
63,5,0.05193557219601722,0.3386638855044371,0.02424783347172249,14.020069684497109,0.4249085220471535,0.4249085220471535,0.1410747726259436,0.10780800364829438,0.05193557219601722,0.023700086061963267,6.872358247630793,0.5444129625838019,164.4604579873325,117.67471881007376,43.9787478547106,0.1257796023822065,3.0837860684228042,1.3186102299676812,0.025259272103360375,0.5843009255755693,0.40212767902077906,20.0
63,6,0.05193557219601725,0.33866388550443416,0.024247833471722505,14.020069684497109,0.4249085220471535,0.4249085220471535,0.14107477262594373,0.10780800364829451,0.05193557219601725,0.02370008606196327,6.872358247630793,0.5444129625838019,164.4604579873325,117.67471881007376,43.9787478547106,0.1257796023822065,3.0837860684228042,1.3186102299676812,0.025259272103360375,0.5843009255755693,0.40212767902077906,20.0
63,7,0.05193557219601725,0.33866388550443416,0.024247833471722505,14.020069684497109,0.4249085220471535,0.4249085220471535,0.14107477262594373,0.10780800364829451,0.05193557219601725,0.02370008606196327,6.872358247630793,0.5444129625838019,164.4604579873325,117.67471881007376,43.9787478547106,0.1257796023822065,3.0837860684228042,1.3186102299676812,0.025259272103360375,0.5843009255755693,0.40212767902077906,20.0
63,8,0.05193557219601725,0.33866388550443416,0.024247833471722505,14.020069684497109,0.4249085220471535,0.4249085220471535,0.14107477262594373,0.10780800364829451,0.05193557219601725,0.02370008606196327,6.872358247630793,0.5444129625838019,164.4604579873325,117.67471881007376,43.9787478547106,0.1257796023822065,3.0837860684228042,1.3186102299676812,0.025259272103360375,0.5843009255755693,0.40212767902077906,20.0
63,9,0.05193557219601725,0.33866388550443416,0.024247833471722505,14.020069684497109,0.4249085220471535,0.4249085220471535,0.14107477262594373,0.10780800364829451,0.05193557219601725,0.02370008606196327,6.872358247630793,0.5444129625838019,164.4604579873325,117.67471881007376,43.9787478547106,0.1257796023822065,3.0837860684228042,1.3186102299676812,0.025259272103360375,0.5843009255755693,0.40212767902077906,20.0
63,10,0.05193557219601725,0.33866388550443416,0.024247833471722505,14.020069684497109,0.4249085220471535,0.4249085220471535,0.14107477262594373,0.10780800364829451,0.05193557219601725,0.02370008606196327,6.872358247630793,0.5444129625838019,164.4604579873325,117.67471881007376,43.9787478547106,0.1257796023822065,3.0837860684228042,1.3186102299676812,0.025259272103360375,0.5843009255755693,0.40212767902077906,20.0
64,1,0.03660950909352631,0.2792926988948369,0.016957677824795694,8.786473993913734,0.15119876620257294,0.15119876620257294,0.14960326270216306,0.19043398648652313,0.03660950909352631,0.002018051763927526,4.383859507864427,0.5888060052616529,175.86537270340492,98.87914564623594,70.46898144956064,0.14115390328183833,2.5489238528511056,0.42442148388749934,0.10998737897786466,1.5561323019472049,0.3866681066348101,20.0
64,2,0.036616150191765694,0.2461667693214724,0.01696075084826832,8.786473993913734,0.15119876620492265,0.15119876620492265,0.14987791291447916,0.1905145996727846,0.036616150191765694,0.002018051766103793,4.383859507864427,0.5888060052616529,175.86537270340492,98.87914564623594,70.46898144956064,0.14115390328183833,2.5489238528511056,0.42442148388749934,0.10998737897786466,1.5561323019472049,0.3866681066348101,20.0
64,3,0.036616150191765694,0.24616676932108492,0.01696075084826832,8.786473993913734,0.15119876620492265,0.15119876620492265,0.14987791291447916,0.1905145996727846,0.036616150191765694,0.002018051766103793,4.383859507864427,0.5888060052616529,175.86537270340492,98.87914564623594,70.46898144956064,0.14115390328183833,2.5489238528511056,0.42442148388749934,0.10998737897786466,1.5561323019472049,0.3866681066348101,20.0
64,4,0.036616150191765694,0.24616676932108492,0.01696075084826832,8.786473993913734,0.15119876620492265,0.15119876620492265,0.14987791291447916,0.1905145996727846,0.036616150191765694,0.002018051766103793,4.383859507864427,0.5888060052616529,175.86537270340492,98.87914564623594,70.46898144956064,0.14115390328183833,2.5489238528511056,0.42442148388749934,0.10998737897786466,1.5561323019472049,0.3866681066348101,20.0
64,5,0.036616150191765694,0.24616676932108492,0.01696075084826832,8.786473993913734,0.15119876620492265,0.15119876620492265,0.14987791291447916,0.1905145996727846,0.036616150191765694,0.002018051766103793,4.383859507864427,0.5888060052616529,175.86537270340492,98.87914564623594,70.46898144956064,0.14115390328183833,2.5489238528511056,0.42442148388749934,0.10998737897786466,1.5561323019472049,0.3866681066348101,20.0
64,6,0.036616150191765694,0.24616676932108492,0.01696075084826832,8.786473993913734,0.15119876620492265,0.15119876620492265,0.14987791291447916,0.1905145996727846,0.036616150191765694,0.002018051766103793,4.383859507864427,0.5888060052616529,175.86537270340492,98.87914564623594,70.46898144956064,0.14115390328183833,2.5489238528511056,0.42442148388749934,0.10998737897786466,1.5561323019472049,0.3866681066348101,20.0
64,7,0.036616150191765694,0.24616676932108492,0.01696075084826832,8.786473993913734,0.15119876620492265,0.15119876620492265,0.14987791291447916,0.1905145996727846,0.036616150191765694,0.002018051766103793,4.383859507864427,0.5888060052616529,175.86537270340492,98.87914564623594,70.46898144956064,0.14115390328183833,2.5489238528511056,0.42442148388749934,0.10998737897786466,1.5561323019472049,0.3866681066348101,20.0
64,8,0.036616150191765694,0.24616676932108492,0.01696075084826832,8.786473993913734,0.15119876620492265,0.15119876620492265,0.14987791291447916,0.1905145996727846,0.036616150191765694,0.002018051766103793,4.383859507864427,0.5888060052616529,175.86537270340492,98.87914564623594,70.46898144956064,0.14115390328183833,2.5489238528511056,0.42442148388749934,0.10998737897786466,1.5561323019472049,0.3866681066348101,20.0
64,9,0.036616150191765694,0.24616676932108492,0.01696075084826832,8.786473993913734,0.15119876620492265,0.15119876620492265,0.14987791291447916,0.1905145996727846,0.036616150191765694,0.002018051766103793,4.383859507864427,0.5888060052616529,175.86537270340492,98.87914564623594,70.46898144956064,0.14115390328183833,2.5489238528511056,0.42442148388749934,0.10998737897786466,1.5561323019472049,0.3866681066348101,20.0
64,10,0.036616150191765694,0.24616676932108492,0.01696075084826832,8.786473993913734,0.15119876620492265,0.15119876620492265,0.14987791291447916,0.1905145996727846,0.036616150191765694,0.002018051766103793,4.383859507864427,0.5888060052616529,175.86537270340492,98.87914564623594,70.46898144956064,0.14115390328183833,2.5489238528511056,0.42442148388749934,0.10998737897786466,1.5561323019472049,0.3866681066348101,20.0
65,1,0.08137480627361396,0.9999999999378407,0.049440854583289104,18.92164977992182,0.03558724253880596,0.03558724253880596,4.64764418916615e-22,2.0546568700510658e-17,0.08137480627361396,0.0004558578070879829,3.697473481507486,0.21327918203566082,107.69273558890158,119.3683971827738,78.33166312970647,0.022924869666157362,3.648555498677626,0.9233782268966939,0.1772920958595724,1.3811482710274572,0.4108438568639191,20.0
65,2,0.09659437934301217,0.9983360254928486,0.05868782719633263,18.92164977992182,0.035616039640793004,0.035616039640793004,0.0001748573778018893,0.0002179783447394866,0.09659437934301217,0.00048078018971566537,3.697473481507486,0.21327918203566082,107.69273558890158,119.3683971827738,78.33166312970647,0.022924869666157362,3.648555498677626,0.9233782268966939,0.1772920958595724,1.3811482710274572,0.4108438568639191,20.0
65,3,0.09659683699072545,0.9982502540652325,0.058689319585277316,18.92164977992182,0.03561603964081187,0.03561603964081187,0.00018319849942375813,0.00022789613057869467,0.09659683699072545,0.0004807801897440443,3.697473481507486,0.21327918203566082,107.69273558890158,119.3683971827738,78.33166312970647,0.022924869666157362,3.648555498677626,0.9233782268966939,0.1772920958595724,1.3811482710274572,0.4108438568639191,20.0
65,4,0.096596836990726,0.9982502540651624,0.058689319585277656,18.92164977992182,0.03561603964081187,0.03561603964081187,0.00018319849942770655,0.00022789613058223253,0.096596836990726,0.0004807801897440443,3.697473481507486,0.21327918203566082,107.69273558890158,119.3683971827738,78.33166312970647,0.022924869666157362,3.648555498677626,0.9233782268966939,0.1772920958595724,1.3811482710274572,0.4108438568639191,20.0
65,5,0.096596836990726,0.9982502540651624,0.058689319585277656,18.92164977992182,0.03561603964081187,0.03561603964081187,0.00018319849942770655,0.00022789613058223253,0.096596836990726,0.0004807801897440443,3.697473481507486,0.21327918203566082,107.69273558890158,119.3683971827738,78.33166312970647,0.022924869666157362,3.648555498677626,0.9233782268966939,0.1772920958595724,1.3811482710274572,0.4108438568639191,20.0
65,6,0.096596836990726,0.9982502540651624,0.058689319585277656,18.92164977992182,0.03561603964081187,0.03561603964081187,0.00018319849942770655,0.00022789613058223253,0.096596836990726,0.0004807801897440443,3.697473481507486,0.21327918203566082,107.69273558890158,119.3683971827738,78.33166312970647,0.022924869666157362,3.648555498677626,0.9233782268966939,0.1772920958595724,1.3811482710274572,0.4108438568639191,20.0
65,7,0.096596836990726,0.9982502540651624,0.058689319585277656,18.92164977992182,0.03561603964081187,0.03561603964081187,0.00018319849942770655,0.00022789613058223253,0.096596836990726,0.0004807801897440443,3.697473481507486,0.21327918203566082,107.69273558890158,119.3683971827738,78.33166312970647,0.022924869666157362,3.648555498677626,0.9233782268966939,0.1772920958595724,1.3811482710274572,0.4108438568639191,20.0
65,8,0.096596836990726,0.9982502540651624,0.058689319585277656,18.92164977992182,0.03561603964081187,0.03561603964081187,0.00018319849942770655,0.00022789613058223253,0.096596836990726,0.0004807801897440443,3.697473481507486,0.21327918203566082,107.69273558890158,119.3683971827738,78.33166312970647,0.022924869666157362,3.648555498677626,0.9233782268966939,0.1772920958595724,1.3811482710274572,0.4108438568639191,20.0
65,9,0.096596836990726,0.9982502540651624,0.058689319585277656,18.92164977992182,0.03561603964081187,0.03561603964081187,0.00018319849942770655,0.00022789613058223253,0.096596836990726,0.0004807801897440443,3.697473481507486,0.21327918203566082,107.69273558890158,119.3683971827738,78.33166312970647,0.022924869666157362,3.648555498677626,0.9233782268966939,0.1772920958595724,1.3811482710274572,0.4108438568639191,20.0
65,10,0.096596836990726,0.9982502540651624,0.058689319585277656,18.92164977992182,0.03561603964081187,0.03561603964081187,0.00018319849942770655,0.00022789613058223253,0.096596836990726,0.0004807801897440443,3.697473481507486,0.21327918203566082,107.69273558890158,119.3683971827738,78.33166312970647,0.022924869666157362,3.648555498677626,0.9233782268966939,0.1772920958595724,1.3811482710274572,0.4108438568639191,20.0
66,1,0.036708252732151996,0.9998678825428733,0.027056246887714155,14.391588223301925,0.24879715795152046,0.24879715795152046,0.0002531349300626808,0.09682022448509991,0.036708252732151996,2.020857060307919e-09,6.602002152970574,0.5267737247406283,59.80720486045918,147.59676075066247,76.54422256844005,0.10676773603539418,2.02612521545021,1.371981290077695,0.19644391852398577,0.7741158557584616,0.37048921099322285,20.0
66,2,0.041056977527410284,0.9910261577744481,0.030255488351464337,14.391588223301925,0.24879715795152074,0.24879715795152074,0.016201020324746615,0.17997972009462523,0.041056977527410284,2.02085720418178e-09,6.602002152970574,0.5267737247406283,59.80720486045918,147.59676075066247,76.54422256844005,0.10676773603539418,2.02612521545021,1.371981290077695,0.19644391852398577,0.7741158557584616,0.37048921099322285,20.0
66,3,0.041056977527410284,0.9910261577744479,0.030255488351464337,14.391588223301925,0.24879715795152074,0.24879715795152074,0.01620102032474663,0.17997972009462523,0.041056977527410284,2.02085720418178e-09,6.602002152970574,0.5267737247406283,59.80720486045918,147.59676075066247,76.54422256844005,0.10676773603539418,2.02612521545021,1.371981290077695,0.19644391852398577,0.7741158557584616,0.37048921099322285,20.0
66,4,0.041056977527410284,0.9910261577744479,0.030255488351464337,14.391588223301925,0.24879715795152074,0.24879715795152074,0.01620102032474663,0.17997972009462523,0.041056977527410284,2.02085720418178e-09,6.602002152970574,0.5267737247406283,59.80720486045918,147.59676075066247,76.54422256844005,0.10676773603539418,2.02612521545021,1.371981290077695,0.19644391852398577,0.7741158557584616,0.37048921099322285,20.0
66,5,0.041056977527410284,0.9910261577744479,0.030255488351464337,14.391588223301925,0.24879715795152074,0.24879715795152074,0.01620102032474663,0.17997972009462523,0.041056977527410284,2.02085720418178e-09,6.602002152970574,0.5267737247406283,59.80720486045918,147.59676075066247,76.54422256844005,0.10676773603539418,2.02612521545021,1.371981290077695,0.19644391852398577,0.7741158557584616,0.37048921099322285,20.0
66,6,0.041056977527410284,0.9910261577744479,0.030255488351464337,14.391588223301925,0.24879715795152074,0.24879715795152074,0.01620102032474663,0.17997972009462523,0.041056977527410284,2.02085720418178e-09,6.602002152970574,0.5267737247406283,59.80720486045918,147.59676075066247,76.54422256844005,0.10676773603539418,2.02612521545021,1.371981290077695,0.19644391852398577,0.7741158557584616,0.37048921099322285,20.0
66,7,0.041056977527410284,0.9910261577744479,0.030255488351464337,14.391588223301925,0.24879715795152074,0.24879715795152074,0.01620102032474663,0.17997972009462523,0.041056977527410284,2.02085720418178e-09,6.602002152970574,0.5267737247406283,59.80720486045918,147.59676075066247,76.54422256844005,0.10676773603539418,2.02612521545021,1.371981290077695,0.19644391852398577,0.7741158557584616,0.37048921099322285,20.0
66,8,0.041056977527410284,0.9910261577744479,0.030255488351464337,14.391588223301925,0.24879715795152074,0.24879715795152074,0.01620102032474663,0.17997972009462523,0.041056977527410284,2.02085720418178e-09,6.602002152970574,0.5267737247406283,59.80720486045918,147.59676075066247,76.54422256844005,0.10676773603539418,2.02612521545021,1.371981290077695,0.19644391852398577,0.7741158557584616,0.37048921099322285,20.0
66,9,0.041056977527410284,0.9910261577744479,0.030255488351464337,14.391588223301925,0.24879715795152074,0.24879715795152074,0.01620102032474663,0.17997972009462523,0.041056977527410284,2.02085720418178e-09,6.602002152970574,0.5267737247406283,59.80720486045918,147.59676075066247,76.54422256844005,0.10676773603539418,2.02612521545021,1.371981290077695,0.19644391852398577,0.7741158557584616,0.37048921099322285,20.0
66,10,0.041056977527410284,0.9910261577744479,0.030255488351464337,14.391588223301925,0.24879715795152074,0.24879715795152074,0.01620102032474663,0.17997972009462523,0.041056977527410284,2.02085720418178e-09,6.602002152970574,0.5267737247406283,59.80720486045918,147.59676075066247,76.54422256844005,0.10676773603539418,2.02612521545021,1.371981290077695,0.19644391852398577,0.7741158557584616,0.37048921099322285,20.0
67,1,0.034579716646846365,0.9999999991792325,0.025762249381006234,79.56731479915318,0.10617175580835933,0.10617175580835933,8.940926048718651e-10,8.023396023604747e-06,0.034579716646846365,5.409918970224831e-06,6.777821048610603,0.08699094987672953,41.44784086568013,151.0887281400318,28.466697191728837,0.08606448071849826,4.198195989674195,0.712204488403039,0.06703991159700469,1.9311550130673114,0.4417297832413994,20.0
67,2,0.05128900184140107,0.9999778475567747,0.038210838908988444,79.56731479915318,0.10618575948128509,0.10618575948128509,4.499032958699401e-06,3.918384469064292e-05,0.05128900184140107,7.424793184878957e-06,6.777821048610603,0.08699094987672953,41.44784086568013,151.0887281400318,28.466697191728837,0.08606448071849826,4.198195989674195,0.712204488403039,0.06703991159700469,1.9311550130673114,0.4417297832413994,20.0
67,3,0.05129035190522425,0.9999696297690075,0.03821184445128828,79.56731479915318,0.10618575969462354,0.10618575969462354,6.155608911762672e-06,4.1688273546659456e-05,0.05129035190522425,7.424838118325005e-06,6.777821048610603,0.08699094987672953,41.44784086568013,151.0887281400318,28.466697191728837,0.08606448071849826,4.198195989674195,0.712204488403039,0.06703991159700469,1.9311550130673114,0.4417297832413994,20.0
67,4,0.051290351922145656,0.9999696295945396,0.03821184446389007,79.56731479915318,0.10618575969462515,0.10618575969462515,6.155642232839542e-06,4.168831842084164e-05,0.051290351922145656,7.42483811876022e-06,6.777821048610603,0.08699094987672953,41.44784086568013,151.0887281400318,28.466697191728837,0.08606448071849826,4.198195989674195,0.712204488403039,0.06703991159700469,1.9311550130673114,0.4417297832413994,20.0
67,5,0.051290351922145774,0.9999696295945378,0.03821184446389016,79.56731479915318,0.10618575969462515,0.10618575969462515,6.155642233134831e-06,4.168831842120308e-05,0.051290351922145774,7.4248381187602214e-06,6.777821048610603,0.08699094987672953,41.44784086568013,151.0887281400318,28.466697191728837,0.08606448071849826,4.198195989674195,0.712204488403039,0.06703991159700469,1.9311550130673114,0.4417297832413994,20.0
67,6,0.051290351922145774,0.9999696295945378,0.03821184446389016,79.56731479915318,0.10618575969462515,0.10618575969462515,6.155642233134833e-06,4.168831842120308e-05,0.051290351922145774,7.4248381187602214e-06,6.777821048610603,0.08699094987672953,41.44784086568013,151.0887281400318,28.466697191728837,0.08606448071849826,4.198195989674195,0.712204488403039,0.06703991159700469,1.9311550130673114,0.4417297832413994,20.0
67,7,0.051290351922145774,0.9999696295945378,0.03821184446389016,79.56731479915318,0.10618575969462515,0.10618575969462515,6.155642233134833e-06,4.168831842120308e-05,0.051290351922145774,7.4248381187602214e-06,6.777821048610603,0.08699094987672953,41.44784086568013,151.0887281400318,28.466697191728837,0.08606448071849826,4.198195989674195,0.712204488403039,0.06703991159700469,1.9311550130673114,0.4417297832413994,20.0
67,8,0.051290351922145774,0.9999696295945378,0.03821184446389016,79.56731479915318,0.10618575969462515,0.10618575969462515,6.155642233134833e-06,4.168831842120308e-05,0.051290351922145774,7.4248381187602214e-06,6.777821048610603,0.08699094987672953,41.44784086568013,151.0887281400318,28.466697191728837,0.08606448071849826,4.198195989674195,0.712204488403039,0.06703991159700469,1.9311550130673114,0.4417297832413994,20.0
67,9,0.051290351922145774,0.9999696295945378,0.03821184446389016,79.56731479915318,0.10618575969462515,0.10618575969462515,6.155642233134833e-06,4.168831842120308e-05,0.051290351922145774,7.4248381187602214e-06,6.777821048610603,0.08699094987672953,41.44784086568013,151.0887281400318,28.466697191728837,0.08606448071849826,4.198195989674195,0.712204488403039,0.06703991159700469,1.9311550130673114,0.4417297832413994,20.0
67,10,0.051290351922145774,0.9999696295945378,0.03821184446389016,79.56731479915318,0.10618575969462515,0.10618575969462515,6.155642233134833e-06,4.168831842120308e-05,0.051290351922145774,7.4248381187602214e-06,6.777821048610603,0.08699094987672953,41.44784086568013,151.0887281400318,28.466697191728837,0.08606448071849826,4.198195989674195,0.712204488403039,0.06703991159700469,1.9311550130673114,0.4417297832413994,20.0
68,1,0.06082782008914793,0.9987922744749719,0.03831030003771629,38.06332049580741,0.10380886249545832,0.10380886249545832,0.0007083313659658476,0.011196507795008078,0.06082782008914793,0.0016703161432015722,5.42006710326691,0.14736927620460505,65.4922061139217,111.31201397644713,34.27740091932264,0.06560014095622069,2.795679276829778,1.0440420061594413,0.022086267919574822,1.6731771799119763,0.4368047646871376,20.0
68,2,0.08313932968440294,0.9881097728360088,0.0523617543929474,38.06332049580741,0.11147653105211544,0.11147653105211544,0.003547363105709899,0.022358098284956624,0.08313932968440294,0.002297527023375222,5.42006710326691,0.14736927620460505,65.4922061139217,111.31201397644713,34.27740091932264,0.06560014095622069,2.795679276829778,1.0440420061594413,0.022086267919574822,1.6731771799119763,0.4368047646871376,20.0
68,3,0.08427537179127144,0.9849872239000181,0.05307714636880802,38.06332049580741,0.11177322306064959,0.11177322306064959,0.004199330947328349,0.02361841313357934,0.08427537179127144,0.002337079219883405,5.42006710326691,0.14736927620460505,65.4922061139217,111.31201397644713,34.27740091932264,0.06560014095622069,2.795679276829778,1.0440420061594413,0.022086267919574822,1.6731771799119763,0.4368047646871376,20.0
68,4,0.08431293306556567,0.984804929423371,0.053100798313623576,38.06332049580741,0.11178187205522024,0.11178187205522024,0.004233357858289688,0.023672180365766647,0.08431293306556567,0.0023385819242246497,5.42006710326691,0.14736927620460505,65.4922061139217,111.31201397644713,34.27740091932264,0.06560014095622069,2.795679276829778,1.0440420061594413,0.022086267919574822,1.6731771799119763,0.4368047646871376,20.0
68,5,0.08431390673002082,0.9847983393042399,0.05310141139798991,38.06332049580741,0.1117820799556521,0.1117820799556521,0.004234497028980321,0.02367378383104648,0.08431390673002082,0.0023386248008853863,5.42006710326691,0.14736927620460505,65.4922061139217,111.31201397644713,34.27740091932264,0.06560014095622069,2.795679276829778,1.0440420061594413,0.022086267919574822,1.6731771799119763,0.4368047646871376,20.0
68,6,0.08431392806911982,0.9847981583032155,0.05310142483415956,38.06332049580741,0.11178208428435932,0.11178208428435932,0.004234526643007424,0.023673822345218924,0.08431392806911982,0.0023386258090072874,5.42006710326691,0.14736927620460505,65.4922061139217,111.31201397644713,34.27740091932264,0.06560014095622069,2.795679276829778,1.0440420061594413,0.022086267919574822,1.6731771799119763,0.4368047646871376,20.0
68,7,0.08431392848131004,0.9847981541742382,0.05310142509368992,38.06332049580741,0.11178208436489263,0.11178208436489263,0.0042345272906739355,0.023673823139487588,0.08431392848131004,0.0023386258295570225,5.42006710326691,0.14736927620460505,65.4922061139217,111.31201397644713,34.27740091932264,0.06560014095622069,2.795679276829778,1.0440420061594413,0.022086267919574822,1.6731771799119763,0.4368047646871376,20.0
68,8,0.08431392848851489,0.9847981540921168,0.053101425098226275,38.06332049580741,0.11178208436626016,0.11178208436626016,0.0042345273031273115,0.02367382315407515,0.08431392848851489,0.0023386258299318637,5.42006710326691,0.14736927620460505,65.4922061139217,111.31201397644713,34.27740091932264,0.06560014095622069,2.795679276829778,1.0440420061594413,0.022086267919574822,1.6731771799119763,0.4368047646871376,20.0
68,9,0.08431392848863095,0.9847981540906492,0.05310142509829934,38.06332049580741,0.11178208436628168,0.11178208436628168,0.004234527303343737,0.023673823154319432,0.08431392848863095,0.0023386258299381148,5.42006710326691,0.14736927620460505,65.4922061139217,111.31201397644713,34.27740091932264,0.06560014095622069,2.795679276829778,1.0440420061594413,0.022086267919574822,1.6731771799119763,0.4368047646871376,20.0
68,10,0.0843139284886327,0.9847981540906251,0.053101425098300445,38.06332049580741,0.11178208436628198,0.11178208436628198,0.004234527303347202,0.023673823154323224,0.0843139284886327,0.0023386258299382115,5.42006710326691,0.14736927620460505,65.4922061139217,111.31201397644713,34.27740091932264,0.06560014095622069,2.795679276829778,1.0440420061594413,0.022086267919574822,1.6731771799119763,0.4368047646871376,20.0
69,1,0.11697971706287637,0.9996157086865182,0.06160611017716659,42.56689016419681,0.06937978481700598,0.06937978481700598,0.000562681765409143,0.01250993763382084,0.11697971706287637,3.89592373873318e-07,4.207276698508386,0.10290958955792719,137.49244627066693,161.45875111428188,13.81398759813921,0.0743907452994089,4.438980683024341,0.43970731008008124,0.10752238309659712,1.5245131751976264,0.3213517000788737,20.0
69,2,0.13315478099501896,0.998736096474646,0.0701236395322383,42.56689016419681,0.06937980161908792,0.06937980161908792,0.0018007814844157241,0.025665416835755763,0.13315478099501896,4.0076797413989916e-07,4.207276698508386,0.10290958955792719,137.49244627066693,161.45875111428188,13.81398759813921,0.0743907452994089,4.438980683024341,0.43970731008008124,0.10752238309659712,1.5245131751976264,0.3213517000788737,20.0
69,3,0.13315478115557472,0.9987360694237588,0.07012363961671353,42.56689016419681,0.06937980161908792,0.06937980161908792,0.0018007826501278048,0.02566541787632823,0.13315478115557472,4.00767974154345e-07,4.207276698508386,0.10290958955792719,137.49244627066693,161.45875111428188,13.81398759813921,0.0743907452994089,4.438980683024341,0.43970731008008124,0.10752238309659712,1.5245131751976264,0.3213517000788737,20.0
69,4,0.13315478115557472,0.9987360694237588,0.07012363961671353,42.56689016419681,0.06937980161908792,0.06937980161908792,0.0018007826501278048,0.02566541787632823,0.13315478115557472,4.00767974154345e-07,4.207276698508386,0.10290958955792719,137.49244627066693,161.45875111428188,13.81398759813921,0.0743907452994089,4.438980683024341,0.43970731008008124,0.10752238309659712,1.5245131751976264,0.3213517000788737,20.0
69,5,0.13315478115557472,0.9987360694237588,0.07012363961671353,42.56689016419681,0.06937980161908792,0.06937980161908792,0.0018007826501278048,0.02566541787632823,0.13315478115557472,4.00767974154345e-07,4.207276698508386,0.10290958955792719,137.49244627066693,161.45875111428188,13.81398759813921,0.0743907452994089,4.438980683024341,0.43970731008008124,0.10752238309659712,1.5245131751976264,0.3213517000788737,20.0
69,6,0.13315478115557472,0.9987360694237588,0.07012363961671353,42.56689016419681,0.06937980161908792,0.06937980161908792,0.0018007826501278048,0.02566541787632823,0.13315478115557472,4.00767974154345e-07,4.207276698508386,0.10290958955792719,137.49244627066693,161.45875111428188,13.81398759813921,0.0743907452994089,4.438980683024341,0.43970731008008124,0.10752238309659712,1.5245131751976264,0.3213517000788737,20.0
69,7,0.13315478115557472,0.9987360694237588,0.07012363961671353,42.56689016419681,0.06937980161908792,0.06937980161908792,0.0018007826501278048,0.02566541787632823,0.13315478115557472,4.00767974154345e-07,4.207276698508386,0.10290958955792719,137.49244627066693,161.45875111428188,13.81398759813921,0.0743907452994089,4.438980683024341,0.43970731008008124,0.10752238309659712,1.5245131751976264,0.3213517000788737,20.0
69,8,0.13315478115557472,0.9987360694237588,0.07012363961671353,42.56689016419681,0.06937980161908792,0.06937980161908792,0.0018007826501278048,0.02566541787632823,0.13315478115557472,4.00767974154345e-07,4.207276698508386,0.10290958955792719,137.49244627066693,161.45875111428188,13.81398759813921,0.0743907452994089,4.438980683024341,0.43970731008008124,0.10752238309659712,1.5245131751976264,0.3213517000788737,20.0
69,9,0.13315478115557472,0.9987360694237588,0.07012363961671353,42.56689016419681,0.06937980161908792,0.06937980161908792,0.0018007826501278048,0.02566541787632823,0.13315478115557472,4.00767974154345e-07,4.207276698508386,0.10290958955792719,137.49244627066693,161.45875111428188,13.81398759813921,0.0743907452994089,4.438980683024341,0.43970731008008124,0.10752238309659712,1.5245131751976264,0.3213517000788737,20.0
69,10,0.13315478115557472,0.9987360694237588,0.07012363961671353,42.56689016419681,0.06937980161908792,0.06937980161908792,0.0018007826501278048,0.02566541787632823,0.13315478115557472,4.00767974154345e-07,4.207276698508386,0.10290958955792719,137.49244627066693,161.45875111428188,13.81398759813921,0.0743907452994089,4.438980683024341,0.43970731008008124,0.10752238309659712,1.5245131751976264,0.3213517000788737,20.0
70,1,0.06446639667242168,0.9733613996876117,0.039217600049943346,4.604695355753066,0.18880094084406746,0.18880094084406746,0.02085408818286229,0.10472816936563052,0.06446639667242168,0.0002167049640348052,2.8138583430553856,0.8121365443433456,74.98078219951176,80.327885975165,67.33126726566903,0.12288765622649535,2.979592172625458,1.233628483866198,0.11019611547830993,0.9933732789993596,0.33544511915544706,20.0
70,2,0.07238431795612073,0.9131252685612974,0.044030961561256375,4.604695355753066,0.1888061585209745,0.1888061585209745,0.05695558691144933,0.1507159897433958,0.07238431795612073,0.0002193546788487022,2.8138583430553856,0.8121365443433456,74.98078219951176,80.327885975165,67.33126726566903,0.12288765622649535,2.979592172625458,1.233628483866198,0.11019611547830993,0.9933732789993596,0.33544511915544706,20.0
70,3,0.07238432460872381,0.9131195052617348,0.044030965602132204,4.604695355753066,0.1888061585211435,0.1888061585211435,0.05695579246594421,0.15071606013042563,0.07238432460872381,0.00021935467896922777,2.8138583430553856,0.8121365443433456,74.98078219951176,80.327885975165,67.33126726566903,0.12288765622649535,2.979592172625458,1.233628483866198,0.11019611547830993,0.9933732789993596,0.33544511915544706,20.0
70,4,0.07238432460872388,0.9131195052615434,0.04403096560213224,4.604695355753066,0.1888061585211435,0.1888061585211435,0.05695579246594728,0.15071606013042646,0.07238432460872388,0.00021935467896922777,2.8138583430553856,0.8121365443433456,74.98078219951176,80.327885975165,67.33126726566903,0.12288765622649535,2.979592172625458,1.233628483866198,0.11019611547830993,0.9933732789993596,0.33544511915544706,20.0
70,5,0.07238432460872388,0.9131195052615434,0.04403096560213224,4.604695355753066,0.1888061585211435,0.1888061585211435,0.05695579246594728,0.15071606013042646,0.07238432460872388,0.00021935467896922777,2.8138583430553856,0.8121365443433456,74.98078219951176,80.327885975165,67.33126726566903,0.12288765622649535,2.979592172625458,1.233628483866198,0.11019611547830993,0.9933732789993596,0.33544511915544706,20.0
70,6,0.07238432460872388,0.9131195052615434,0.04403096560213224,4.604695355753066,0.1888061585211435,0.1888061585211435,0.05695579246594728,0.15071606013042646,0.07238432460872388,0.00021935467896922777,2.8138583430553856,0.8121365443433456,74.98078219951176,80.327885975165,67.33126726566903,0.12288765622649535,2.979592172625458,1.233628483866198,0.11019611547830993,0.9933732789993596,0.33544511915544706,20.0
70,7,0.07238432460872388,0.9131195052615434,0.04403096560213224,4.604695355753066,0.1888061585211435,0.1888061585211435,0.05695579246594728,0.15071606013042646,0.07238432460872388,0.00021935467896922777,2.8138583430553856,0.8121365443433456,74.98078219951176,80.327885975165,67.33126726566903,0.12288765622649535,2.979592172625458,1.233628483866198,0.11019611547830993,0.9933732789993596,0.33544511915544706,20.0
70,8,0.07238432460872388,0.9131195052615434,0.04403096560213224,4.604695355753066,0.1888061585211435,0.1888061585211435,0.05695579246594728,0.15071606013042646,0.07238432460872388,0.00021935467896922777,2.8138583430553856,0.8121365443433456,74.98078219951176,80.327885975165,67.33126726566903,0.12288765622649535,2.979592172625458,1.233628483866198,0.11019611547830993,0.9933732789993596,0.33544511915544706,20.0
70,9,0.07238432460872388,0.9131195052615434,0.04403096560213224,4.604695355753066,0.1888061585211435,0.1888061585211435,0.05695579246594728,0.15071606013042646,0.07238432460872388,0.00021935467896922777,2.8138583430553856,0.8121365443433456,74.98078219951176,80.327885975165,67.33126726566903,0.12288765622649535,2.979592172625458,1.233628483866198,0.11019611547830993,0.9933732789993596,0.33544511915544706,20.0
70,10,0.07238432460872388,0.9131195052615434,0.04403096560213224,4.604695355753066,0.1888061585211435,0.1888061585211435,0.05695579246594728,0.15071606013042646,0.07238432460872388,0.00021935467896922777,2.8138583430553856,0.8121365443433456,74.98078219951176,80.327885975165,67.33126726566903,0.12288765622649535,2.979592172625458,1.233628483866198,0.11019611547830993,0.9933732789993596,0.33544511915544706,20.0
71,1,0.07513326309949796,0.2598341483843528,0.020639402821418195,19.928260668810683,0.30929922615158256,0.30929922615158256,0.1499134351893444,0.20762183275755966,0.07513326309949796,0.0008647874451273877,7.481434469159932,0.38558815852458284,172.05002317529903,32.23787321880107,40.64515016883733,0.11521438965997095,5.608975902295459,0.21190972879169562,0.1676104841726191,0.7187953369814213,0.39415709401247817,20.0
71,2,0.0751346825518486,0.22745576782006702,0.02063979207286073,19.928260668810683,0.30929922618344935,0.30929922618344935,0.14998309504804538,0.20763277757574428,0.0751346825518486,0.000864787465825821,7.481434469159932,0.38558815852458284,172.05002317529903,32.23787321880107,40.64515016883733,0.11521438965997095,5.608975902295459,0.21190972879169562,0.1676104841726191,0.7187953369814213,0.39415709401247817,20.0
71,3,0.0751346825518486,0.22745576781735793,0.02063979207286073,19.928260668810683,0.30929922618344935,0.30929922618344935,0.14998309504804538,0.20763277757574428,0.0751346825518486,0.000864787465825821,7.481434469159932,0.38558815852458284,172.05002317529903,32.23787321880107,40.64515016883733,0.11521438965997095,5.608975902295459,0.21190972879169562,0.1676104841726191,0.7187953369814213,0.39415709401247817,20.0
71,4,0.0751346825518486,0.22745576781735793,0.02063979207286073,19.928260668810683,0.30929922618344935,0.30929922618344935,0.14998309504804538,0.20763277757574428,0.0751346825518486,0.000864787465825821,7.481434469159932,0.38558815852458284,172.05002317529903,32.23787321880107,40.64515016883733,0.11521438965997095,5.608975902295459,0.21190972879169562,0.1676104841726191,0.7187953369814213,0.39415709401247817,20.0
71,5,0.0751346825518486,0.22745576781735793,0.02063979207286073,19.928260668810683,0.30929922618344935,0.30929922618344935,0.14998309504804538,0.20763277757574428,0.0751346825518486,0.000864787465825821,7.481434469159932,0.38558815852458284,172.05002317529903,32.23787321880107,40.64515016883733,0.11521438965997095,5.608975902295459,0.21190972879169562,0.1676104841726191,0.7187953369814213,0.39415709401247817,20.0
71,6,0.0751346825518486,0.22745576781735793,0.02063979207286073,19.928260668810683,0.30929922618344935,0.30929922618344935,0.14998309504804538,0.20763277757574428,0.0751346825518486,0.000864787465825821,7.481434469159932,0.38558815852458284,172.05002317529903,32.23787321880107,40.64515016883733,0.11521438965997095,5.608975902295459,0.21190972879169562,0.1676104841726191,0.7187953369814213,0.39415709401247817,20.0
71,7,0.0751346825518486,0.22745576781735793,0.02063979207286073,19.928260668810683,0.30929922618344935,0.30929922618344935,0.14998309504804538,0.20763277757574428,0.0751346825518486,0.000864787465825821,7.481434469159932,0.38558815852458284,172.05002317529903,32.23787321880107,40.64515016883733,0.11521438965997095,5.608975902295459,0.21190972879169562,0.1676104841726191,0.7187953369814213,0.39415709401247817,20.0
71,8,0.0751346825518486,0.22745576781735793,0.02063979207286073,19.928260668810683,0.30929922618344935,0.30929922618344935,0.14998309504804538,0.20763277757574428,0.0751346825518486,0.000864787465825821,7.481434469159932,0.38558815852458284,172.05002317529903,32.23787321880107,40.64515016883733,0.11521438965997095,5.608975902295459,0.21190972879169562,0.1676104841726191,0.7187953369814213,0.39415709401247817,20.0
71,9,0.0751346825518486,0.22745576781735793,0.02063979207286073,19.928260668810683,0.30929922618344935,0.30929922618344935,0.14998309504804538,0.20763277757574428,0.0751346825518486,0.000864787465825821,7.481434469159932,0.38558815852458284,172.05002317529903,32.23787321880107,40.64515016883733,0.11521438965997095,5.608975902295459,0.21190972879169562,0.1676104841726191,0.7187953369814213,0.39415709401247817,20.0
71,10,0.0751346825518486,0.22745576781735793,0.02063979207286073,19.928260668810683,0.30929922618344935,0.30929922618344935,0.14998309504804538,0.20763277757574428,0.0751346825518486,0.000864787465825821,7.481434469159932,0.38558815852458284,172.05002317529903,32.23787321880107,40.64515016883733,0.11521438965997095,5.608975902295459,0.21190972879169562,0.1676104841726191,0.7187953369814213,0.39415709401247817,20.0
72,1,0.19293459101256272,0.678277606954749,0.0546145071797739,4.255242271150699,0.15736730140667604,0.15736730140667604,0.14337587310023533,0.21340900023459647,0.19293459101256272,0.009763175565825618,2.8506997363143105,0.7798517831281061,188.78389384490353,37.41615291771437,45.12857560499134,0.05587819925052458,2.8309542228901736,1.2025713636437212,0.15029820540751226,0.8689382743015341,0.42041871858952273,20.0
72,2,0.19315749736085347,0.5932388908158938,0.054677511332795734,4.255242271150699,0.15736749647278422,0.15736749647278422,0.14793920958346482,0.21479441902906493,0.19315749736085347,0.009763345667218329,2.8506997363143105,0.7798517831281061,188.78389384490353,37.41615291771437,45.12857560499134,0.05587819925052458,2.8309542228901736,1.2025713636437212,0.15029820540751226,0.8689382743015341,0.42041871858952273,20.0
72,3,0.19315749736090332,0.5932388027329709,0.054677511332809806,4.255242271150699,0.15736749647278422,0.15736749647278422,0.14793920958629936,0.21479441902949056,0.19315749736090332,0.009763345667218334,2.8506997363143105,0.7798517831281061,188.78389384490353,37.41615291771437,45.12857560499134,0.05587819925052458,2.8309542228901736,1.2025713636437212,0.15029820540751226,0.8689382743015341,0.42041871858952273,20.0
72,4,0.19315749736090332,0.5932388027329709,0.054677511332809806,4.255242271150699,0.15736749647278422,0.15736749647278422,0.14793920958629936,0.21479441902949056,0.19315749736090332,0.009763345667218334,2.8506997363143105,0.7798517831281061,188.78389384490353,37.41615291771437,45.12857560499134,0.05587819925052458,2.8309542228901736,1.2025713636437212,0.15029820540751226,0.8689382743015341,0.42041871858952273,20.0
72,5,0.19315749736090332,0.5932388027329709,0.054677511332809806,4.255242271150699,0.15736749647278422,0.15736749647278422,0.14793920958629936,0.21479441902949056,0.19315749736090332,0.009763345667218334,2.8506997363143105,0.7798517831281061,188.78389384490353,37.41615291771437,45.12857560499134,0.05587819925052458,2.8309542228901736,1.2025713636437212,0.15029820540751226,0.8689382743015341,0.42041871858952273,20.0
72,6,0.19315749736090332,0.5932388027329709,0.054677511332809806,4.255242271150699,0.15736749647278422,0.15736749647278422,0.14793920958629936,0.21479441902949056,0.19315749736090332,0.009763345667218334,2.8506997363143105,0.7798517831281061,188.78389384490353,37.41615291771437,45.12857560499134,0.05587819925052458,2.8309542228901736,1.2025713636437212,0.15029820540751226,0.8689382743015341,0.42041871858952273,20.0
72,7,0.19315749736090332,0.5932388027329709,0.054677511332809806,4.255242271150699,0.15736749647278422,0.15736749647278422,0.14793920958629936,0.21479441902949056,0.19315749736090332,0.009763345667218334,2.8506997363143105,0.7798517831281061,188.78389384490353,37.41615291771437,45.12857560499134,0.05587819925052458,2.8309542228901736,1.2025713636437212,0.15029820540751226,0.8689382743015341,0.42041871858952273,20.0
72,8,0.19315749736090332,0.5932388027329709,0.054677511332809806,4.255242271150699,0.15736749647278422,0.15736749647278422,0.14793920958629936,0.21479441902949056,0.19315749736090332,0.009763345667218334,2.8506997363143105,0.7798517831281061,188.78389384490353,37.41615291771437,45.12857560499134,0.05587819925052458,2.8309542228901736,1.2025713636437212,0.15029820540751226,0.8689382743015341,0.42041871858952273,20.0
72,9,0.19315749736090332,0.5932388027329709,0.054677511332809806,4.255242271150699,0.15736749647278422,0.15736749647278422,0.14793920958629936,0.21479441902949056,0.19315749736090332,0.009763345667218334,2.8506997363143105,0.7798517831281061,188.78389384490353,37.41615291771437,45.12857560499134,0.05587819925052458,2.8309542228901736,1.2025713636437212,0.15029820540751226,0.8689382743015341,0.42041871858952273,20.0
72,10,0.19315749736090332,0.5932388027329709,0.054677511332809806,4.255242271150699,0.15736749647278422,0.15736749647278422,0.14793920958629936,0.21479441902949056,0.19315749736090332,0.009763345667218334,2.8506997363143105,0.7798517831281061,188.78389384490353,37.41615291771437,45.12857560499134,0.05587819925052458,2.8309542228901736,1.2025713636437212,0.15029820540751226,0.8689382743015341,0.42041871858952273,20.0
73,1,0.061233676216402216,0.8896707882525532,0.03782641076455961,5.365493548755188,0.2243601211723904,0.2243601211723904,0.03971085405013307,0.07152732318315637,0.061233676216402216,0.008698508765016107,2.9035742825983846,0.8642686488155776,126.20239818705906,164.7581807405365,71.66759431526808,0.12033964355665906,5.649901692219013,1.0965896174816625,0.02004688723044814,1.5868308465342522,0.427586104564621,20.0
73,2,0.06989797051923731,0.8293674357020462,0.043178188016682335,5.365493548755188,0.23030926578165883,0.23030926578165883,0.055127618963348446,0.08991786082617166,0.06989797051923731,0.009388169962488977,2.9035742825983846,0.8642686488155776,126.20239818705906,164.7581807405365,71.66759431526808,0.12033964355665906,5.649901692219013,1.0965896174816625,0.02004688723044814,1.5868308465342522,0.427586104564621,20.0
73,3,0.07000708584843211,0.8269438184497226,0.04324558091371861,5.365493548755188,0.2303494239844511,0.2303494239844511,0.055464523140968655,0.09024257069332717,0.07000708584843211,0.009394229073851366,2.9035742825983846,0.8642686488155776,126.20239818705906,164.7581807405365,71.66759431526808,0.12033964355665906,5.649901692219013,1.0965896174816625,0.02004688723044814,1.5868308465342522,0.427586104564621,20.0
73,4,0.07000764839668111,0.8269252852239415,0.04324592834883798,5.365493548755188,0.23034958251115886,0.23034958251115886,0.05546658957003801,0.09024443096170469,0.07000764839668111,0.009394256222696643,2.9035742825983846,0.8642686488155776,126.20239818705906,164.7581807405365,71.66759431526808,0.12033964355665906,5.649901692219013,1.0965896174816625,0.02004688723044814,1.5868308465342522,0.427586104564621,20.0
73,5,0.07000765028803081,0.826925207791988,0.04324592951693071,5.365493548755188,0.23034958296669647,0.23034958296669647,0.05546659721039257,0.09024443758018329,0.07000765028803081,0.009394256307012076,2.9035742825983846,0.8642686488155776,126.20239818705906,164.7581807405365,71.66759431526808,0.12033964355665906,5.649901692219013,1.0965896174816625,0.02004688723044814,1.5868308465342522,0.427586104564621,20.0
73,6,0.07000765029289777,0.8269252075620981,0.04324592951993648,5.365493548755188,0.2303495829677508,0.2303495829677508,0.055466597231314654,0.09024443759784685,0.07000765029289777,0.00939425630721798,2.9035742825983846,0.8642686488155776,126.20239818705906,164.7581807405365,71.66759431526808,0.12033964355665906,5.649901692219013,1.0965896174816625,0.02004688723044814,1.5868308465342522,0.427586104564621,20.0
73,7,0.07000765029290812,0.8269252075615543,0.04324592951994288,5.365493548755188,0.23034958296775282,0.23034958296775282,0.0554665972313613,0.09024443759788547,0.07000765029290812,0.009394256307218402,2.9035742825983846,0.8642686488155776,126.20239818705906,164.7581807405365,71.66759431526808,0.12033964355665906,5.649901692219013,1.0965896174816625,0.02004688723044814,1.5868308465342522,0.427586104564621,20.0
73,8,0.07000765029290813,0.8269252075615533,0.0432459295199429,5.365493548755188,0.23034958296775282,0.23034958296775282,0.0554665972313614,0.09024443759788554,0.07000765029290813,0.009394256307218402,2.9035742825983846,0.8642686488155776,126.20239818705906,164.7581807405365,71.66759431526808,0.12033964355665906,5.649901692219013,1.0965896174816625,0.02004688723044814,1.5868308465342522,0.427586104564621,20.0
73,9,0.07000765029290813,0.8269252075615533,0.0432459295199429,5.365493548755188,0.23034958296775282,0.23034958296775282,0.0554665972313614,0.09024443759788554,0.07000765029290813,0.009394256307218402,2.9035742825983846,0.8642686488155776,126.20239818705906,164.7581807405365,71.66759431526808,0.12033964355665906,5.649901692219013,1.0965896174816625,0.02004688723044814,1.5868308465342522,0.427586104564621,20.0
73,10,0.07000765029290813,0.8269252075615533,0.0432459295199429,5.365493548755188,0.23034958296775282,0.23034958296775282,0.0554665972313614,0.09024443759788554,0.07000765029290813,0.009394256307218402,2.9035742825983846,0.8642686488155776,126.20239818705906,164.7581807405365,71.66759431526808,0.12033964355665906,5.649901692219013,1.0965896174816625,0.02004688723044814,1.5868308465342522,0.427586104564621,20.0
74,1,0.05804970505577358,0.9999999997979294,0.027860038308028565,5.368863906588215,0.2876078203036344,0.2876078203036344,1.1741362614604102e-13,1.6900394018892614e-09,0.05804970505577358,0.031846629440979934,3.090978843848672,0.6515594543316187,72.36126591943142,39.624264446865205,45.730148278972294,0.13977854457302843,5.243683377365509,1.108220942004156,0.19763700211632546,1.9630006390628656,0.3135496751102308,20.0
74,2,0.11220162818523416,0.8193003499811751,0.053857199673175725,5.368863906588215,0.3084873652463035,0.3084873652463035,0.02554159324300093,0.03425017358666467,0.11220162818523416,0.039050729830556366,3.090978843848672,0.6515594543316187,72.36126591943142,39.624264446865205,45.730148278972294,0.13977854457302843,5.243683377365509,1.108220942004156,0.19763700211632546,1.9630006390628656,0.3135496751102308,20.0
74,3,0.11396855725519545,0.797195716848543,0.05470525714312213,5.368863906588215,0.30849718580130026,0.30849718580130026,0.02873863406771052,0.037603735205090104,0.11396855725519545,0.03905864650873293,3.090978843848672,0.6515594543316187,72.36126591943142,39.624264446865205,45.730148278972294,0.13977854457302843,5.243683377365509,1.108220942004156,0.19763700211632546,1.9630006390628656,0.3135496751102308,20.0
74,4,0.11396873487224599,0.7971800178319358,0.054705342344982484,5.368863906588215,0.3084971858889107,0.3084971858889107,0.028739648274258425,0.03760437994305559,0.11396873487224599,0.039058646605829875,3.090978843848672,0.6515594543316187,72.36126591943142,39.624264446865205,45.730148278972294,0.13977854457302843,5.243683377365509,1.108220942004156,0.19763700211632546,1.9630006390628656,0.3135496751102308,20.0
74,5,0.11396873487282641,0.7971800176799961,0.054705342345260824,5.368863906588215,0.3084971858889108,0.3084971858889108,0.028739648280030672,0.037604379945792736,0.11396873487282641,0.03905864660582996,3.090978843848672,0.6515594543316187,72.36126591943142,39.624264446865205,45.730148278972294,0.13977854457302843,5.243683377365509,1.108220942004156,0.19763700211632546,1.9630006390628656,0.3135496751102308,20.0
74,6,0.11396873487282641,0.7971800176799961,0.054705342345260824,5.368863906588215,0.3084971858889108,0.3084971858889108,0.028739648280030672,0.037604379945792736,0.11396873487282641,0.03905864660582996,3.090978843848672,0.6515594543316187,72.36126591943142,39.624264446865205,45.730148278972294,0.13977854457302843,5.243683377365509,1.108220942004156,0.19763700211632546,1.9630006390628656,0.3135496751102308,20.0
74,7,0.11396873487282641,0.7971800176799961,0.054705342345260824,5.368863906588215,0.3084971858889108,0.3084971858889108,0.028739648280030672,0.037604379945792736,0.11396873487282641,0.03905864660582996,3.090978843848672,0.6515594543316187,72.36126591943142,39.624264446865205,45.730148278972294,0.13977854457302843,5.243683377365509,1.108220942004156,0.19763700211632546,1.9630006390628656,0.3135496751102308,20.0
74,8,0.11396873487282641,0.7971800176799961,0.054705342345260824,5.368863906588215,0.3084971858889108,0.3084971858889108,0.028739648280030672,0.037604379945792736,0.11396873487282641,0.03905864660582996,3.090978843848672,0.6515594543316187,72.36126591943142,39.624264446865205,45.730148278972294,0.13977854457302843,5.243683377365509,1.108220942004156,0.19763700211632546,1.9630006390628656,0.3135496751102308,20.0
74,9,0.11396873487282641,0.7971800176799961,0.054705342345260824,5.368863906588215,0.3084971858889108,0.3084971858889108,0.028739648280030672,0.037604379945792736,0.11396873487282641,0.03905864660582996,3.090978843848672,0.6515594543316187,72.36126591943142,39.624264446865205,45.730148278972294,0.13977854457302843,5.243683377365509,1.108220942004156,0.19763700211632546,1.9630006390628656,0.3135496751102308,20.0
74,10,0.11396873487282641,0.7971800176799961,0.054705342345260824,5.368863906588215,0.3084971858889108,0.3084971858889108,0.028739648280030672,0.037604379945792736,0.11396873487282641,0.03905864660582996,3.090978843848672,0.6515594543316187,72.36126591943142,39.624264446865205,45.730148278972294,0.13977854457302843,5.243683377365509,1.108220942004156,0.19763700211632546,1.9630006390628656,0.3135496751102308,20.0
75,1,0.02290367548923503,0.9999998985221342,0.011293140835454409,6.038505895178241,0.4532433576360827,0.4532433576360827,2.102734672232745e-08,8.908235297419896e-07,0.02290367548923503,0.010824525288912248,4.046365999779814,0.9028938472776326,165.48762022777694,130.81993291310098,49.75085279812627,0.028630345688721113,5.811395331196653,1.3250284664165868,0.02315368310123079,0.8960502709891652,0.3594914365378431,20.0
75,2,0.0913863771918679,0.8894167619557102,0.04506513353616315,6.038505895178241,0.6127674577959491,0.6127674577959491,0.01393382881675612,0.023924022842685508,0.0913863771918679,0.025974135338144203,4.046365999779814,0.9028938472776326,165.48762022777694,130.81993291310098,49.75085279812627,0.028630345688721113,5.811395331196653,1.3250284664165868,0.02315368310123079,0.8960502709891652,0.3594914365378431,20.0
75,3,0.1155642651024018,0.8261347838161194,0.056988244552060245,6.038505895178241,0.632590305189227,0.632590305189227,0.02690079540496255,0.0432365784409711,0.1155642651024018,0.029368243351511895,4.046365999779814,0.9028938472776326,165.48762022777694,130.81993291310098,49.75085279812627,0.028630345688721113,5.811395331196653,1.3250284664165868,0.02315368310123079,0.8960502709891652,0.3594914365378431,20.0
75,4,0.11802418656019938,0.814927516468586,0.058201294785799856,6.038505895178241,0.633772705017307,0.633772705017307,0.02899385747693899,0.04606107540139763,0.11802418656019938,0.02963994598439417,4.046365999779814,0.9028938472776326,165.48762022777694,130.81993291310098,49.75085279812627,0.028630345688721113,5.811395331196653,1.3250284664165868,0.02315368310123079,0.8960502709891652,0.3594914365378431,20.0
75,5,0.11814678974825008,0.8140738743881948,0.058261751982957875,6.038505895178241,0.6338148391277876,0.6338148391277876,0.029128553866802645,0.04623191058862449,0.11814678974825008,0.02965165487596553,4.046365999779814,0.9028938472776326,165.48762022777694,130.81993291310098,49.75085279812627,0.028630345688721113,5.811395331196653,1.3250284664165868,0.02315368310123079,0.8960502709891652,0.3594914365378431,20.0
75,6,0.1181505213592646,0.8140382999980368,0.058263592047100646,6.038505895178241,0.6338158480477137,0.6338158480477137,0.029133452004357293,0.04623783538024433,0.1181505213592646,0.029651976626196116,4.046365999779814,0.9028938472776326,165.48762022777694,130.81993291310098,49.75085279812627,0.028630345688721113,5.811395331196653,1.3250284664165868,0.02315368310123079,0.8960502709891652,0.3594914365378431,20.0
75,7,0.11815059919183742,0.8140373559754405,0.05826363042575551,6.038505895178241,0.6338158656203381,0.6338158656203381,0.029133568799413076,0.04623797132903856,0.11815059919183742,0.029651982847968134,4.046365999779814,0.9028938472776326,165.48762022777694,130.81993291310098,49.75085279812627,0.028630345688721113,5.811395331196653,1.3250284664165868,0.02315368310123079,0.8960502709891652,0.3594914365378431,20.0
75,8,0.11815060039413082,0.8140373383174353,0.05826363101858774,6.038505895178241,0.6338158658562542,0.6338158658562542,0.029133570802366816,0.04623797358762795,0.11815060039413082,0.02965198293865658,4.046365999779814,0.9028938472776326,165.48762022777694,130.81993291310098,49.75085279812627,0.028630345688721113,5.811395331196653,1.3250284664165868,0.02315368310123079,0.8960502709891652,0.3594914365378431,20.0
75,9,0.11815060040866897,0.814037338067714,0.058263631025756185,6.038505895178241,0.6338158658588038,0.6338158658588038,0.02913357082871096,0.04623797361655338,0.11815060040866897,0.029651982939704002,4.046365999779814,0.9028938472776326,165.48762022777694,130.81993291310098,49.75085279812627,0.028630345688721113,5.811395331196653,1.3250284664165868,0.02315368310123079,0.8960502709891652,0.3594914365378431,20.0
75,10,0.11815060040881235,0.8140373380649067,0.05826363102582688,6.038505895178241,0.6338158658588267,0.6338158658588267,0.029133570828989333,0.04623797361685217,0.11815060040881235,0.02965198293971395,4.046365999779814,0.9028938472776326,165.48762022777694,130.81993291310098,49.75085279812627,0.028630345688721113,5.811395331196653,1.3250284664165868,0.02315368310123079,0.8960502709891652,0.3594914365378431,20.0
76,1,0.08690468127268233,0.7059804733649653,0.040891100364495454,15.270783824642528,0.2714973212119232,0.2714973212119232,0.09781723693327386,0.14250667877961357,0.08690468127268233,0.004337059250730145,3.670173896580417,0.2592415740594628,134.78493747156938,85.0211611953864,52.644289730697764,0.1127446406794314,3.8685193041012105,1.2809558375803256,0.03545277321582806,0.6050549848351207,0.30988672417685914,20.0
76,2,0.09119633913704286,0.6338809863581921,0.04290998850733645,15.270783824642528,0.27210912059171477,0.27210912059171477,0.11341272335776087,0.15496305436906596,0.09119633913704286,0.004416310353927813,3.670173896580417,0.2592415740594628,134.78493747156938,85.0211611953864,52.644289730697764,0.1127446406794314,3.8685193041012105,1.2809558375803256,0.03545277321582806,0.6050549848351207,0.30988672417685914,20.0
76,3,0.09119896799640814,0.6336925354978339,0.042911225028456366,15.270783824642528,0.27210939522603156,0.27210939522603156,0.11342673426992149,0.15497245957326383,0.09119896799640814,0.004416358165533936,3.670173896580417,0.2592415740594628,134.78493747156938,85.0211611953864,52.644289730697764,0.1127446406794314,3.8685193041012105,1.2809558375803256,0.03545277321582806,0.6050549848351207,0.30988672417685914,20.0
76,4,0.09119896874106004,0.633692447217567,0.04291122537869679,15.270783824642528,0.27210939529389694,0.27210939529389694,0.11342673880156727,0.15497246243788868,0.09119896874106004,0.004416358179084796,3.670173896580417,0.2592415740594628,134.78493747156938,85.0211611953864,52.644289730697764,0.1127446406794314,3.8685193041012105,1.2809558375803256,0.03545277321582806,0.6050549848351207,0.30988672417685914,20.0
76,5,0.09119896874120079,0.6336924471953855,0.042911225378763,15.270783824642528,0.2721093952939087,0.2721093952939087,0.11342673880248949,0.15497246243845197,0.09119896874120079,0.0044163581790873626,3.670173896580417,0.2592415740594628,134.78493747156938,85.0211611953864,52.644289730697764,0.1127446406794314,3.8685193041012105,1.2809558375803256,0.03545277321582806,0.6050549848351207,0.30988672417685914,20.0
76,6,0.09119896874120081,0.6336924471953816,0.04291122537876301,15.270783824642528,0.2721093952939087,0.2721093952939087,0.11342673880248966,0.15497246243845206,0.09119896874120081,0.004416358179087363,3.670173896580417,0.2592415740594628,134.78493747156938,85.0211611953864,52.644289730697764,0.1127446406794314,3.8685193041012105,1.2809558375803256,0.03545277321582806,0.6050549848351207,0.30988672417685914,20.0
76,7,0.09119896874120081,0.6336924471953816,0.04291122537876301,15.270783824642528,0.2721093952939087,0.2721093952939087,0.11342673880248966,0.15497246243845206,0.09119896874120081,0.004416358179087363,3.670173896580417,0.2592415740594628,134.78493747156938,85.0211611953864,52.644289730697764,0.1127446406794314,3.8685193041012105,1.2809558375803256,0.03545277321582806,0.6050549848351207,0.30988672417685914,20.0
76,8,0.09119896874120081,0.6336924471953816,0.04291122537876301,15.270783824642528,0.2721093952939087,0.2721093952939087,0.11342673880248966,0.15497246243845206,0.09119896874120081,0.004416358179087363,3.670173896580417,0.2592415740594628,134.78493747156938,85.0211611953864,52.644289730697764,0.1127446406794314,3.8685193041012105,1.2809558375803256,0.03545277321582806,0.6050549848351207,0.30988672417685914,20.0
76,9,0.09119896874120081,0.6336924471953816,0.04291122537876301,15.270783824642528,0.2721093952939087,0.2721093952939087,0.11342673880248966,0.15497246243845206,0.09119896874120081,0.004416358179087363,3.670173896580417,0.2592415740594628,134.78493747156938,85.0211611953864,52.644289730697764,0.1127446406794314,3.8685193041012105,1.2809558375803256,0.03545277321582806,0.6050549848351207,0.30988672417685914,20.0
76,10,0.09119896874120081,0.6336924471953816,0.04291122537876301,15.270783824642528,0.2721093952939087,0.2721093952939087,0.11342673880248966,0.15497246243845206,0.09119896874120081,0.004416358179087363,3.670173896580417,0.2592415740594628,134.78493747156938,85.0211611953864,52.644289730697764,0.1127446406794314,3.8685193041012105,1.2809558375803256,0.03545277321582806,0.6050549848351207,0.30988672417685914,20.0
77,1,0.07226842976704213,0.9999999999491268,0.046461487163558454,12.712891625973874,0.04488188657468452,0.04488188657468452,2.208551333414428e-15,6.625925647397835e-12,0.07226842976704213,5.110973114099525e-06,2.178072208921301,0.20797423433918105,131.07733570268283,176.0141488795668,95.9903663873153,0.02158340164399005,5.099389382198993,1.1293209385667506,0.1713753572248357,0.7811361297617303,0.3431903243027068,20.0
77,2,0.08329792700518657,0.9999862298000213,0.05355236852223181,12.712891625973874,0.04488197508469756,0.04488197508469756,8.182115787771916e-07,8.275908812204607e-07,0.08329792700518657,5.202217422955413e-06,2.178072208921301,0.20797423433918105,131.07733570268283,176.0141488795668,95.9903663873153,0.02158340164399005,5.099389382198993,1.1293209385667506,0.1713753572248357,0.7811361297617303,0.3431903243027068,20.0
77,3,0.08329792832426162,0.9999860047152984,0.053552369369587245,12.712891625973874,0.04488197508469756,0.04488197508469756,8.295006446353285e-07,8.382240480579759e-07,0.08329792832426162,5.20221742295542e-06,2.178072208921301,0.20797423433918105,131.07733570268283,176.0141488795668,95.9903663873153,0.02158340164399005,5.099389382198993,1.1293209385667506,0.1713753572248357,0.7811361297617303,0.3431903243027068,20.0
77,4,0.08329792832426162,0.9999860047152984,0.053552369369587245,12.712891625973874,0.04488197508469756,0.04488197508469756,8.295006446353288e-07,8.382240480579759e-07,0.08329792832426162,5.20221742295542e-06,2.178072208921301,0.20797423433918105,131.07733570268283,176.0141488795668,95.9903663873153,0.02158340164399005,5.099389382198993,1.1293209385667506,0.1713753572248357,0.7811361297617303,0.3431903243027068,20.0
77,5,0.08329792832426162,0.9999860047152984,0.053552369369587245,12.712891625973874,0.04488197508469756,0.04488197508469756,8.295006446353288e-07,8.382240480579759e-07,0.08329792832426162,5.20221742295542e-06,2.178072208921301,0.20797423433918105,131.07733570268283,176.0141488795668,95.9903663873153,0.02158340164399005,5.099389382198993,1.1293209385667506,0.1713753572248357,0.7811361297617303,0.3431903243027068,20.0
77,6,0.08329792832426162,0.9999860047152984,0.053552369369587245,12.712891625973874,0.04488197508469756,0.04488197508469756,8.295006446353288e-07,8.382240480579759e-07,0.08329792832426162,5.20221742295542e-06,2.178072208921301,0.20797423433918105,131.07733570268283,176.0141488795668,95.9903663873153,0.02158340164399005,5.099389382198993,1.1293209385667506,0.1713753572248357,0.7811361297617303,0.3431903243027068,20.0
77,7,0.08329792832426162,0.9999860047152984,0.053552369369587245,12.712891625973874,0.04488197508469756,0.04488197508469756,8.295006446353288e-07,8.382240480579759e-07,0.08329792832426162,5.20221742295542e-06,2.178072208921301,0.20797423433918105,131.07733570268283,176.0141488795668,95.9903663873153,0.02158340164399005,5.099389382198993,1.1293209385667506,0.1713753572248357,0.7811361297617303,0.3431903243027068,20.0
77,8,0.08329792832426162,0.9999860047152984,0.053552369369587245,12.712891625973874,0.04488197508469756,0.04488197508469756,8.295006446353288e-07,8.382240480579759e-07,0.08329792832426162,5.20221742295542e-06,2.178072208921301,0.20797423433918105,131.07733570268283,176.0141488795668,95.9903663873153,0.02158340164399005,5.099389382198993,1.1293209385667506,0.1713753572248357,0.7811361297617303,0.3431903243027068,20.0
77,9,0.08329792832426162,0.9999860047152984,0.053552369369587245,12.712891625973874,0.04488197508469756,0.04488197508469756,8.295006446353288e-07,8.382240480579759e-07,0.08329792832426162,5.20221742295542e-06,2.178072208921301,0.20797423433918105,131.07733570268283,176.0141488795668,95.9903663873153,0.02158340164399005,5.099389382198993,1.1293209385667506,0.1713753572248357,0.7811361297617303,0.3431903243027068,20.0
77,10,0.08329792832426162,0.9999860047152984,0.053552369369587245,12.712891625973874,0.04488197508469756,0.04488197508469756,8.295006446353288e-07,8.382240480579759e-07,0.08329792832426162,5.20221742295542e-06,2.178072208921301,0.20797423433918105,131.07733570268283,176.0141488795668,95.9903663873153,0.02158340164399005,5.099389382198993,1.1293209385667506,0.1713753572248357,0.7811361297617303,0.3431903243027068,20.0
78,1,0.13475103261586474,0.9986544139634606,0.06660309174264371,9.602844151028837,0.23275612813159324,0.23275612813159324,0.0020736948219102253,0.03275008450184247,0.13475103261586474,0.0019839084070369336,6.854509412836301,0.8911254417023664,184.54751783899792,182.201254531074,17.772489688924967,0.12936494818008978,5.945365779640799,1.0087618293493665,0.05570464266198921,1.6595520033397675,0.4641704941360181,20.0
78,2,0.14781127466580712,0.9886947976146607,0.07305680754832429,9.602844151028837,0.23295757241556575,0.23295757241556575,0.006595923325150408,0.060856413560779254,0.14781127466580712,0.002010277489520135,6.854509412836301,0.8911254417023664,184.54751783899792,182.201254531074,17.772489688924967,0.12936494818008978,5.945365779640799,1.0087618293493665,0.05570464266198921,1.6595520033397675,0.4641704941360181,20.0
78,3,0.14781244935913868,0.9886169303219979,0.07305738777586125,9.602844151028837,0.2329575746714995,0.2329575746714995,0.006600968897983029,0.06086284666858882,0.14781244935913868,0.002010277973770453,6.854509412836301,0.8911254417023664,184.54751783899792,182.201254531074,17.772489688924967,0.12936494818008978,5.945365779640799,1.0087618293493665,0.05570464266198921,1.6595520033397675,0.4641704941360181,20.0
78,4,0.14781244936292406,0.9886169293577463,0.07305738777773071,9.602844151028837,0.23295757467150296,0.23295757467150296,0.006600968924345606,0.06086284669359783,0.14781244936292406,0.002010277973771391,6.854509412836301,0.8911254417023664,184.54751783899792,182.201254531074,17.772489688924967,0.12936494818008978,5.945365779640799,1.0087618293493665,0.05570464266198921,1.6595520033397675,0.4641704941360181,20.0
78,5,0.14781244936292406,0.9886169293577447,0.07305738777773071,9.602844151028837,0.23295757467150296,0.23295757467150296,0.00660096892434563,0.060862846693597865,0.14781244936292406,0.002010277973771391,6.854509412836301,0.8911254417023664,184.54751783899792,182.201254531074,17.772489688924967,0.12936494818008978,5.945365779640799,1.0087618293493665,0.05570464266198921,1.6595520033397675,0.4641704941360181,20.0
78,6,0.14781244936292406,0.9886169293577447,0.07305738777773071,9.602844151028837,0.23295757467150296,0.23295757467150296,0.00660096892434563,0.060862846693597865,0.14781244936292406,0.002010277973771391,6.854509412836301,0.8911254417023664,184.54751783899792,182.201254531074,17.772489688924967,0.12936494818008978,5.945365779640799,1.0087618293493665,0.05570464266198921,1.6595520033397675,0.4641704941360181,20.0
78,7,0.14781244936292406,0.9886169293577447,0.07305738777773071,9.602844151028837,0.23295757467150296,0.23295757467150296,0.00660096892434563,0.060862846693597865,0.14781244936292406,0.002010277973771391,6.854509412836301,0.8911254417023664,184.54751783899792,182.201254531074,17.772489688924967,0.12936494818008978,5.945365779640799,1.0087618293493665,0.05570464266198921,1.6595520033397675,0.4641704941360181,20.0
78,8,0.14781244936292406,0.9886169293577447,0.07305738777773071,9.602844151028837,0.23295757467150296,0.23295757467150296,0.00660096892434563,0.060862846693597865,0.14781244936292406,0.002010277973771391,6.854509412836301,0.8911254417023664,184.54751783899792,182.201254531074,17.772489688924967,0.12936494818008978,5.945365779640799,1.0087618293493665,0.05570464266198921,1.6595520033397675,0.4641704941360181,20.0
78,9,0.14781244936292406,0.9886169293577447,0.07305738777773071,9.602844151028837,0.23295757467150296,0.23295757467150296,0.00660096892434563,0.060862846693597865,0.14781244936292406,0.002010277973771391,6.854509412836301,0.8911254417023664,184.54751783899792,182.201254531074,17.772489688924967,0.12936494818008978,5.945365779640799,1.0087618293493665,0.05570464266198921,1.6595520033397675,0.4641704941360181,20.0
78,10,0.14781244936292406,0.9886169293577447,0.07305738777773071,9.602844151028837,0.23295757467150296,0.23295757467150296,0.00660096892434563,0.060862846693597865,0.14781244936292406,0.002010277973771391,6.854509412836301,0.8911254417023664,184.54751783899792,182.201254531074,17.772489688924967,0.12936494818008978,5.945365779640799,1.0087618293493665,0.05570464266198921,1.6595520033397675,0.4641704941360181,20.0
79,1,0.04088341120600807,0.9999836905665005,0.02966319905252272,10.331115360858302,0.2014923476348888,0.2014923476348888,2.4935109445600302e-05,0.007602868163288228,0.04088341120600807,4.8394575867714065e-09,6.634459482920651,0.7601834140868077,52.723311796023985,128.35693735583735,64.02005366158075,0.10336666550583143,4.312812969063328,0.4804483713034841,0.1784128149248884,1.437577551950863,0.4871571371558592,20.0
79,2,0.05550056718724475,0.9996778687625394,0.04026657722899709,10.331115360858302,0.20149234770134736,0.20149234770134736,0.0004821087023817606,0.03236699290539395,0.05550056718724475,4.88020635085437e-09,6.634459482920651,0.7601834140868077,52.723311796023985,128.35693735583735,64.02005366158075,0.10336666550583143,4.312812969063328,0.4804483713034841,0.1784128149248884,1.437577551950863,0.4871571371558592,20.0
79,3,0.05550056718734489,0.999677868683855,0.0402665772290696,10.331115360858302,0.20149234770134736,0.20149234770134736,0.0004821087063345483,0.03236699290691875,0.05550056718734489,4.88020635085437e-09,6.634459482920651,0.7601834140868077,52.723311796023985,128.35693735583735,64.02005366158075,0.10336666550583143,4.312812969063328,0.4804483713034841,0.1784128149248884,1.437577551950863,0.4871571371558592,20.0
79,4,0.05550056718734489,0.999677868683855,0.0402665772290696,10.331115360858302,0.20149234770134736,0.20149234770134736,0.0004821087063345483,0.03236699290691875,0.05550056718734489,4.88020635085437e-09,6.634459482920651,0.7601834140868077,52.723311796023985,128.35693735583735,64.02005366158075,0.10336666550583143,4.312812969063328,0.4804483713034841,0.1784128149248884,1.437577551950863,0.4871571371558592,20.0
79,5,0.05550056718734489,0.999677868683855,0.0402665772290696,10.331115360858302,0.20149234770134736,0.20149234770134736,0.0004821087063345483,0.03236699290691875,0.05550056718734489,4.88020635085437e-09,6.634459482920651,0.7601834140868077,52.723311796023985,128.35693735583735,64.02005366158075,0.10336666550583143,4.312812969063328,0.4804483713034841,0.1784128149248884,1.437577551950863,0.4871571371558592,20.0
79,6,0.05550056718734489,0.999677868683855,0.0402665772290696,10.331115360858302,0.20149234770134736,0.20149234770134736,0.0004821087063345483,0.03236699290691875,0.05550056718734489,4.88020635085437e-09,6.634459482920651,0.7601834140868077,52.723311796023985,128.35693735583735,64.02005366158075,0.10336666550583143,4.312812969063328,0.4804483713034841,0.1784128149248884,1.437577551950863,0.4871571371558592,20.0
79,7,0.05550056718734489,0.999677868683855,0.0402665772290696,10.331115360858302,0.20149234770134736,0.20149234770134736,0.0004821087063345483,0.03236699290691875,0.05550056718734489,4.88020635085437e-09,6.634459482920651,0.7601834140868077,52.723311796023985,128.35693735583735,64.02005366158075,0.10336666550583143,4.312812969063328,0.4804483713034841,0.1784128149248884,1.437577551950863,0.4871571371558592,20.0
79,8,0.05550056718734489,0.999677868683855,0.0402665772290696,10.331115360858302,0.20149234770134736,0.20149234770134736,0.0004821087063345483,0.03236699290691875,0.05550056718734489,4.88020635085437e-09,6.634459482920651,0.7601834140868077,52.723311796023985,128.35693735583735,64.02005366158075,0.10336666550583143,4.312812969063328,0.4804483713034841,0.1784128149248884,1.437577551950863,0.4871571371558592,20.0
79,9,0.05550056718734489,0.999677868683855,0.0402665772290696,10.331115360858302,0.20149234770134736,0.20149234770134736,0.0004821087063345483,0.03236699290691875,0.05550056718734489,4.88020635085437e-09,6.634459482920651,0.7601834140868077,52.723311796023985,128.35693735583735,64.02005366158075,0.10336666550583143,4.312812969063328,0.4804483713034841,0.1784128149248884,1.437577551950863,0.4871571371558592,20.0
79,10,0.05550056718734489,0.999677868683855,0.0402665772290696,10.331115360858302,0.20149234770134736,0.20149234770134736,0.0004821087063345483,0.03236699290691875,0.05550056718734489,4.88020635085437e-09,6.634459482920651,0.7601834140868077,52.723311796023985,128.35693735583735,64.02005366158075,0.10336666550583143,4.312812969063328,0.4804483713034841,0.1784128149248884,1.437577551950863,0.4871571371558592,20.0
80,1,0.04009910839168201,0.9999999996975062,0.02800841696556576,71.87441965118111,0.11266625262388921,0.11266625262388921,1.4717002732971268e-10,5.5736255941496866e-06,0.04009910839168201,4.394745567960107e-05,4.406547025258796,0.062036653027516556,32.77599853479123,46.29648858970364,76.02156162379177,0.07764947536215518,3.4846581497807083,1.2211847602704657,0.08056378341918169,1.7572607428178777,0.46112255816981884,20.0
80,2,0.06463601197159079,0.9998332136074551,0.04514694950916114,71.87441965118111,0.11279373651476063,0.11279373651476063,3.6898174114136694e-05,8.527258516789467e-05,0.06463601197159079,6.422802756459362e-05,4.406547025258796,0.062036653027516556,32.77599853479123,46.29648858970364,76.02156162379177,0.07764947536215518,3.4846581497807083,1.2211847602704657,0.08056378341918169,1.7572607428178777,0.46112255816981884,20.0
80,3,0.06465262840279666,0.9997565884634031,0.045158552115186074,71.87441965118111,0.11279375232792557,0.11279375232792557,5.380344490719023e-05,0.00010997424951634106,0.06465262840279666,6.423173188514882e-05,4.406547025258796,0.062036653027516556,32.77599853479123,46.29648858970364,76.02156162379177,0.07764947536215518,3.4846581497807083,1.2211847602704657,0.08056378341918169,1.7572607428178777,0.46112255816981884,20.0
80,4,0.06465263007801236,0.9997565751081317,0.04515855328476164,71.87441965118111,0.11279375232888814,0.11279375232888814,5.3806244737502135e-05,0.00010997783599357934,0.06465263007801236,6.423173217185353e-05,4.406547025258796,0.062036653027516556,32.77599853479123,46.29648858970364,76.02156162379177,0.07764947536215518,3.4846581497807083,1.2211847602704657,0.08056378341918169,1.7572607428178777,0.46112255816981884,20.0
80,5,0.06465263007809835,0.9997565751071383,0.04515855328482166,71.87441965118111,0.11279375232888815,0.11279375232888815,5.3806244936530727e-05,0.00010997783622194063,0.06465263007809835,6.423173217186666e-05,4.406547025258796,0.062036653027516556,32.77599853479123,46.29648858970364,76.02156162379177,0.07764947536215518,3.4846581497807083,1.2211847602704657,0.08056378341918169,1.7572607428178777,0.46112255816981884,20.0
80,6,0.06465263007809835,0.9997565751071383,0.04515855328482166,71.87441965118111,0.11279375232888815,0.11279375232888815,5.3806244936539116e-05,0.00010997783622194935,0.06465263007809835,6.423173217186666e-05,4.406547025258796,0.062036653027516556,32.77599853479123,46.29648858970364,76.02156162379177,0.07764947536215518,3.4846581497807083,1.2211847602704657,0.08056378341918169,1.7572607428178777,0.46112255816981884,20.0
80,7,0.06465263007809835,0.9997565751071383,0.04515855328482166,71.87441965118111,0.11279375232888815,0.11279375232888815,5.3806244936539116e-05,0.00010997783622194935,0.06465263007809835,6.423173217186666e-05,4.406547025258796,0.062036653027516556,32.77599853479123,46.29648858970364,76.02156162379177,0.07764947536215518,3.4846581497807083,1.2211847602704657,0.08056378341918169,1.7572607428178777,0.46112255816981884,20.0
80,8,0.06465263007809835,0.9997565751071383,0.04515855328482166,71.87441965118111,0.11279375232888815,0.11279375232888815,5.3806244936539116e-05,0.00010997783622194935,0.06465263007809835,6.423173217186666e-05,4.406547025258796,0.062036653027516556,32.77599853479123,46.29648858970364,76.02156162379177,0.07764947536215518,3.4846581497807083,1.2211847602704657,0.08056378341918169,1.7572607428178777,0.46112255816981884,20.0
80,9,0.06465263007809835,0.9997565751071383,0.04515855328482166,71.87441965118111,0.11279375232888815,0.11279375232888815,5.3806244936539116e-05,0.00010997783622194935,0.06465263007809835,6.423173217186666e-05,4.406547025258796,0.062036653027516556,32.77599853479123,46.29648858970364,76.02156162379177,0.07764947536215518,3.4846581497807083,1.2211847602704657,0.08056378341918169,1.7572607428178777,0.46112255816981884,20.0
80,10,0.06465263007809835,0.9997565751071383,0.04515855328482166,71.87441965118111,0.11279375232888815,0.11279375232888815,5.3806244936539116e-05,0.00010997783622194935,0.06465263007809835,6.423173217186666e-05,4.406547025258796,0.062036653027516556,32.77599853479123,46.29648858970364,76.02156162379177,0.07764947536215518,3.4846581497807083,1.2211847602704657,0.08056378341918169,1.7572607428178777,0.46112255816981884,20.0
81,1,0.0495769865152664,0.5024285002394856,0.02585229155158948,7.642856857065616,0.10656311961187412,0.10656311961187412,0.11448312172781147,0.12003186548361301,0.0495769865152664,0.02331909972964747,5.918616978545289,0.9093040166373706,123.5058998964224,70.19162480956125,86.39755004826362,0.10745106307293642,3.1126696760559214,0.26821523137736836,0.028145843934774626,1.6473229640487157,0.43585865408915864,20.0
81,2,0.05231789516589239,0.44743944875648356,0.027281436035025104,7.642856857065616,0.10691840420161473,0.10691840420161473,0.12433388167980167,0.12818312199180162,0.05231789516589239,0.023426212588713084,5.918616978545289,0.9093040166373706,123.5058998964224,70.19162480956125,86.39755004826362,0.10745106307293642,3.1126696760559214,0.26821523137736836,0.028145843934774626,1.6473229640487157,0.43585865408915864,20.0
81,3,0.05232112282411444,0.4473051193091975,0.02728311886550156,7.642856857065616,0.10691874614164201,0.10691874614164201,0.1243488230074641,0.12819409408651086,0.05232112282411444,0.023426329564687137,5.918616978545289,0.9093040166373706,123.5058998964224,70.19162480956125,86.39755004826362,0.10745106307293642,3.1126696760559214,0.26821523137736836,0.028145843934774626,1.6473229640487157,0.43585865408915864,20.0
81,4,0.052321125194425104,0.44730498531737534,0.027283120101293804,7.642856857065616,0.10691874637035234,0.10691874637035234,0.12434883512609664,0.12819410258609493,0.052321125194425104,0.02342632964795602,5.918616978545289,0.9093040166373706,123.5058998964224,70.19162480956125,86.39755004826362,0.10745106307293642,3.1126696760559214,0.26821523137736836,0.028145843934774626,1.6473229640487157,0.43585865408915864,20.0
81,5,0.05232112519578084,0.44730498522637285,0.02728312010200063,7.642856857065616,0.10691874637047594,0.10691874637047594,0.12434883513343785,0.12819410259110783,0.05232112519578084,0.023426329648002814,5.918616978545289,0.9093040166373706,123.5058998964224,70.19162480956125,86.39755004826362,0.10745106307293642,3.1126696760559214,0.26821523137736836,0.028145843934774626,1.6473229640487157,0.43585865408915864,20.0
81,6,0.05232112519578151,0.4473049852263233,0.027283120102000975,7.642856857065616,0.106918746370476,0.106918746370476,0.12434883513344155,0.1281941025911103,0.05232112519578151,0.023426329648002835,5.918616978545289,0.9093040166373706,123.5058998964224,70.19162480956125,86.39755004826362,0.10745106307293642,3.1126696760559214,0.26821523137736836,0.028145843934774626,1.6473229640487157,0.43585865408915864,20.0
81,7,0.05232112519578151,0.44730498522632317,0.027283120102000975,7.642856857065616,0.106918746370476,0.106918746370476,0.12434883513344155,0.1281941025911103,0.05232112519578151,0.023426329648002835,5.918616978545289,0.9093040166373706,123.5058998964224,70.19162480956125,86.39755004826362,0.10745106307293642,3.1126696760559214,0.26821523137736836,0.028145843934774626,1.6473229640487157,0.43585865408915864,20.0
81,8,0.05232112519578151,0.44730498522632317,0.027283120102000975,7.642856857065616,0.106918746370476,0.106918746370476,0.12434883513344155,0.1281941025911103,0.05232112519578151,0.023426329648002835,5.918616978545289,0.9093040166373706,123.5058998964224,70.19162480956125,86.39755004826362,0.10745106307293642,3.1126696760559214,0.26821523137736836,0.028145843934774626,1.6473229640487157,0.43585865408915864,20.0
81,9,0.05232112519578151,0.44730498522632317,0.027283120102000975,7.642856857065616,0.106918746370476,0.106918746370476,0.12434883513344155,0.1281941025911103,0.05232112519578151,0.023426329648002835,5.918616978545289,0.9093040166373706,123.5058998964224,70.19162480956125,86.39755004826362,0.10745106307293642,3.1126696760559214,0.26821523137736836,0.028145843934774626,1.6473229640487157,0.43585865408915864,20.0
81,10,0.05232112519578151,0.44730498522632317,0.027283120102000975,7.642856857065616,0.106918746370476,0.106918746370476,0.12434883513344155,0.1281941025911103,0.05232112519578151,0.023426329648002835,5.918616978545289,0.9093040166373706,123.5058998964224,70.19162480956125,86.39755004826362,0.10745106307293642,3.1126696760559214,0.26821523137736836,0.028145843934774626,1.6473229640487157,0.43585865408915864,20.0
82,1,0.12077218732276972,0.9340231148406629,0.056962131087010856,87.11778160063739,0.08264519216229153,0.08264519216229153,0.046402333908265224,0.16156501025705902,0.12077218732276972,1.6244862298189198e-05,4.702636032631608,0.05483596213148845,139.77307516949043,129.19696272612322,13.512820786514064,0.11674860915166606,2.484158271692025,0.578880403500614,0.07354935273511312,1.8789765443866784,0.31661282461975754,20.0
82,2,0.12823786821828304,0.8839115012723009,0.06048142957341475,87.11778160063739,0.0826462940709312,0.0826462940709312,0.07228808299702442,0.1941144813559134,0.12823786821828304,1.6836769613897675e-05,4.702636032631608,0.05483596213148845,139.77307516949043,129.19696272612322,13.512820786514064,0.11674860915166606,2.484158271692025,0.578880403500614,0.07354935273511312,1.8789765443866784,0.31661282461975754,20.0
82,3,0.12823787331703024,0.8839100239826312,0.060481431975973374,87.11778160063739,0.08264629407138346,0.08264629407138346,0.0722881388516019,0.19411451527110377,0.12823787331703024,1.6836770008449742e-05,4.702636032631608,0.05483596213148845,139.77307516949043,129.19696272612322,13.512820786514064,0.11674860915166606,2.484158271692025,0.578880403500614,0.07354935273511312,1.8789765443866784,0.31661282461975754,20.0
82,4,0.1282378733170308,0.8839100239820085,0.0604814319759736,87.11778160063739,0.08264629407138346,0.08264629407138346,0.07228813885160983,0.19411451527110776,0.1282378733170308,1.6836770008449786e-05,4.702636032631608,0.05483596213148845,139.77307516949043,129.19696272612322,13.512820786514064,0.11674860915166606,2.484158271692025,0.578880403500614,0.07354935273511312,1.8789765443866784,0.31661282461975754,20.0
82,5,0.1282378733170308,0.8839100239820085,0.0604814319759736,87.11778160063739,0.08264629407138346,0.08264629407138346,0.07228813885160983,0.19411451527110776,0.1282378733170308,1.6836770008449786e-05,4.702636032631608,0.05483596213148845,139.77307516949043,129.19696272612322,13.512820786514064,0.11674860915166606,2.484158271692025,0.578880403500614,0.07354935273511312,1.8789765443866784,0.31661282461975754,20.0
82,6,0.1282378733170308,0.8839100239820085,0.0604814319759736,87.11778160063739,0.08264629407138346,0.08264629407138346,0.07228813885160983,0.19411451527110776,0.1282378733170308,1.6836770008449786e-05,4.702636032631608,0.05483596213148845,139.77307516949043,129.19696272612322,13.512820786514064,0.11674860915166606,2.484158271692025,0.578880403500614,0.07354935273511312,1.8789765443866784,0.31661282461975754,20.0
82,7,0.1282378733170308,0.8839100239820085,0.0604814319759736,87.11778160063739,0.08264629407138346,0.08264629407138346,0.07228813885160983,0.19411451527110776,0.1282378733170308,1.6836770008449786e-05,4.702636032631608,0.05483596213148845,139.77307516949043,129.19696272612322,13.512820786514064,0.11674860915166606,2.484158271692025,0.578880403500614,0.07354935273511312,1.8789765443866784,0.31661282461975754,20.0
82,8,0.1282378733170308,0.8839100239820085,0.0604814319759736,87.11778160063739,0.08264629407138346,0.08264629407138346,0.07228813885160983,0.19411451527110776,0.1282378733170308,1.6836770008449786e-05,4.702636032631608,0.05483596213148845,139.77307516949043,129.19696272612322,13.512820786514064,0.11674860915166606,2.484158271692025,0.578880403500614,0.07354935273511312,1.8789765443866784,0.31661282461975754,20.0
82,9,0.1282378733170308,0.8839100239820085,0.0604814319759736,87.11778160063739,0.08264629407138346,0.08264629407138346,0.07228813885160983,0.19411451527110776,0.1282378733170308,1.6836770008449786e-05,4.702636032631608,0.05483596213148845,139.77307516949043,129.19696272612322,13.512820786514064,0.11674860915166606,2.484158271692025,0.578880403500614,0.07354935273511312,1.8789765443866784,0.31661282461975754,20.0
82,10,0.1282378733170308,0.8839100239820085,0.0604814319759736,87.11778160063739,0.08264629407138346,0.08264629407138346,0.07228813885160983,0.19411451527110776,0.1282378733170308,1.6836770008449786e-05,4.702636032631608,0.05483596213148845,139.77307516949043,129.19696272612322,13.512820786514064,0.11674860915166606,2.484158271692025,0.578880403500614,0.07354935273511312,1.8789765443866784,0.31661282461975754,20.0
83,1,0.04311342864217427,0.44307695400227975,0.02136510261129691,9.878688249461968,0.4273841697864664,0.4273841697864664,0.12273729506493157,0.11842583896486908,0.04311342864217427,0.02648660060939162,5.283915968635243,0.575537872028897,90.22303277964684,31.091387744204166,77.38866347913918,0.14357018263457827,5.680050046972298,0.41461933265602946,0.0522755419273976,0.8065807544352795,0.4787819562884853,20.0
83,2,0.04507125621310418,0.3717839731727349,0.022335114036403154,9.878688249461968,0.42752627335937543,0.42752627335937543,0.13461098740602487,0.12557692712477295,0.04507125621310418,0.026509015081603936,5.283915968635243,0.575537872028897,90.22303277964684,31.091387744204166,77.38866347913918,0.14357018263457827,5.680050046972298,0.41461933265602946,0.0522755419273976,0.8065807544352795,0.4787819562884853,20.0
83,3,0.04507143760831737,0.3717630205869643,0.022335203896205347,9.878688249461968,0.4275262830899867,0.4275262830899867,0.1346125407715965,0.12557770364919987,0.04507143760831737,0.02650901687153021,5.283915968635243,0.575537872028897,90.22303277964684,31.091387744204166,77.38866347913918,0.14357018263457827,5.680050046972298,0.41461933265602946,0.0522755419273976,0.8065807544352795,0.4787819562884853,20.0
83,4,0.045071437616730575,0.37176301912292053,0.022335203900372837,9.878688249461968,0.4275262830903802,0.4275262830903802,0.1346125408533605,0.12557770368741583,0.045071437616730575,0.02650901687160815,5.283915968635243,0.575537872028897,90.22303277964684,31.091387744204166,77.38866347913918,0.14357018263457827,5.680050046972298,0.41461933265602946,0.0522755419273976,0.8065807544352795,0.4787819562884853,20.0
83,5,0.045071437616730846,0.3717630191228609,0.022335203900372975,9.878688249461968,0.4275262830903802,0.4275262830903802,0.13461254085336335,0.1255777036874171,0.045071437616730846,0.026509016871608154,5.283915968635243,0.575537872028897,90.22303277964684,31.091387744204166,77.38866347913918,0.14357018263457827,5.680050046972298,0.41461933265602946,0.0522755419273976,0.8065807544352795,0.4787819562884853,20.0
83,6,0.045071437616730846,0.3717630191228609,0.022335203900372975,9.878688249461968,0.4275262830903802,0.4275262830903802,0.13461254085336335,0.1255777036874171,0.045071437616730846,0.026509016871608154,5.283915968635243,0.575537872028897,90.22303277964684,31.091387744204166,77.38866347913918,0.14357018263457827,5.680050046972298,0.41461933265602946,0.0522755419273976,0.8065807544352795,0.4787819562884853,20.0
83,7,0.045071437616730846,0.3717630191228609,0.022335203900372975,9.878688249461968,0.4275262830903802,0.4275262830903802,0.13461254085336335,0.1255777036874171,0.045071437616730846,0.026509016871608154,5.283915968635243,0.575537872028897,90.22303277964684,31.091387744204166,77.38866347913918,0.14357018263457827,5.680050046972298,0.41461933265602946,0.0522755419273976,0.8065807544352795,0.4787819562884853,20.0
83,8,0.045071437616730846,0.3717630191228609,0.022335203900372975,9.878688249461968,0.4275262830903802,0.4275262830903802,0.13461254085336335,0.1255777036874171,0.045071437616730846,0.026509016871608154,5.283915968635243,0.575537872028897,90.22303277964684,31.091387744204166,77.38866347913918,0.14357018263457827,5.680050046972298,0.41461933265602946,0.0522755419273976,0.8065807544352795,0.4787819562884853,20.0
83,9,0.045071437616730846,0.3717630191228609,0.022335203900372975,9.878688249461968,0.4275262830903802,0.4275262830903802,0.13461254085336335,0.1255777036874171,0.045071437616730846,0.026509016871608154,5.283915968635243,0.575537872028897,90.22303277964684,31.091387744204166,77.38866347913918,0.14357018263457827,5.680050046972298,0.41461933265602946,0.0522755419273976,0.8065807544352795,0.4787819562884853,20.0
83,10,0.045071437616730846,0.3717630191228609,0.022335203900372975,9.878688249461968,0.4275262830903802,0.4275262830903802,0.13461254085336335,0.1255777036874171,0.045071437616730846,0.026509016871608154,5.283915968635243,0.575537872028897,90.22303277964684,31.091387744204166,77.38866347913918,0.14357018263457827,5.680050046972298,0.41461933265602946,0.0522755419273976,0.8065807544352795,0.4787819562884853,20.0
84,1,0.16441115421649616,0.9917336740486286,0.07218012016951597,10.317328939725469,0.15204803092091163,0.15204803092091163,0.013264343721009715,0.10342543649816735,0.16441115421649616,3.573156009090998e-05,3.5496066576919607,0.4060925367114931,190.36855950089313,150.54411099079482,14.20130720415345,0.05857880374152234,5.899756032046378,0.8434551811363722,0.1342030834447193,0.8085595156827566,0.40340101915383575,20.0
84,2,0.17405147672870222,0.9770968872284396,0.07640925153155416,10.317328939725469,0.15204806316156055,0.15204806316156055,0.03339335887464792,0.15540697357736472,0.17405147672870222,3.5748567843070305e-05,3.5496066576919607,0.4060925367114931,190.36855950089313,150.54411099079482,14.20130720415345,0.05857880374152234,5.899756032046378,0.8434551811363722,0.1342030834447193,0.8085595156827566,0.40340101915383575,20.0
84,3,0.17405147673092175,0.9770968669226713,0.07640925153252683,10.317328939725469,0.15204806316156055,0.15204806316156055,0.033393358935654066,0.15540697360424546,0.17405147673092175,3.57485678430704e-05,3.5496066576919607,0.4060925367114931,190.36855950089313,150.54411099079482,14.20130720415345,0.05857880374152234,5.899756032046378,0.8434551811363722,0.1342030834447193,0.8085595156827566,0.40340101915383575,20.0
84,4,0.17405147673092175,0.9770968669226713,0.07640925153252683,10.317328939725469,0.15204806316156055,0.15204806316156055,0.033393358935654066,0.15540697360424546,0.17405147673092175,3.57485678430704e-05,3.5496066576919607,0.4060925367114931,190.36855950089313,150.54411099079482,14.20130720415345,0.05857880374152234,5.899756032046378,0.8434551811363722,0.1342030834447193,0.8085595156827566,0.40340101915383575,20.0
84,5,0.17405147673092175,0.9770968669226713,0.07640925153252683,10.317328939725469,0.15204806316156055,0.15204806316156055,0.033393358935654066,0.15540697360424546,0.17405147673092175,3.57485678430704e-05,3.5496066576919607,0.4060925367114931,190.36855950089313,150.54411099079482,14.20130720415345,0.05857880374152234,5.899756032046378,0.8434551811363722,0.1342030834447193,0.8085595156827566,0.40340101915383575,20.0
84,6,0.17405147673092175,0.9770968669226713,0.07640925153252683,10.317328939725469,0.15204806316156055,0.15204806316156055,0.033393358935654066,0.15540697360424546,0.17405147673092175,3.57485678430704e-05,3.5496066576919607,0.4060925367114931,190.36855950089313,150.54411099079482,14.20130720415345,0.05857880374152234,5.899756032046378,0.8434551811363722,0.1342030834447193,0.8085595156827566,0.40340101915383575,20.0
84,7,0.17405147673092175,0.9770968669226713,0.07640925153252683,10.317328939725469,0.15204806316156055,0.15204806316156055,0.033393358935654066,0.15540697360424546,0.17405147673092175,3.57485678430704e-05,3.5496066576919607,0.4060925367114931,190.36855950089313,150.54411099079482,14.20130720415345,0.05857880374152234,5.899756032046378,0.8434551811363722,0.1342030834447193,0.8085595156827566,0.40340101915383575,20.0
84,8,0.17405147673092175,0.9770968669226713,0.07640925153252683,10.317328939725469,0.15204806316156055,0.15204806316156055,0.033393358935654066,0.15540697360424546,0.17405147673092175,3.57485678430704e-05,3.5496066576919607,0.4060925367114931,190.36855950089313,150.54411099079482,14.20130720415345,0.05857880374152234,5.899756032046378,0.8434551811363722,0.1342030834447193,0.8085595156827566,0.40340101915383575,20.0
84,9,0.17405147673092175,0.9770968669226713,0.07640925153252683,10.317328939725469,0.15204806316156055,0.15204806316156055,0.033393358935654066,0.15540697360424546,0.17405147673092175,3.57485678430704e-05,3.5496066576919607,0.4060925367114931,190.36855950089313,150.54411099079482,14.20130720415345,0.05857880374152234,5.899756032046378,0.8434551811363722,0.1342030834447193,0.8085595156827566,0.40340101915383575,20.0
84,10,0.17405147673092175,0.9770968669226713,0.07640925153252683,10.317328939725469,0.15204806316156055,0.15204806316156055,0.033393358935654066,0.15540697360424546,0.17405147673092175,3.57485678430704e-05,3.5496066576919607,0.4060925367114931,190.36855950089313,150.54411099079482,14.20130720415345,0.05857880374152234,5.899756032046378,0.8434551811363722,0.1342030834447193,0.8085595156827566,0.40340101915383575,20.0
85,1,0.12068052622291452,0.9999998565001573,0.06386829290790602,12.786093952370699,0.11927451148186914,0.11927451148186914,3.397923265924557e-07,4.06402732737185e-05,0.12068052622291452,9.382373881180125e-05,4.0072982249646465,0.37431679224993225,190.82366240276932,179.00497742870402,58.08222418276587,0.10238187806610397,5.668930205301761,1.2933066593191747,0.09870082415526116,1.9909690644296072,0.42371131392067546,20.0
85,2,0.13333789581825972,0.9997222688204656,0.0705670062273827,12.786093952370699,0.11927632039442604,0.11927632039442604,1.8255856119051513e-05,0.00014785310914838638,0.13333789581825972,9.436270589334709e-05,4.0072982249646465,0.37431679224993225,190.82366240276932,179.00497742870402,58.08222418276587,0.10238187806610397,5.668930205301761,1.2933066593191747,0.09870082415526116,1.9909690644296072,0.42371131392067546,20.0
85,3,0.13333790482843816,0.9997209839287883,0.07056701099277399,12.786093952370699,0.11927632039442973,0.11927632039442973,1.8305842781723243e-05,0.00014790471130414007,0.13333790482843816,9.436270589508093e-05,4.0072982249646465,0.37431679224993225,190.82366240276932,179.00497742870402,58.08222418276587,0.10238187806610397,5.668930205301761,1.2933066593191747,0.09870082415526116,1.9909690644296072,0.42371131392067546,20.0
85,4,0.13333790482843816,0.9997209839287855,0.07056701099277399,12.786093952370699,0.11927632039442973,0.11927632039442973,1.830584278176261e-05,0.0001479047113041717,0.13333790482843816,9.436270589508093e-05,4.0072982249646465,0.37431679224993225,190.82366240276932,179.00497742870402,58.08222418276587,0.10238187806610397,5.668930205301761,1.2933066593191747,0.09870082415526116,1.9909690644296072,0.42371131392067546,20.0
85,5,0.13333790482843816,0.9997209839287855,0.07056701099277399,12.786093952370699,0.11927632039442973,0.11927632039442973,1.830584278176261e-05,0.0001479047113041717,0.13333790482843816,9.436270589508093e-05,4.0072982249646465,0.37431679224993225,190.82366240276932,179.00497742870402,58.08222418276587,0.10238187806610397,5.668930205301761,1.2933066593191747,0.09870082415526116,1.9909690644296072,0.42371131392067546,20.0
85,6,0.13333790482843816,0.9997209839287855,0.07056701099277399,12.786093952370699,0.11927632039442973,0.11927632039442973,1.830584278176261e-05,0.0001479047113041717,0.13333790482843816,9.436270589508093e-05,4.0072982249646465,0.37431679224993225,190.82366240276932,179.00497742870402,58.08222418276587,0.10238187806610397,5.668930205301761,1.2933066593191747,0.09870082415526116,1.9909690644296072,0.42371131392067546,20.0
85,7,0.13333790482843816,0.9997209839287855,0.07056701099277399,12.786093952370699,0.11927632039442973,0.11927632039442973,1.830584278176261e-05,0.0001479047113041717,0.13333790482843816,9.436270589508093e-05,4.0072982249646465,0.37431679224993225,190.82366240276932,179.00497742870402,58.08222418276587,0.10238187806610397,5.668930205301761,1.2933066593191747,0.09870082415526116,1.9909690644296072,0.42371131392067546,20.0
85,8,0.13333790482843816,0.9997209839287855,0.07056701099277399,12.786093952370699,0.11927632039442973,0.11927632039442973,1.830584278176261e-05,0.0001479047113041717,0.13333790482843816,9.436270589508093e-05,4.0072982249646465,0.37431679224993225,190.82366240276932,179.00497742870402,58.08222418276587,0.10238187806610397,5.668930205301761,1.2933066593191747,0.09870082415526116,1.9909690644296072,0.42371131392067546,20.0
85,9,0.13333790482843816,0.9997209839287855,0.07056701099277399,12.786093952370699,0.11927632039442973,0.11927632039442973,1.830584278176261e-05,0.0001479047113041717,0.13333790482843816,9.436270589508093e-05,4.0072982249646465,0.37431679224993225,190.82366240276932,179.00497742870402,58.08222418276587,0.10238187806610397,5.668930205301761,1.2933066593191747,0.09870082415526116,1.9909690644296072,0.42371131392067546,20.0
85,10,0.13333790482843816,0.9997209839287855,0.07056701099277399,12.786093952370699,0.11927632039442973,0.11927632039442973,1.830584278176261e-05,0.0001479047113041717,0.13333790482843816,9.436270589508093e-05,4.0072982249646465,0.37431679224993225,190.82366240276932,179.00497742870402,58.08222418276587,0.10238187806610397,5.668930205301761,1.2933066593191747,0.09870082415526116,1.9909690644296072,0.42371131392067546,20.0
86,1,0.1733709785736685,0.8674436721551778,0.06376552151417311,39.59971353547441,0.2591037848859772,0.2591037848859772,0.09498429814058519,0.19474389496492928,0.1733709785736685,0.0006502059914926623,6.654876485240006,0.17231039082334207,182.47693704390784,77.79049109407003,40.07248913709983,0.06777523682640783,3.990530841170094,1.2750344643874034,0.0550406309922289,0.7515020299456413,0.47659898085089736,20.0
86,2,0.17706191294545917,0.79525119057303,0.06512217900685445,39.59971353547441,0.25918662548372995,0.25918662548372995,0.11814395794656941,0.2099451548944767,0.17706191294545917,0.0006610875627108074,6.654876485240006,0.17231039082334207,182.47693704390784,77.79049109407003,40.07248913709983,0.06777523682640783,3.990530841170094,1.2750344643874034,0.0550406309922289,0.7515020299456413,0.47659898085089736,20.0
86,3,0.177062000852569,0.7952238573513639,0.06512221131180128,39.59971353547441,0.25918662678979415,0.25918662678979415,0.11814486514641705,0.20994560153363478,0.177062000852569,0.0006610878356797735,6.654876485240006,0.17231039082334207,182.47693704390784,77.79049109407003,40.07248913709983,0.06777523682640783,3.990530841170094,1.2750344643874034,0.0550406309922289,0.7515020299456413,0.47659898085089736,20.0
86,4,0.17706200085301732,0.7952238569138499,0.06512221131196602,39.59971353547441,0.25918662678979976,0.25918662678979976,0.11814486515181317,0.20994560153606476,0.17706200085301732,0.0006610878356812127,6.654876485240006,0.17231039082334207,182.47693704390784,77.79049109407003,40.07248913709983,0.06777523682640783,3.990530841170094,1.2750344643874034,0.0550406309922289,0.7515020299456413,0.47659898085089736,20.0
86,5,0.17706200085301732,0.795223856913848,0.06512221131196602,39.59971353547441,0.25918662678979976,0.25918662678979976,0.1181448651518132,0.20994560153606476,0.17706200085301732,0.0006610878356812127,6.654876485240006,0.17231039082334207,182.47693704390784,77.79049109407003,40.07248913709983,0.06777523682640783,3.990530841170094,1.2750344643874034,0.0550406309922289,0.7515020299456413,0.47659898085089736,20.0
86,6,0.17706200085301732,0.795223856913848,0.06512221131196602,39.59971353547441,0.25918662678979976,0.25918662678979976,0.1181448651518132,0.20994560153606476,0.17706200085301732,0.0006610878356812127,6.654876485240006,0.17231039082334207,182.47693704390784,77.79049109407003,40.07248913709983,0.06777523682640783,3.990530841170094,1.2750344643874034,0.0550406309922289,0.7515020299456413,0.47659898085089736,20.0
86,7,0.17706200085301732,0.795223856913848,0.06512221131196602,39.59971353547441,0.25918662678979976,0.25918662678979976,0.1181448651518132,0.20994560153606476,0.17706200085301732,0.0006610878356812127,6.654876485240006,0.17231039082334207,182.47693704390784,77.79049109407003,40.07248913709983,0.06777523682640783,3.990530841170094,1.2750344643874034,0.0550406309922289,0.7515020299456413,0.47659898085089736,20.0
86,8,0.17706200085301732,0.795223856913848,0.06512221131196602,39.59971353547441,0.25918662678979976,0.25918662678979976,0.1181448651518132,0.20994560153606476,0.17706200085301732,0.0006610878356812127,6.654876485240006,0.17231039082334207,182.47693704390784,77.79049109407003,40.07248913709983,0.06777523682640783,3.990530841170094,1.2750344643874034,0.0550406309922289,0.7515020299456413,0.47659898085089736,20.0
86,9,0.17706200085301732,0.795223856913848,0.06512221131196602,39.59971353547441,0.25918662678979976,0.25918662678979976,0.1181448651518132,0.20994560153606476,0.17706200085301732,0.0006610878356812127,6.654876485240006,0.17231039082334207,182.47693704390784,77.79049109407003,40.07248913709983,0.06777523682640783,3.990530841170094,1.2750344643874034,0.0550406309922289,0.7515020299456413,0.47659898085089736,20.0
86,10,0.17706200085301732,0.795223856913848,0.06512221131196602,39.59971353547441,0.25918662678979976,0.25918662678979976,0.1181448651518132,0.20994560153606476,0.17706200085301732,0.0006610878356812127,6.654876485240006,0.17231039082334207,182.47693704390784,77.79049109407003,40.07248913709983,0.06777523682640783,3.990530841170094,1.2750344643874034,0.0550406309922289,0.7515020299456413,0.47659898085089736,20.0
87,1,0.06019162037213402,0.999999996606825,0.036970683801121104,14.41292572567014,0.1625010962866024,0.1625010962866024,3.6387071357085905e-09,1.7915955922476755e-05,0.06019162037213402,0.002452888295758654,4.1551044840837115,0.3080763497920971,45.90576048347396,80.10370539275458,24.926607776971707,0.12248646853482628,4.851494104751102,1.2567533221729594,0.07066452620135641,1.3850835922470628,0.33065165382958134,20.0
87,2,0.0903154712496792,0.9891094785410806,0.05547323624337809,14.41292572567014,0.16984251798994626,0.16984251798994626,0.0021044599081741343,0.0033072142098863524,0.0903154712496792,0.0032952064041849405,4.1551044840837115,0.3080763497920971,45.90576048347396,80.10370539275458,24.926607776971707,0.12248646853482628,4.851494104751102,1.2567533221729594,0.07066452620135641,1.3850835922470628,0.33065165382958134,20.0
87,3,0.09122816507086613,0.9856281425851461,0.05603370265718154,14.41292572567014,0.16987548466342334,0.16987548466342334,0.002802704713573121,0.004347825935437907,0.09122816507086613,0.0033017605269274625,4.1551044840837115,0.3080763497920971,45.90576048347396,80.10370539275458,24.926607776971707,0.12248646853482628,4.851494104751102,1.2567533221729594,0.07066452620135641,1.3850835922470628,0.33065165382958134,20.0
87,4,0.09123117528185147,0.9856033977299018,0.05603555086274499,14.41292572567014,0.16987553671917197,0.16987553671917197,0.002807118605933298,0.004353243968795232,0.09123117528185147,0.0033017743213610154,4.1551044840837115,0.3080763497920971,45.90576048347396,80.10370539275458,24.926607776971707,0.12248646853482628,4.851494104751102,1.2567533221729594,0.07066452620135641,1.3850835922470628,0.33065165382958134,20.0
87,5,0.09123117903848936,0.9856033489490499,0.05603555316896844,14.41292572567014,0.16987553676178152,0.16987553676178152,0.0028071265470682267,0.0043532524918189755,0.09123117903848936,0.0033017743349866716,4.1551044840837115,0.3080763497920971,45.90576048347396,80.10370539275458,24.926607776971707,0.12248646853482628,4.851494104751102,1.2567533221729594,0.07066452620135641,1.3850835922470628,0.33065165382958134,20.0
87,6,0.09123117904103305,0.9856033489034104,0.056035553170529884,14.41292572567014,0.16987553676180328,0.16987553676180328,0.0028071265539705813,0.004353252498505844,0.09123117904103305,0.0033017743349946474,4.1551044840837115,0.3080763497920971,45.90576048347396,80.10370539275458,24.926607776971707,0.12248646853482628,4.851494104751102,1.2567533221729594,0.07066452620135641,1.3850835922470628,0.33065165382958134,20.0
87,7,0.09123117904103416,0.9856033489033847,0.05603555317053056,14.41292572567014,0.16987553676180328,0.16987553676180328,0.00280712655397421,0.004353252498509083,0.09123117904103416,0.0033017743349946505,4.1551044840837115,0.3080763497920971,45.90576048347396,80.10370539275458,24.926607776971707,0.12248646853482628,4.851494104751102,1.2567533221729594,0.07066452620135641,1.3850835922470628,0.33065165382958134,20.0
87,8,0.09123117904103416,0.9856033489033847,0.05603555317053056,14.41292572567014,0.16987553676180328,0.16987553676180328,0.002807126553974211,0.004353252498509085,0.09123117904103416,0.0033017743349946505,4.1551044840837115,0.3080763497920971,45.90576048347396,80.10370539275458,24.926607776971707,0.12248646853482628,4.851494104751102,1.2567533221729594,0.07066452620135641,1.3850835922470628,0.33065165382958134,20.0
87,9,0.09123117904103416,0.9856033489033847,0.05603555317053056,14.41292572567014,0.16987553676180328,0.16987553676180328,0.002807126553974211,0.004353252498509085,0.09123117904103416,0.0033017743349946505,4.1551044840837115,0.3080763497920971,45.90576048347396,80.10370539275458,24.926607776971707,0.12248646853482628,4.851494104751102,1.2567533221729594,0.07066452620135641,1.3850835922470628,0.33065165382958134,20.0
87,10,0.09123117904103416,0.9856033489033847,0.05603555317053056,14.41292572567014,0.16987553676180328,0.16987553676180328,0.002807126553974211,0.004353252498509085,0.09123117904103416,0.0033017743349946505,4.1551044840837115,0.3080763497920971,45.90576048347396,80.10370539275458,24.926607776971707,0.12248646853482628,4.851494104751102,1.2567533221729594,0.07066452620135641,1.3850835922470628,0.33065165382958134,20.0
88,1,0.09603283946740178,0.9999999986017171,0.048366573902889294,13.07143683241222,0.09695181561681973,0.09695181561681973,1.7389885056521883e-09,1.8780624279758228e-07,0.09603283946740178,0.012798322353460666,6.145516647961879,0.5137608809840474,133.45978689017963,66.08503166844353,89.75273222264883,0.0399433864831764,4.079159952300408,0.5098250710053991,0.04887094812310937,1.9778940472784645,0.3776028478499387,20.0
88,2,0.12995532115588848,0.9298030402418329,0.06545177371845913,13.07143683241222,0.10369966089318594,0.10369966089318594,0.010088612572358586,0.01611710241140072,0.12995532115588848,0.014650161481602697,6.145516647961879,0.5137608809840474,133.45978689017963,66.08503166844353,89.75273222264883,0.0399433864831764,4.079159952300408,0.5098250710053991,0.04887094812310937,1.9778940472784645,0.3776028478499387,20.0
88,3,0.13170841241188372,0.9220959289125902,0.06633467745949764,13.07143683241222,0.10374809961901063,0.10374809961901063,0.011337992368946004,0.018017357948754423,0.13170841241188372,0.014673874839926365,6.145516647961879,0.5137608809840474,133.45978689017963,66.08503166844353,89.75273222264883,0.0399433864831764,4.079159952300408,0.5098250710053991,0.04887094812310937,1.9778940472784645,0.3776028478499387,20.0
88,4,0.1317164070929271,0.9220100568931886,0.06633870338248819,13.07143683241222,0.10374818765130711,0.10374818765130711,0.011348538761591065,0.018031336925488074,0.1317164070929271,0.014673932711555843,6.145516647961879,0.5137608809840474,133.45978689017963,66.08503166844353,89.75273222264883,0.0399433864831764,4.079159952300408,0.5098250710053991,0.04887094812310937,1.9778940472784645,0.3776028478499387,20.0
88,5,0.1317164173060629,0.9220098693309515,0.0663387085251801,13.07143683241222,0.10374818771840673,0.10374818771840673,0.011348557623236702,0.018031359636756474,0.1317164173060629,0.014673932764853532,6.145516647961879,0.5137608809840474,133.45978689017963,66.08503166844353,89.75273222264883,0.0399433864831764,4.079159952300408,0.5098250710053991,0.04887094812310937,1.9778940472784645,0.3776028478499387,20.0
88,6,0.13171641731191375,0.9220098691731935,0.06633870852812604,13.07143683241222,0.10374818771843419,0.10374818771843419,0.011348557636772305,0.018031359651898612,0.13171641731191375,0.0146739327648785,6.145516647961879,0.5137608809840474,133.45978689017963,66.08503166844353,89.75273222264883,0.0399433864831764,4.079159952300408,0.5098250710053991,0.04887094812310937,1.9778940472784645,0.3776028478499387,20.0
88,7,0.13171641731191563,0.9220098691731249,0.066338708528127,13.07143683241222,0.10374818771843422,0.10374818771843422,0.011348557636777463,0.018031359651904035,0.13171641731191563,0.014673932764878507,6.145516647961879,0.5137608809840474,133.45978689017963,66.08503166844353,89.75273222264883,0.0399433864831764,4.079159952300408,0.5098250710053991,0.04887094812310937,1.9778940472784645,0.3776028478499387,20.0
88,8,0.13171641731191563,0.9220098691731249,0.066338708528127,13.07143683241222,0.10374818771843422,0.10374818771843422,0.011348557636777463,0.018031359651904035,0.13171641731191563,0.014673932764878507,6.145516647961879,0.5137608809840474,133.45978689017963,66.08503166844353,89.75273222264883,0.0399433864831764,4.079159952300408,0.5098250710053991,0.04887094812310937,1.9778940472784645,0.3776028478499387,20.0
88,9,0.13171641731191563,0.9220098691731249,0.066338708528127,13.07143683241222,0.10374818771843422,0.10374818771843422,0.011348557636777463,0.018031359651904035,0.13171641731191563,0.014673932764878507,6.145516647961879,0.5137608809840474,133.45978689017963,66.08503166844353,89.75273222264883,0.0399433864831764,4.079159952300408,0.5098250710053991,0.04887094812310937,1.9778940472784645,0.3776028478499387,20.0
88,10,0.13171641731191563,0.9220098691731249,0.066338708528127,13.07143683241222,0.10374818771843422,0.10374818771843422,0.011348557636777463,0.018031359651904035,0.13171641731191563,0.014673932764878507,6.145516647961879,0.5137608809840474,133.45978689017963,66.08503166844353,89.75273222264883,0.0399433864831764,4.079159952300408,0.5098250710053991,0.04887094812310937,1.9778940472784645,0.3776028478499387,20.0
89,1,0.01857234462501075,0.8241835754224022,0.013997252909215843,12.486696932606447,0.21452914268279058,0.21452914268279058,0.06286897912474078,0.15028773780476898,0.01857234462501075,0.002942708030203373,5.264394793107671,0.49285355750340554,53.544185370628085,135.19707126926644,90.6535553217514,0.14697927566245456,3.7306348722362213,0.27950342028915,0.1474225931657215,1.0111658646131554,0.34046329207298387,20.0
89,2,0.020126278499977748,0.6327018698278024,0.015167437469429395,12.486696932606447,0.21452914268279394,0.21452914268279394,0.10983027757037554,0.17414748688083787,0.020126278499977748,0.002942708030206123,5.264394793107671,0.49285355750340554,53.544185370628085,135.19707126926644,90.6535553217514,0.14697927566245456,3.7306348722362213,0.27950342028915,0.1474225931657215,1.0111658646131554,0.34046329207298387,20.0
89,3,0.020126278499977748,0.6327018698277987,0.015167437469429395,12.486696932606447,0.21452914268279394,0.21452914268279394,0.10983027757037561,0.17414748688083787,0.020126278499977748,0.002942708030206123,5.264394793107671,0.49285355750340554,53.544185370628085,135.19707126926644,90.6535553217514,0.14697927566245456,3.7306348722362213,0.27950342028915,0.1474225931657215,1.0111658646131554,0.34046329207298387,20.0
89,4,0.020126278499977748,0.6327018698277987,0.015167437469429395,12.486696932606447,0.21452914268279394,0.21452914268279394,0.10983027757037561,0.17414748688083787,0.020126278499977748,0.002942708030206123,5.264394793107671,0.49285355750340554,53.544185370628085,135.19707126926644,90.6535553217514,0.14697927566245456,3.7306348722362213,0.27950342028915,0.1474225931657215,1.0111658646131554,0.34046329207298387,20.0
89,5,0.020126278499977748,0.6327018698277987,0.015167437469429395,12.486696932606447,0.21452914268279394,0.21452914268279394,0.10983027757037561,0.17414748688083787,0.020126278499977748,0.002942708030206123,5.264394793107671,0.49285355750340554,53.544185370628085,135.19707126926644,90.6535553217514,0.14697927566245456,3.7306348722362213,0.27950342028915,0.1474225931657215,1.0111658646131554,0.34046329207298387,20.0
89,6,0.020126278499977748,0.6327018698277987,0.015167437469429395,12.486696932606447,0.21452914268279394,0.21452914268279394,0.10983027757037561,0.17414748688083787,0.020126278499977748,0.002942708030206123,5.264394793107671,0.49285355750340554,53.544185370628085,135.19707126926644,90.6535553217514,0.14697927566245456,3.7306348722362213,0.27950342028915,0.1474225931657215,1.0111658646131554,0.34046329207298387,20.0
89,7,0.020126278499977748,0.6327018698277987,0.015167437469429395,12.486696932606447,0.21452914268279394,0.21452914268279394,0.10983027757037561,0.17414748688083787,0.020126278499977748,0.002942708030206123,5.264394793107671,0.49285355750340554,53.544185370628085,135.19707126926644,90.6535553217514,0.14697927566245456,3.7306348722362213,0.27950342028915,0.1474225931657215,1.0111658646131554,0.34046329207298387,20.0
89,8,0.020126278499977748,0.6327018698277987,0.015167437469429395,12.486696932606447,0.21452914268279394,0.21452914268279394,0.10983027757037561,0.17414748688083787,0.020126278499977748,0.002942708030206123,5.264394793107671,0.49285355750340554,53.544185370628085,135.19707126926644,90.6535553217514,0.14697927566245456,3.7306348722362213,0.27950342028915,0.1474225931657215,1.0111658646131554,0.34046329207298387,20.0
89,9,0.020126278499977748,0.6327018698277987,0.015167437469429395,12.486696932606447,0.21452914268279394,0.21452914268279394,0.10983027757037561,0.17414748688083787,0.020126278499977748,0.002942708030206123,5.264394793107671,0.49285355750340554,53.544185370628085,135.19707126926644,90.6535553217514,0.14697927566245456,3.7306348722362213,0.27950342028915,0.1474225931657215,1.0111658646131554,0.34046329207298387,20.0
89,10,0.020126278499977748,0.6327018698277987,0.015167437469429395,12.486696932606447,0.21452914268279394,0.21452914268279394,0.10983027757037561,0.17414748688083787,0.020126278499977748,0.002942708030206123,5.264394793107671,0.49285355750340554,53.544185370628085,135.19707126926644,90.6535553217514,0.14697927566245456,3.7306348722362213,0.27950342028915,0.1474225931657215,1.0111658646131554,0.34046329207298387,20.0
90,1,0.18748783583779652,0.9999998868309183,0.07703791620515898,11.503702156138958,0.07737750619812486,0.07737750619812486,2.702123589723097e-07,3.3908755099179196e-05,0.18748783583779652,0.002534518946991962,4.56054118597154,0.4284812282777445,151.0756414362662,52.65824031518969,66.723375170866,0.0852938730432734,5.2677371782341655,0.5182980730166339,0.15429828403087514,1.7976990060001996,0.3272440401603667,20.0
90,2,0.21273983826351053,0.9925492133775653,0.08741397793910381,11.503702156138958,0.07745581277792316,0.07745581277792316,0.00045811913588100577,0.0006091927553829359,0.21273983826351053,0.0025837372932064465,4.56054118597154,0.4284812282777445,151.0756414362662,52.65824031518969,66.723375170866,0.0852938730432734,5.2677371782341655,0.5182980730166339,0.15429828403087514,1.7976990060001996,0.3272440401603667,20.0
90,3,0.21274081926048735,0.9924349719844058,0.08741438067071937,11.503702156138958,0.07745581278668304,0.07745581278668304,0.00046253782543853817,0.0006131107078838873,0.21274081926048735,0.0025837373028341766,4.56054118597154,0.4284812282777445,151.0756414362662,52.65824031518969,66.723375170866,0.0852938730432734,5.2677371782341655,0.5182980730166339,0.15429828403087514,1.7976990060001996,0.3272440401603667,20.0
90,4,0.2127408192605016,0.9924349719708766,0.08741438067072523,11.503702156138958,0.07745581278668304,0.07745581278668304,0.0004625378255755319,0.0006131107079667997,0.2127408192605016,0.0025837373028341766,4.56054118597154,0.4284812282777445,151.0756414362662,52.65824031518969,66.723375170866,0.0852938730432734,5.2677371782341655,0.5182980730166339,0.15429828403087514,1.7976990060001996,0.3272440401603667,20.0
90,5,0.2127408192605016,0.9924349719708766,0.08741438067072523,11.503702156138958,0.07745581278668304,0.07745581278668304,0.0004625378255755319,0.0006131107079667997,0.2127408192605016,0.0025837373028341766,4.56054118597154,0.4284812282777445,151.0756414362662,52.65824031518969,66.723375170866,0.0852938730432734,5.2677371782341655,0.5182980730166339,0.15429828403087514,1.7976990060001996,0.3272440401603667,20.0
90,6,0.2127408192605016,0.9924349719708766,0.08741438067072523,11.503702156138958,0.07745581278668304,0.07745581278668304,0.0004625378255755319,0.0006131107079667997,0.2127408192605016,0.0025837373028341766,4.56054118597154,0.4284812282777445,151.0756414362662,52.65824031518969,66.723375170866,0.0852938730432734,5.2677371782341655,0.5182980730166339,0.15429828403087514,1.7976990060001996,0.3272440401603667,20.0
90,7,0.2127408192605016,0.9924349719708766,0.08741438067072523,11.503702156138958,0.07745581278668304,0.07745581278668304,0.0004625378255755319,0.0006131107079667997,0.2127408192605016,0.0025837373028341766,4.56054118597154,0.4284812282777445,151.0756414362662,52.65824031518969,66.723375170866,0.0852938730432734,5.2677371782341655,0.5182980730166339,0.15429828403087514,1.7976990060001996,0.3272440401603667,20.0
90,8,0.2127408192605016,0.9924349719708766,0.08741438067072523,11.503702156138958,0.07745581278668304,0.07745581278668304,0.0004625378255755319,0.0006131107079667997,0.2127408192605016,0.0025837373028341766,4.56054118597154,0.4284812282777445,151.0756414362662,52.65824031518969,66.723375170866,0.0852938730432734,5.2677371782341655,0.5182980730166339,0.15429828403087514,1.7976990060001996,0.3272440401603667,20.0
90,9,0.2127408192605016,0.9924349719708766,0.08741438067072523,11.503702156138958,0.07745581278668304,0.07745581278668304,0.0004625378255755319,0.0006131107079667997,0.2127408192605016,0.0025837373028341766,4.56054118597154,0.4284812282777445,151.0756414362662,52.65824031518969,66.723375170866,0.0852938730432734,5.2677371782341655,0.5182980730166339,0.15429828403087514,1.7976990060001996,0.3272440401603667,20.0
90,10,0.2127408192605016,0.9924349719708766,0.08741438067072523,11.503702156138958,0.07745581278668304,0.07745581278668304,0.0004625378255755319,0.0006131107079667997,0.2127408192605016,0.0025837373028341766,4.56054118597154,0.4284812282777445,151.0756414362662,52.65824031518969,66.723375170866,0.0852938730432734,5.2677371782341655,0.5182980730166339,0.15429828403087514,1.7976990060001996,0.3272440401603667,20.0
91,1,0.07057571780307194,0.614568158402833,0.0312772939864888,9.922938738523541,0.15431947725806927,0.15431947725806927,0.11303259414107043,0.16917005457942097,0.07057571780307194,0.0038859196904950377,7.444537459242152,0.8069149966928939,91.93586690159702,50.200648420638444,39.00139673672241,0.0713414868845622,2.9337945039017743,0.23360550510736217,0.08387410364314205,0.8887948316546087,0.43146612385912686,20.0
91,2,0.07296792882285355,0.5037583198571418,0.03233690937465883,9.922938738523541,0.15433088334598316,0.15433088334598316,0.13162789512540177,0.1793438843340463,0.07296792882285355,0.0038925164647664002,7.444537459242152,0.8069149966928939,91.93586690159702,50.200648420638444,39.00139673672241,0.0713414868845622,2.9337945039017743,0.23360550510736217,0.08387410364314205,0.8887948316546087,0.43146612385912686,20.0
91,3,0.07296793932010416,0.5037512712802008,0.0323369140228346,9.922938738523541,0.15433088337210296,0.15433088337210296,0.13162805540445421,0.17934394121020966,0.07296793932010416,0.003892516483673452,7.444537459242152,0.8069149966928939,91.93586690159702,50.200648420638444,39.00139673672241,0.0713414868845622,2.9337945039017743,0.23360550510736217,0.08387410364314205,0.8887948316546087,0.43146612385912686,20.0
91,4,0.07296793932011472,0.5037512712642009,0.03233691402283928,9.922938738523541,0.154330883372103,0.154330883372103,0.1316280554046533,0.17934394121027142,0.07296793932011472,0.0038925164836734684,7.444537459242152,0.8069149966928939,91.93586690159702,50.200648420638444,39.00139673672241,0.0713414868845622,2.9337945039017743,0.23360550510736217,0.08387410364314205,0.8887948316546087,0.43146612385912686,20.0
91,5,0.07296793932011472,0.5037512712642009,0.03233691402283928,9.922938738523541,0.154330883372103,0.154330883372103,0.1316280554046533,0.17934394121027142,0.07296793932011472,0.0038925164836734684,7.444537459242152,0.8069149966928939,91.93586690159702,50.200648420638444,39.00139673672241,0.0713414868845622,2.9337945039017743,0.23360550510736217,0.08387410364314205,0.8887948316546087,0.43146612385912686,20.0
91,6,0.07296793932011472,0.5037512712642009,0.03233691402283928,9.922938738523541,0.154330883372103,0.154330883372103,0.1316280554046533,0.17934394121027142,0.07296793932011472,0.0038925164836734684,7.444537459242152,0.8069149966928939,91.93586690159702,50.200648420638444,39.00139673672241,0.0713414868845622,2.9337945039017743,0.23360550510736217,0.08387410364314205,0.8887948316546087,0.43146612385912686,20.0
91,7,0.07296793932011472,0.5037512712642009,0.03233691402283928,9.922938738523541,0.154330883372103,0.154330883372103,0.1316280554046533,0.17934394121027142,0.07296793932011472,0.0038925164836734684,7.444537459242152,0.8069149966928939,91.93586690159702,50.200648420638444,39.00139673672241,0.0713414868845622,2.9337945039017743,0.23360550510736217,0.08387410364314205,0.8887948316546087,0.43146612385912686,20.0
91,8,0.07296793932011472,0.5037512712642009,0.03233691402283928,9.922938738523541,0.154330883372103,0.154330883372103,0.1316280554046533,0.17934394121027142,0.07296793932011472,0.0038925164836734684,7.444537459242152,0.8069149966928939,91.93586690159702,50.200648420638444,39.00139673672241,0.0713414868845622,2.9337945039017743,0.23360550510736217,0.08387410364314205,0.8887948316546087,0.43146612385912686,20.0
91,9,0.07296793932011472,0.5037512712642009,0.03233691402283928,9.922938738523541,0.154330883372103,0.154330883372103,0.1316280554046533,0.17934394121027142,0.07296793932011472,0.0038925164836734684,7.444537459242152,0.8069149966928939,91.93586690159702,50.200648420638444,39.00139673672241,0.0713414868845622,2.9337945039017743,0.23360550510736217,0.08387410364314205,0.8887948316546087,0.43146612385912686,20.0
91,10,0.07296793932011472,0.5037512712642009,0.03233691402283928,9.922938738523541,0.154330883372103,0.154330883372103,0.1316280554046533,0.17934394121027142,0.07296793932011472,0.0038925164836734684,7.444537459242152,0.8069149966928939,91.93586690159702,50.200648420638444,39.00139673672241,0.0713414868845622,2.9337945039017743,0.23360550510736217,0.08387410364314205,0.8887948316546087,0.43146612385912686,20.0
92,1,0.06539754240220809,0.9999999998911204,0.04069324303112372,14.418654950596423,0.09430708588286607,0.09430708588286607,3.8339084294160415e-12,4.091327652902103e-08,0.06539754240220809,0.0027950121143085847,6.29030619868683,0.48023792465623216,67.1638486265552,120.46847346227061,23.131631822460417,0.04823542095468951,3.803155095444419,0.8651522096219391,0.07523255593174921,1.0886659683744364,0.36071789340442856,20.0
92,2,0.08806480302018173,0.9869270984807937,0.05479779397270602,14.418654950596423,0.0972715918933851,0.0972715918933851,0.002210090102843392,0.0033743895349552465,0.08806480302018173,0.003359569639109339,6.29030619868683,0.48023792465623216,67.1638486265552,120.46847346227061,23.131631822460417,0.04823542095468951,3.803155095444419,0.8651522096219391,0.07523255593174921,1.0886659683744364,0.36071789340442856,20.0
92,3,0.08850428145733065,0.9844641640246616,0.05507120043149222,14.418654950596423,0.09727415117840835,0.09727415117840835,0.0026353019718337893,0.0040039355688104095,0.08850428145733065,0.003360433361052851,6.29030619868683,0.48023792465623216,67.1638486265552,120.46847346227061,23.131631822460417,0.04823542095468951,3.803155095444419,0.8651522096219391,0.07523255593174921,1.0886659683744364,0.36071789340442856,20.0
92,4,0.08850453780028499,0.9844608512432965,0.055071359880619335,14.418654950596423,0.09727415164996384,0.09727415164996384,0.002635784614530751,0.004004531070818844,0.08850453780028499,0.003360433572009555,6.29030619868683,0.48023792465623216,67.1638486265552,120.46847346227061,23.131631822460417,0.04823542095468951,3.803155095444419,0.8651522096219391,0.07523255593174921,1.0886659683744364,0.36071789340442856,20.0
92,5,0.08850453783571484,0.98446085050298,0.055071359902654715,14.418654950596423,0.09727415164999817,0.09727415164999817,0.002635784709920472,0.004004531175040327,0.08850453783571484,0.0033604335720279605,6.29030619868683,0.48023792465623216,67.1638486265552,120.46847346227061,23.131631822460417,0.04823542095468951,3.803155095444419,0.8651522096219391,0.07523255593174921,1.0886659683744364,0.36071789340442856,20.0
92,6,0.08850453783571689,0.9844608505029198,0.055071359902656,14.418654950596423,0.09727415164999817,0.09727415164999817,0.002635784709927499,0.0040045311750473295,0.08850453783571689,0.003360433572027961,6.29030619868683,0.48023792465623216,67.1638486265552,120.46847346227061,23.131631822460417,0.04823542095468951,3.803155095444419,0.8651522096219391,0.07523255593174921,1.0886659683744364,0.36071789340442856,20.0
92,7,0.08850453783571689,0.9844608505029198,0.055071359902656,14.418654950596423,0.09727415164999817,0.09727415164999817,0.0026357847099275,0.0040045311750473295,0.08850453783571689,0.003360433572027961,6.29030619868683,0.48023792465623216,67.1638486265552,120.46847346227061,23.131631822460417,0.04823542095468951,3.803155095444419,0.8651522096219391,0.07523255593174921,1.0886659683744364,0.36071789340442856,20.0
92,8,0.08850453783571689,0.9844608505029198,0.055071359902656,14.418654950596423,0.09727415164999817,0.09727415164999817,0.0026357847099275,0.0040045311750473295,0.08850453783571689,0.003360433572027961,6.29030619868683,0.48023792465623216,67.1638486265552,120.46847346227061,23.131631822460417,0.04823542095468951,3.803155095444419,0.8651522096219391,0.07523255593174921,1.0886659683744364,0.36071789340442856,20.0
92,9,0.08850453783571689,0.9844608505029198,0.055071359902656,14.418654950596423,0.09727415164999817,0.09727415164999817,0.0026357847099275,0.0040045311750473295,0.08850453783571689,0.003360433572027961,6.29030619868683,0.48023792465623216,67.1638486265552,120.46847346227061,23.131631822460417,0.04823542095468951,3.803155095444419,0.8651522096219391,0.07523255593174921,1.0886659683744364,0.36071789340442856,20.0
92,10,0.08850453783571689,0.9844608505029198,0.055071359902656,14.418654950596423,0.09727415164999817,0.09727415164999817,0.0026357847099275,0.0040045311750473295,0.08850453783571689,0.003360433572027961,6.29030619868683,0.48023792465623216,67.1638486265552,120.46847346227061,23.131631822460417,0.04823542095468951,3.803155095444419,0.8651522096219391,0.07523255593174921,1.0886659683744364,0.36071789340442856,20.0
93,1,0.08307744467361766,0.9999999999430607,0.05010756525150522,49.170919765810005,0.023874110197876646,0.023874110197876646,2.9816054453323075e-39,2.882600957002519e-32,0.08307744467361766,3.558370220727768e-05,5.585307941889783,0.11841707251751414,119.04944539197844,189.45474457212123,21.992888738645718,0.024982847593591238,3.6717361615990285,0.8886033875698018,0.1904294903843222,1.4711536090904835,0.3054882335078493,20.0
93,2,0.09377368820194522,0.9998362903522087,0.05655892853228743,49.170919765810005,0.023877345461634527,0.023877345461634527,2.029230855656178e-05,3.163660601552412e-05,0.09377368820194522,3.769091359565794e-05,5.585307941889783,0.11841707251751414,119.04944539197844,189.45474457212123,21.992888738645718,0.024982847593591238,3.6717361615990285,0.8886033875698018,0.1904294903843222,1.4711536090904835,0.3054882335078493,20.0
93,3,0.09377449859039805,0.9998267498321504,0.05655941716315109,49.170919765810005,0.023877345461634704,0.023877345461634704,2.1452836419203166e-05,3.342410318685613e-05,0.09377449859039805,3.7690913595848706e-05,5.585307941889783,0.11841707251751414,119.04944539197844,189.45474457212123,21.992888738645718,0.024982847593591238,3.6717361615990285,0.8886033875698018,0.1904294903843222,1.4711536090904835,0.3054882335078493,20.0
93,4,0.09377449859039808,0.9998267498321496,0.05655941716315111,49.170919765810005,0.023877345461634704,0.023877345461634704,2.1452836419269797e-05,3.34241031869443e-05,0.09377449859039808,3.7690913595848706e-05,5.585307941889783,0.11841707251751414,119.04944539197844,189.45474457212123,21.992888738645718,0.024982847593591238,3.6717361615990285,0.8886033875698018,0.1904294903843222,1.4711536090904835,0.3054882335078493,20.0
93,5,0.09377449859039808,0.9998267498321496,0.05655941716315111,49.170919765810005,0.023877345461634704,0.023877345461634704,2.1452836419269797e-05,3.34241031869443e-05,0.09377449859039808,3.7690913595848706e-05,5.585307941889783,0.11841707251751414,119.04944539197844,189.45474457212123,21.992888738645718,0.024982847593591238,3.6717361615990285,0.8886033875698018,0.1904294903843222,1.4711536090904835,0.3054882335078493,20.0
93,6,0.09377449859039808,0.9998267498321496,0.05655941716315111,49.170919765810005,0.023877345461634704,0.023877345461634704,2.1452836419269797e-05,3.34241031869443e-05,0.09377449859039808,3.7690913595848706e-05,5.585307941889783,0.11841707251751414,119.04944539197844,189.45474457212123,21.992888738645718,0.024982847593591238,3.6717361615990285,0.8886033875698018,0.1904294903843222,1.4711536090904835,0.3054882335078493,20.0
93,7,0.09377449859039808,0.9998267498321496,0.05655941716315111,49.170919765810005,0.023877345461634704,0.023877345461634704,2.1452836419269797e-05,3.34241031869443e-05,0.09377449859039808,3.7690913595848706e-05,5.585307941889783,0.11841707251751414,119.04944539197844,189.45474457212123,21.992888738645718,0.024982847593591238,3.6717361615990285,0.8886033875698018,0.1904294903843222,1.4711536090904835,0.3054882335078493,20.0
93,8,0.09377449859039808,0.9998267498321496,0.05655941716315111,49.170919765810005,0.023877345461634704,0.023877345461634704,2.1452836419269797e-05,3.34241031869443e-05,0.09377449859039808,3.7690913595848706e-05,5.585307941889783,0.11841707251751414,119.04944539197844,189.45474457212123,21.992888738645718,0.024982847593591238,3.6717361615990285,0.8886033875698018,0.1904294903843222,1.4711536090904835,0.3054882335078493,20.0
93,9,0.09377449859039808,0.9998267498321496,0.05655941716315111,49.170919765810005,0.023877345461634704,0.023877345461634704,2.1452836419269797e-05,3.34241031869443e-05,0.09377449859039808,3.7690913595848706e-05,5.585307941889783,0.11841707251751414,119.04944539197844,189.45474457212123,21.992888738645718,0.024982847593591238,3.6717361615990285,0.8886033875698018,0.1904294903843222,1.4711536090904835,0.3054882335078493,20.0
93,10,0.09377449859039808,0.9998267498321496,0.05655941716315111,49.170919765810005,0.023877345461634704,0.023877345461634704,2.1452836419269797e-05,3.34241031869443e-05,0.09377449859039808,3.7690913595848706e-05,5.585307941889783,0.11841707251751414,119.04944539197844,189.45474457212123,21.992888738645718,0.024982847593591238,3.6717361615990285,0.8886033875698018,0.1904294903843222,1.4711536090904835,0.3054882335078493,20.0
94,1,0.1199161728752116,0.9999980068565095,0.06121243113162412,14.023666181331702,0.2497705584121495,0.2497705584121495,4.984376935815387e-06,0.005624890987689601,0.1199161728752116,5.270775673109701e-06,4.4923552987728925,0.34103949746725687,101.74862405154329,43.18203672907434,83.86182149696867,0.06433846722589556,4.538173011631104,1.4455815860291215,0.19583315326539277,0.7269888306300321,0.4755538098012228,20.0
94,2,0.14218864262182135,0.9999499326285923,0.07257840006736622,14.023666181331702,0.24977058225072907,0.24977058225072907,0.00010096607330379422,0.035490564472939426,0.14218864262182135,5.279123893428724e-06,4.4923552987728925,0.34103949746725687,101.74862405154329,43.18203672907434,83.86182149696867,0.06433846722589556,4.538173011631104,1.4455815860291215,0.19583315326539277,0.7269888306300321,0.4755538098012228,20.0
94,3,0.14218864264471406,0.9999499179813593,0.07257840007902823,14.023666181331702,0.24977058225072907,0.24977058225072907,0.0001009664203548313,0.03549056468984517,0.14218864264471406,5.279123893428838e-06,4.4923552987728925,0.34103949746725687,101.74862405154329,43.18203672907434,83.86182149696867,0.06433846722589556,4.538173011631104,1.4455815860291215,0.19583315326539277,0.7269888306300321,0.4755538098012228,20.0
94,4,0.14218864264471406,0.9999499179813593,0.07257840007902823,14.023666181331702,0.24977058225072907,0.24977058225072907,0.0001009664203548313,0.03549056468984517,0.14218864264471406,5.279123893428838e-06,4.4923552987728925,0.34103949746725687,101.74862405154329,43.18203672907434,83.86182149696867,0.06433846722589556,4.538173011631104,1.4455815860291215,0.19583315326539277,0.7269888306300321,0.4755538098012228,20.0
94,5,0.14218864264471406,0.9999499179813593,0.07257840007902823,14.023666181331702,0.24977058225072907,0.24977058225072907,0.0001009664203548313,0.03549056468984517,0.14218864264471406,5.279123893428838e-06,4.4923552987728925,0.34103949746725687,101.74862405154329,43.18203672907434,83.86182149696867,0.06433846722589556,4.538173011631104,1.4455815860291215,0.19583315326539277,0.7269888306300321,0.4755538098012228,20.0
94,6,0.14218864264471406,0.9999499179813593,0.07257840007902823,14.023666181331702,0.24977058225072907,0.24977058225072907,0.0001009664203548313,0.03549056468984517,0.14218864264471406,5.279123893428838e-06,4.4923552987728925,0.34103949746725687,101.74862405154329,43.18203672907434,83.86182149696867,0.06433846722589556,4.538173011631104,1.4455815860291215,0.19583315326539277,0.7269888306300321,0.4755538098012228,20.0
94,7,0.14218864264471406,0.9999499179813593,0.07257840007902823,14.023666181331702,0.24977058225072907,0.24977058225072907,0.0001009664203548313,0.03549056468984517,0.14218864264471406,5.279123893428838e-06,4.4923552987728925,0.34103949746725687,101.74862405154329,43.18203672907434,83.86182149696867,0.06433846722589556,4.538173011631104,1.4455815860291215,0.19583315326539277,0.7269888306300321,0.4755538098012228,20.0
94,8,0.14218864264471406,0.9999499179813593,0.07257840007902823,14.023666181331702,0.24977058225072907,0.24977058225072907,0.0001009664203548313,0.03549056468984517,0.14218864264471406,5.279123893428838e-06,4.4923552987728925,0.34103949746725687,101.74862405154329,43.18203672907434,83.86182149696867,0.06433846722589556,4.538173011631104,1.4455815860291215,0.19583315326539277,0.7269888306300321,0.4755538098012228,20.0
94,9,0.14218864264471406,0.9999499179813593,0.07257840007902823,14.023666181331702,0.24977058225072907,0.24977058225072907,0.0001009664203548313,0.03549056468984517,0.14218864264471406,5.279123893428838e-06,4.4923552987728925,0.34103949746725687,101.74862405154329,43.18203672907434,83.86182149696867,0.06433846722589556,4.538173011631104,1.4455815860291215,0.19583315326539277,0.7269888306300321,0.4755538098012228,20.0
94,10,0.14218864264471406,0.9999499179813593,0.07257840007902823,14.023666181331702,0.24977058225072907,0.24977058225072907,0.0001009664203548313,0.03549056468984517,0.14218864264471406,5.279123893428838e-06,4.4923552987728925,0.34103949746725687,101.74862405154329,43.18203672907434,83.86182149696867,0.06433846722589556,4.538173011631104,1.4455815860291215,0.19583315326539277,0.7269888306300321,0.4755538098012228,20.0
95,1,0.05185137552878462,0.9984452152579624,0.034477415809065354,13.115451100958596,0.2811626045020906,0.2811626045020906,0.002568327639706466,0.10223023564190148,0.05185137552878462,4.6162125755570616e-07,7.7254844292232825,0.6589670114859782,68.03665449148569,103.36684208368936,71.63083820762422,0.13251183050480975,2.2142116780871466,1.4561469088789334,0.12287121308284384,1.3299670955874077,0.48804179298860817,20.0
95,2,0.057395461880718646,0.9667856518948287,0.03815906459200586,13.115451100958596,0.2811626142203089,0.2811626142203089,0.04353098195584286,0.16304164082153025,0.057395461880718646,4.64151151318131e-07,7.7254844292232825,0.6589670114859782,68.03665449148569,103.36684208368936,71.63083820762422,0.13251183050480975,2.2142116780871466,1.4561469088789334,0.12287121308284384,1.3299670955874077,0.48804179298860817,20.0
95,3,0.05739546189023949,0.9667856440214267,0.03815906459832327,13.115451100958596,0.2811626142203089,0.2811626142203089,0.043530982619966435,0.16304164097965218,0.05739546189023949,4.6415115131843365e-07,7.7254844292232825,0.6589670114859782,68.03665449148569,103.36684208368936,71.63083820762422,0.13251183050480975,2.2142116780871466,1.4561469088789334,0.12287121308284384,1.3299670955874077,0.48804179298860817,20.0
95,4,0.05739546189023949,0.9667856440214267,0.03815906459832327,13.115451100958596,0.2811626142203089,0.2811626142203089,0.043530982619966435,0.16304164097965218,0.05739546189023949,4.6415115131843365e-07,7.7254844292232825,0.6589670114859782,68.03665449148569,103.36684208368936,71.63083820762422,0.13251183050480975,2.2142116780871466,1.4561469088789334,0.12287121308284384,1.3299670955874077,0.48804179298860817,20.0
95,5,0.05739546189023949,0.9667856440214267,0.03815906459832327,13.115451100958596,0.2811626142203089,0.2811626142203089,0.043530982619966435,0.16304164097965218,0.05739546189023949,4.6415115131843365e-07,7.7254844292232825,0.6589670114859782,68.03665449148569,103.36684208368936,71.63083820762422,0.13251183050480975,2.2142116780871466,1.4561469088789334,0.12287121308284384,1.3299670955874077,0.48804179298860817,20.0
95,6,0.05739546189023949,0.9667856440214267,0.03815906459832327,13.115451100958596,0.2811626142203089,0.2811626142203089,0.043530982619966435,0.16304164097965218,0.05739546189023949,4.6415115131843365e-07,7.7254844292232825,0.6589670114859782,68.03665449148569,103.36684208368936,71.63083820762422,0.13251183050480975,2.2142116780871466,1.4561469088789334,0.12287121308284384,1.3299670955874077,0.48804179298860817,20.0
95,7,0.05739546189023949,0.9667856440214267,0.03815906459832327,13.115451100958596,0.2811626142203089,0.2811626142203089,0.043530982619966435,0.16304164097965218,0.05739546189023949,4.6415115131843365e-07,7.7254844292232825,0.6589670114859782,68.03665449148569,103.36684208368936,71.63083820762422,0.13251183050480975,2.2142116780871466,1.4561469088789334,0.12287121308284384,1.3299670955874077,0.48804179298860817,20.0
95,8,0.05739546189023949,0.9667856440214267,0.03815906459832327,13.115451100958596,0.2811626142203089,0.2811626142203089,0.043530982619966435,0.16304164097965218,0.05739546189023949,4.6415115131843365e-07,7.7254844292232825,0.6589670114859782,68.03665449148569,103.36684208368936,71.63083820762422,0.13251183050480975,2.2142116780871466,1.4561469088789334,0.12287121308284384,1.3299670955874077,0.48804179298860817,20.0
95,9,0.05739546189023949,0.9667856440214267,0.03815906459832327,13.115451100958596,0.2811626142203089,0.2811626142203089,0.043530982619966435,0.16304164097965218,0.05739546189023949,4.6415115131843365e-07,7.7254844292232825,0.6589670114859782,68.03665449148569,103.36684208368936,71.63083820762422,0.13251183050480975,2.2142116780871466,1.4561469088789334,0.12287121308284384,1.3299670955874077,0.48804179298860817,20.0
95,10,0.05739546189023949,0.9667856440214267,0.03815906459832327,13.115451100958596,0.2811626142203089,0.2811626142203089,0.043530982619966435,0.16304164097965218,0.05739546189023949,4.6415115131843365e-07,7.7254844292232825,0.6589670114859782,68.03665449148569,103.36684208368936,71.63083820762422,0.13251183050480975,2.2142116780871466,1.4561469088789334,0.12287121308284384,1.3299670955874077,0.48804179298860817,20.0
96,1,0.19432569261370106,0.9999993623154081,0.0789963325956796,11.635720822465904,0.11449554403814947,0.11449554403814947,2.100082123088949e-06,0.0012255397557952095,0.19432569261370106,0.0016868103987299583,6.816338966315407,0.6411470799623541,171.08557035856293,69.93375644566603,60.98170950661563,0.053623813586029745,2.522033228433866,1.3117370286622512,0.1413369715879119,1.2435091245072942,0.4523706941470248,20.0
96,2,0.2170980851553699,0.9947969658307523,0.08825316802864573,11.635720822465904,0.11449847435398615,0.11449847435398615,0.0003621403429537499,0.008448410923597941,0.2170980851553699,0.0016882150922905128,6.816338966315407,0.6411470799623541,171.08557035856293,69.93375644566603,60.98170950661563,0.053623813586029745,2.522033228433866,1.3117370286622512,0.1413369715879119,1.2435091245072942,0.4523706941470248,20.0
96,3,0.21709809434032373,0.9947943843346433,0.08825317175854319,11.635720822465904,0.11449847435400792,0.11449847435400792,0.0003621942573584038,0.008448458743680798,0.21709809434032373,0.0016882150923072956,6.816338966315407,0.6411470799623541,171.08557035856293,69.93375644566603,60.98170950661563,0.053623813586029745,2.522033228433866,1.3117370286622512,0.1413369715879119,1.2435091245072942,0.4523706941470248,20.0
96,4,0.21709809434032376,0.9947943843346235,0.0882531717585432,11.635720822465904,0.11449847435400792,0.11449847435400792,0.00036219425735849176,0.008448458743680847,0.21709809434032376,0.0016882150923072956,6.816338966315407,0.6411470799623541,171.08557035856293,69.93375644566603,60.98170950661563,0.053623813586029745,2.522033228433866,1.3117370286622512,0.1413369715879119,1.2435091245072942,0.4523706941470248,20.0
96,5,0.21709809434032376,0.9947943843346235,0.0882531717585432,11.635720822465904,0.11449847435400792,0.11449847435400792,0.00036219425735849176,0.008448458743680847,0.21709809434032376,0.0016882150923072956,6.816338966315407,0.6411470799623541,171.08557035856293,69.93375644566603,60.98170950661563,0.053623813586029745,2.522033228433866,1.3117370286622512,0.1413369715879119,1.2435091245072942,0.4523706941470248,20.0
96,6,0.21709809434032376,0.9947943843346235,0.0882531717585432,11.635720822465904,0.11449847435400792,0.11449847435400792,0.00036219425735849176,0.008448458743680847,0.21709809434032376,0.0016882150923072956,6.816338966315407,0.6411470799623541,171.08557035856293,69.93375644566603,60.98170950661563,0.053623813586029745,2.522033228433866,1.3117370286622512,0.1413369715879119,1.2435091245072942,0.4523706941470248,20.0
96,7,0.21709809434032376,0.9947943843346235,0.0882531717585432,11.635720822465904,0.11449847435400792,0.11449847435400792,0.00036219425735849176,0.008448458743680847,0.21709809434032376,0.0016882150923072956,6.816338966315407,0.6411470799623541,171.08557035856293,69.93375644566603,60.98170950661563,0.053623813586029745,2.522033228433866,1.3117370286622512,0.1413369715879119,1.2435091245072942,0.4523706941470248,20.0
96,8,0.21709809434032376,0.9947943843346235,0.0882531717585432,11.635720822465904,0.11449847435400792,0.11449847435400792,0.00036219425735849176,0.008448458743680847,0.21709809434032376,0.0016882150923072956,6.816338966315407,0.6411470799623541,171.08557035856293,69.93375644566603,60.98170950661563,0.053623813586029745,2.522033228433866,1.3117370286622512,0.1413369715879119,1.2435091245072942,0.4523706941470248,20.0
96,9,0.21709809434032376,0.9947943843346235,0.0882531717585432,11.635720822465904,0.11449847435400792,0.11449847435400792,0.00036219425735849176,0.008448458743680847,0.21709809434032376,0.0016882150923072956,6.816338966315407,0.6411470799623541,171.08557035856293,69.93375644566603,60.98170950661563,0.053623813586029745,2.522033228433866,1.3117370286622512,0.1413369715879119,1.2435091245072942,0.4523706941470248,20.0
96,10,0.21709809434032376,0.9947943843346235,0.0882531717585432,11.635720822465904,0.11449847435400792,0.11449847435400792,0.00036219425735849176,0.008448458743680847,0.21709809434032376,0.0016882150923072956,6.816338966315407,0.6411470799623541,171.08557035856293,69.93375644566603,60.98170950661563,0.053623813586029745,2.522033228433866,1.3117370286622512,0.1413369715879119,1.2435091245072942,0.4523706941470248,20.0
97,1,0.08130920713370617,0.8669550466588921,0.04455400590521031,54.81762378065765,0.05743328945159669,0.05743328945159669,0.09427533333938207,0.22343563096708094,0.08130920713370617,3.153008690500185e-10,4.316466180711178,0.08150170477678832,169.3648896579438,141.400506553963,88.39026353912014,0.0221613874139155,2.956586321980135,0.29630753551927325,0.17225467447747111,0.5323116799207392,0.33489271470088877,20.0
97,2,0.08248605979924871,0.7898591322259186,0.04519804601501835,54.81762378065765,0.05743328945159669,0.05743328945159669,0.12128630946952017,0.2402772117265551,0.08248605979924871,3.153008697120138e-10,4.316466180711178,0.08150170477678832,169.3648896579438,141.400506553963,88.39026353912014,0.0221613874139155,2.956586321980135,0.29630753551927325,0.17225467447747111,0.5323116799207392,0.33489271470088877,20.0
97,3,0.08248605979924871,0.7898591322259186,0.04519804601501835,54.81762378065765,0.05743328945159669,0.05743328945159669,0.12128630946952017,0.2402772117265551,0.08248605979924871,3.153008697120138e-10,4.316466180711178,0.08150170477678832,169.3648896579438,141.400506553963,88.39026353912014,0.0221613874139155,2.956586321980135,0.29630753551927325,0.17225467447747111,0.5323116799207392,0.33489271470088877,20.0
97,4,0.08248605979924871,0.7898591322259186,0.04519804601501835,54.81762378065765,0.05743328945159669,0.05743328945159669,0.12128630946952017,0.2402772117265551,0.08248605979924871,3.153008697120138e-10,4.316466180711178,0.08150170477678832,169.3648896579438,141.400506553963,88.39026353912014,0.0221613874139155,2.956586321980135,0.29630753551927325,0.17225467447747111,0.5323116799207392,0.33489271470088877,20.0
97,5,0.08248605979924871,0.7898591322259186,0.04519804601501835,54.81762378065765,0.05743328945159669,0.05743328945159669,0.12128630946952017,0.2402772117265551,0.08248605979924871,3.153008697120138e-10,4.316466180711178,0.08150170477678832,169.3648896579438,141.400506553963,88.39026353912014,0.0221613874139155,2.956586321980135,0.29630753551927325,0.17225467447747111,0.5323116799207392,0.33489271470088877,20.0
97,6,0.08248605979924871,0.7898591322259186,0.04519804601501835,54.81762378065765,0.05743328945159669,0.05743328945159669,0.12128630946952017,0.2402772117265551,0.08248605979924871,3.153008697120138e-10,4.316466180711178,0.08150170477678832,169.3648896579438,141.400506553963,88.39026353912014,0.0221613874139155,2.956586321980135,0.29630753551927325,0.17225467447747111,0.5323116799207392,0.33489271470088877,20.0
97,7,0.08248605979924871,0.7898591322259186,0.04519804601501835,54.81762378065765,0.05743328945159669,0.05743328945159669,0.12128630946952017,0.2402772117265551,0.08248605979924871,3.153008697120138e-10,4.316466180711178,0.08150170477678832,169.3648896579438,141.400506553963,88.39026353912014,0.0221613874139155,2.956586321980135,0.29630753551927325,0.17225467447747111,0.5323116799207392,0.33489271470088877,20.0
97,8,0.08248605979924871,0.7898591322259186,0.04519804601501835,54.81762378065765,0.05743328945159669,0.05743328945159669,0.12128630946952017,0.2402772117265551,0.08248605979924871,3.153008697120138e-10,4.316466180711178,0.08150170477678832,169.3648896579438,141.400506553963,88.39026353912014,0.0221613874139155,2.956586321980135,0.29630753551927325,0.17225467447747111,0.5323116799207392,0.33489271470088877,20.0
97,9,0.08248605979924871,0.7898591322259186,0.04519804601501835,54.81762378065765,0.05743328945159669,0.05743328945159669,0.12128630946952017,0.2402772117265551,0.08248605979924871,3.153008697120138e-10,4.316466180711178,0.08150170477678832,169.3648896579438,141.400506553963,88.39026353912014,0.0221613874139155,2.956586321980135,0.29630753551927325,0.17225467447747111,0.5323116799207392,0.33489271470088877,20.0
97,10,0.08248605979924871,0.7898591322259186,0.04519804601501835,54.81762378065765,0.05743328945159669,0.05743328945159669,0.12128630946952017,0.2402772117265551,0.08248605979924871,3.153008697120138e-10,4.316466180711178,0.08150170477678832,169.3648896579438,141.400506553963,88.39026353912014,0.0221613874139155,2.956586321980135,0.29630753551927325,0.17225467447747111,0.5323116799207392,0.33489271470088877,20.0
98,1,0.0675668305961246,0.9142867618530404,0.03892594850008565,6.762217464989389,0.21781451200416013,0.21781451200416013,0.04626343915634952,0.10765359944736068,0.0675668305961246,0.001656008333364647,4.4455132522382605,0.7748379320712472,83.09325377275238,64.69754253092694,75.57922290147117,0.14194536013843467,2.376646935777916,1.4649531829182332,0.053909655841091114,1.4750717929645272,0.4338552751332436,20.0
98,2,0.07490727505489087,0.8251782061077323,0.04315316615628345,6.762217464989389,0.21814317854561574,0.21814317854561574,0.07980790348208265,0.13605445245622302,0.07490727505489087,0.001722202538325882,4.4455132522382605,0.7748379320712472,83.09325377275238,64.69754253092694,75.57922290147117,0.14194536013843467,2.376646935777916,1.4649531829182332,0.053909655841091114,1.4750717929645272,0.4338552751332436,20.0
98,3,0.07490935469941601,0.8249526571843887,0.043154363452161865,6.762217464989389,0.21814321026783956,0.21814321026783956,0.07982861556476517,0.1360657487071049,0.07490935469941601,0.0017222115142211656,4.4455132522382605,0.7748379320712472,83.09325377275238,64.69754253092694,75.57922290147117,0.14194536013843467,2.376646935777916,1.4649531829182332,0.053909655841091114,1.4750717929645272,0.4338552751332436,20.0
98,4,0.07490935481775682,0.8249526340229014,0.04315436352028753,6.762217464989389,0.218143210269052,0.218143210269052,0.07982861697888345,0.13606574940528962,0.07490935481775682,0.0017222115146200965,4.4455132522382605,0.7748379320712472,83.09325377275238,64.69754253092694,75.57922290147117,0.14194536013843467,2.376646935777916,1.4649531829182332,0.053909655841091114,1.4750717929645272,0.4338552751332436,20.0
98,5,0.07490935481776018,0.8249526340219961,0.043154363520289465,6.762217464989389,0.218143210269052,0.218143210269052,0.0798286169789276,0.1360657494053103,0.07490935481776018,0.0017222115146201063,4.4455132522382605,0.7748379320712472,83.09325377275238,64.69754253092694,75.57922290147117,0.14194536013843467,2.376646935777916,1.4649531829182332,0.053909655841091114,1.4750717929645272,0.4338552751332436,20.0
98,6,0.07490935481776018,0.824952634021996,0.043154363520289465,6.762217464989389,0.218143210269052,0.218143210269052,0.0798286169789276,0.1360657494053103,0.07490935481776018,0.0017222115146201063,4.4455132522382605,0.7748379320712472,83.09325377275238,64.69754253092694,75.57922290147117,0.14194536013843467,2.376646935777916,1.4649531829182332,0.053909655841091114,1.4750717929645272,0.4338552751332436,20.0
98,7,0.07490935481776018,0.824952634021996,0.043154363520289465,6.762217464989389,0.218143210269052,0.218143210269052,0.0798286169789276,0.1360657494053103,0.07490935481776018,0.0017222115146201063,4.4455132522382605,0.7748379320712472,83.09325377275238,64.69754253092694,75.57922290147117,0.14194536013843467,2.376646935777916,1.4649531829182332,0.053909655841091114,1.4750717929645272,0.4338552751332436,20.0
98,8,0.07490935481776018,0.824952634021996,0.043154363520289465,6.762217464989389,0.218143210269052,0.218143210269052,0.0798286169789276,0.1360657494053103,0.07490935481776018,0.0017222115146201063,4.4455132522382605,0.7748379320712472,83.09325377275238,64.69754253092694,75.57922290147117,0.14194536013843467,2.376646935777916,1.4649531829182332,0.053909655841091114,1.4750717929645272,0.4338552751332436,20.0
98,9,0.07490935481776018,0.824952634021996,0.043154363520289465,6.762217464989389,0.218143210269052,0.218143210269052,0.0798286169789276,0.1360657494053103,0.07490935481776018,0.0017222115146201063,4.4455132522382605,0.7748379320712472,83.09325377275238,64.69754253092694,75.57922290147117,0.14194536013843467,2.376646935777916,1.4649531829182332,0.053909655841091114,1.4750717929645272,0.4338552751332436,20.0
98,10,0.07490935481776018,0.824952634021996,0.043154363520289465,6.762217464989389,0.218143210269052,0.218143210269052,0.0798286169789276,0.1360657494053103,0.07490935481776018,0.0017222115146201063,4.4455132522382605,0.7748379320712472,83.09325377275238,64.69754253092694,75.57922290147117,0.14194536013843467,2.376646935777916,1.4649531829182332,0.053909655841091114,1.4750717929645272,0.4338552751332436,20.0
99,1,0.025664636852697875,0.3023628044135085,0.014841121102442886,13.409435328373233,0.11222432260718533,0.11222432260718533,0.14845349178903877,0.18781265249996487,0.025664636852697875,0.003079666413193523,3.8624779267833405,0.3512965974190417,187.588054204668,197.7875068999387,87.32808495862493,0.06233735691789451,2.053025820831625,0.5479676077993094,0.0666646028824846,1.1071981934964112,0.47790748140883765,20.0
99,2,0.025694971735957417,0.269517459155301,0.01485865380156796,13.409435328373233,0.11222432261344091,0.11222432261344091,0.1492919406112271,0.18821403573034542,0.025694971735957417,0.003079666417515492,3.8624779267833405,0.3512965974190417,187.588054204668,197.7875068999387,87.32808495862493,0.06233735691789451,2.053025820831625,0.5479676077993094,0.0666646028824846,1.1071981934964112,0.47790748140883765,20.0
99,3,0.025694971735957445,0.26951745915409797,0.014858653801567978,13.409435328373233,0.11222432261344091,0.11222432261344091,0.14929194061122847,0.1882140357303459,0.025694971735957445,0.003079666417515492,3.8624779267833405,0.3512965974190417,187.588054204668,197.7875068999387,87.32808495862493,0.06233735691789451,2.053025820831625,0.5479676077993094,0.0666646028824846,1.1071981934964112,0.47790748140883765,20.0
99,4,0.025694971735957445,0.26951745915409797,0.014858653801567978,13.409435328373233,0.11222432261344091,0.11222432261344091,0.14929194061122847,0.1882140357303459,0.025694971735957445,0.003079666417515492,3.8624779267833405,0.3512965974190417,187.588054204668,197.7875068999387,87.32808495862493,0.06233735691789451,2.053025820831625,0.5479676077993094,0.0666646028824846,1.1071981934964112,0.47790748140883765,20.0
99,5,0.025694971735957445,0.26951745915409797,0.014858653801567978,13.409435328373233,0.11222432261344091,0.11222432261344091,0.14929194061122847,0.1882140357303459,0.025694971735957445,0.003079666417515492,3.8624779267833405,0.3512965974190417,187.588054204668,197.7875068999387,87.32808495862493,0.06233735691789451,2.053025820831625,0.5479676077993094,0.0666646028824846,1.1071981934964112,0.47790748140883765,20.0
99,6,0.025694971735957445,0.26951745915409797,0.014858653801567978,13.409435328373233,0.11222432261344091,0.11222432261344091,0.14929194061122847,0.1882140357303459,0.025694971735957445,0.003079666417515492,3.8624779267833405,0.3512965974190417,187.588054204668,197.7875068999387,87.32808495862493,0.06233735691789451,2.053025820831625,0.5479676077993094,0.0666646028824846,1.1071981934964112,0.47790748140883765,20.0
99,7,0.025694971735957445,0.26951745915409797,0.014858653801567978,13.409435328373233,0.11222432261344091,0.11222432261344091,0.14929194061122847,0.1882140357303459,0.025694971735957445,0.003079666417515492,3.8624779267833405,0.3512965974190417,187.588054204668,197.7875068999387,87.32808495862493,0.06233735691789451,2.053025820831625,0.5479676077993094,0.0666646028824846,1.1071981934964112,0.47790748140883765,20.0
99,8,0.025694971735957445,0.26951745915409797,0.014858653801567978,13.409435328373233,0.11222432261344091,0.11222432261344091,0.14929194061122847,0.1882140357303459,0.025694971735957445,0.003079666417515492,3.8624779267833405,0.3512965974190417,187.588054204668,197.7875068999387,87.32808495862493,0.06233735691789451,2.053025820831625,0.5479676077993094,0.0666646028824846,1.1071981934964112,0.47790748140883765,20.0
99,9,0.025694971735957445,0.26951745915409797,0.014858653801567978,13.409435328373233,0.11222432261344091,0.11222432261344091,0.14929194061122847,0.1882140357303459,0.025694971735957445,0.003079666417515492,3.8624779267833405,0.3512965974190417,187.588054204668,197.7875068999387,87.32808495862493,0.06233735691789451,2.053025820831625,0.5479676077993094,0.0666646028824846,1.1071981934964112,0.47790748140883765,20.0
99,10,0.025694971735957445,0.26951745915409797,0.014858653801567978,13.409435328373233,0.11222432261344091,0.11222432261344091,0.14929194061122847,0.1882140357303459,0.025694971735957445,0.003079666417515492,3.8624779267833405,0.3512965974190417,187.588054204668,197.7875068999387,87.32808495862493,0.06233735691789451,2.053025820831625,0.5479676077993094,0.0666646028824846,1.1071981934964112,0.47790748140883765,20.0
100,1,0.13710272330575982,0.9976451239139406,0.0669442108961453,7.210607810576792,0.04542413381274763,0.04542413381274763,0.003039000583213697,0.021325009449958132,0.13710272330575982,0.0012457049812995837,4.905844953645878,0.820004282427971,157.5025408078463,76.15920318861073,93.2618549732091,0.03697521949751685,3.7811998730885503,0.27462686574257383,0.09568328787042973,1.197180447240576,0.33883017643806435,20.0
100,2,0.152876281823998,0.9913773976482143,0.07464505858507418,7.210607810576792,0.0454354558835427,0.0454354558835427,0.0072911638108494724,0.03835273854972597,0.152876281823998,0.0012603440765098293,4.905844953645878,0.820004282427971,157.5025408078463,76.15920318861073,93.2618549732091,0.03697521949751685,3.7811998730885503,0.27462686574257383,0.09568328787042973,1.197180447240576,0.33883017643806435,20.0
100,3,0.15287633041144735,0.9913515336377171,0.07464508228610263,7.210607810576792,0.04543545588409585,0.04543545588409585,0.00729162625560295,0.0383530644695007,0.15287633041144735,0.001260344077594468,4.905844953645878,0.820004282427971,157.5025408078463,76.15920318861073,93.2618549732091,0.03697521949751685,3.7811998730885503,0.27462686574257383,0.09568328787042973,1.197180447240576,0.33883017643806435,20.0
100,4,0.15287633041144774,0.9913515336364438,0.07464508228610281,7.210607810576792,0.04543545588409585,0.04543545588409585,0.007291626255608835,0.03835306446950382,0.15287633041144774,0.001260344077594468,4.905844953645878,0.820004282427971,157.5025408078463,76.15920318861073,93.2618549732091,0.03697521949751685,3.7811998730885503,0.27462686574257383,0.09568328787042973,1.197180447240576,0.33883017643806435,20.0
100,5,0.15287633041144774,0.9913515336364438,0.07464508228610281,7.210607810576792,0.04543545588409585,0.04543545588409585,0.007291626255608835,0.03835306446950382,0.15287633041144774,0.001260344077594468,4.905844953645878,0.820004282427971,157.5025408078463,76.15920318861073,93.2618549732091,0.03697521949751685,3.7811998730885503,0.27462686574257383,0.09568328787042973,1.197180447240576,0.33883017643806435,20.0
100,6,0.15287633041144774,0.9913515336364438,0.07464508228610281,7.210607810576792,0.04543545588409585,0.04543545588409585,0.007291626255608835,0.03835306446950382,0.15287633041144774,0.001260344077594468,4.905844953645878,0.820004282427971,157.5025408078463,76.15920318861073,93.2618549732091,0.03697521949751685,3.7811998730885503,0.27462686574257383,0.09568328787042973,1.197180447240576,0.33883017643806435,20.0
100,7,0.15287633041144774,0.9913515336364438,0.07464508228610281,7.210607810576792,0.04543545588409585,0.04543545588409585,0.007291626255608835,0.03835306446950382,0.15287633041144774,0.001260344077594468,4.905844953645878,0.820004282427971,157.5025408078463,76.15920318861073,93.2618549732091,0.03697521949751685,3.7811998730885503,0.27462686574257383,0.09568328787042973,1.197180447240576,0.33883017643806435,20.0
100,8,0.15287633041144774,0.9913515336364438,0.07464508228610281,7.210607810576792,0.04543545588409585,0.04543545588409585,0.007291626255608835,0.03835306446950382,0.15287633041144774,0.001260344077594468,4.905844953645878,0.820004282427971,157.5025408078463,76.15920318861073,93.2618549732091,0.03697521949751685,3.7811998730885503,0.27462686574257383,0.09568328787042973,1.197180447240576,0.33883017643806435,20.0
100,9,0.15287633041144774,0.9913515336364438,0.07464508228610281,7.210607810576792,0.04543545588409585,0.04543545588409585,0.007291626255608835,0.03835306446950382,0.15287633041144774,0.001260344077594468,4.905844953645878,0.820004282427971,157.5025408078463,76.15920318861073,93.2618549732091,0.03697521949751685,3.7811998730885503,0.27462686574257383,0.09568328787042973,1.197180447240576,0.33883017643806435,20.0
100,10,0.15287633041144774,0.9913515336364438,0.07464508228610281,7.210607810576792,0.04543545588409585,0.04543545588409585,0.007291626255608835,0.03835306446950382,0.15287633041144774,0.001260344077594468,4.905844953645878,0.820004282427971,157.5025408078463,76.15920318861073,93.2618549732091,0.03697521949751685,3.7811998730885503,0.27462686574257383,0.09568328787042973,1.197180447240576,0.33883017643806435,20.0
101,1,0.039190192181228774,0.9999987751720012,0.028704645293751656,7.662699098272705,0.15950958639122512,0.15950958639122512,1.6225014309049078e-06,0.0006879780133016524,0.039190192181228774,2.2618497348722677e-05,3.4466424317339466,0.5671488739120519,50.51236369531306,123.91921104862894,69.27363589750436,0.12877631196708061,4.781441449940305,0.958288197734517,0.11528167093449426,1.3469232085968326,0.3487874863271564,20.0
101,2,0.054648531511375345,0.999912998601348,0.04002684091678558,7.662699098272705,0.1595154123390133,0.1595154123390133,3.2757289417310354e-05,0.0027826650103822508,0.054648531511375345,2.4975220884032972e-05,3.4466424317339466,0.5671488739120519,50.51236369531306,123.91921104862894,69.27363589750436,0.12877631196708061,4.781441449940305,0.958288197734517,0.11528167093449426,1.3469232085968326,0.3487874863271564,20.0
101,3,0.05464861250137946,0.9999061056859568,0.04002690017811514,7.662699098272705,0.15951541233911826,0.15951541233911826,3.354531147248163e-05,0.0027832566563031234,0.05464861250137946,2.4975220947458467e-05,3.4466424317339466,0.5671488739120519,50.51236369531306,123.91921104862894,69.27363589750436,0.12877631196708061,4.781441449940305,0.958288197734517,0.11528167093449426,1.3469232085968326,0.3487874863271564,20.0
101,4,0.054648612501380096,0.9999061056858097,0.04002690017811562,7.662699098272705,0.15951541233911826,0.15951541233911826,3.354531148422529e-05,0.002783256656309407,0.054648612501380096,2.4975220947458467e-05,3.4466424317339466,0.5671488739120519,50.51236369531306,123.91921104862894,69.27363589750436,0.12877631196708061,4.781441449940305,0.958288197734517,0.11528167093449426,1.3469232085968326,0.3487874863271564,20.0
101,5,0.054648612501380096,0.9999061056858097,0.04002690017811562,7.662699098272705,0.15951541233911826,0.15951541233911826,3.354531148422529e-05,0.002783256656309407,0.054648612501380096,2.4975220947458467e-05,3.4466424317339466,0.5671488739120519,50.51236369531306,123.91921104862894,69.27363589750436,0.12877631196708061,4.781441449940305,0.958288197734517,0.11528167093449426,1.3469232085968326,0.3487874863271564,20.0
101,6,0.054648612501380096,0.9999061056858097,0.04002690017811562,7.662699098272705,0.15951541233911826,0.15951541233911826,3.354531148422529e-05,0.002783256656309407,0.054648612501380096,2.4975220947458467e-05,3.4466424317339466,0.5671488739120519,50.51236369531306,123.91921104862894,69.27363589750436,0.12877631196708061,4.781441449940305,0.958288197734517,0.11528167093449426,1.3469232085968326,0.3487874863271564,20.0
101,7,0.054648612501380096,0.9999061056858097,0.04002690017811562,7.662699098272705,0.15951541233911826,0.15951541233911826,3.354531148422529e-05,0.002783256656309407,0.054648612501380096,2.4975220947458467e-05,3.4466424317339466,0.5671488739120519,50.51236369531306,123.91921104862894,69.27363589750436,0.12877631196708061,4.781441449940305,0.958288197734517,0.11528167093449426,1.3469232085968326,0.3487874863271564,20.0
101,8,0.054648612501380096,0.9999061056858097,0.04002690017811562,7.662699098272705,0.15951541233911826,0.15951541233911826,3.354531148422529e-05,0.002783256656309407,0.054648612501380096,2.4975220947458467e-05,3.4466424317339466,0.5671488739120519,50.51236369531306,123.91921104862894,69.27363589750436,0.12877631196708061,4.781441449940305,0.958288197734517,0.11528167093449426,1.3469232085968326,0.3487874863271564,20.0
101,9,0.054648612501380096,0.9999061056858097,0.04002690017811562,7.662699098272705,0.15951541233911826,0.15951541233911826,3.354531148422529e-05,0.002783256656309407,0.054648612501380096,2.4975220947458467e-05,3.4466424317339466,0.5671488739120519,50.51236369531306,123.91921104862894,69.27363589750436,0.12877631196708061,4.781441449940305,0.958288197734517,0.11528167093449426,1.3469232085968326,0.3487874863271564,20.0
101,10,0.054648612501380096,0.9999061056858097,0.04002690017811562,7.662699098272705,0.15951541233911826,0.15951541233911826,3.354531148422529e-05,0.002783256656309407,0.054648612501380096,2.4975220947458467e-05,3.4466424317339466,0.5671488739120519,50.51236369531306,123.91921104862894,69.27363589750436,0.12877631196708061,4.781441449940305,0.958288197734517,0.11528167093449426,1.3469232085968326,0.3487874863271564,20.0
102,1,0.03776493656512682,0.8821146762534463,0.025137935433712122,51.409991288636434,0.2439317410733981,0.2439317410733981,0.06976923856009665,0.1790991124149901,0.03776493656512682,4.2199187793905427e-05,7.968119399798641,0.1606580691271105,78.8094843093439,165.45937491553568,31.727877329346413,0.08119384208544916,2.4142321429215228,0.6232877711727342,0.1287323948540369,0.7369472798479659,0.43224525646439016,20.0
102,2,0.039154175965417405,0.7251326495381517,0.026061601686893435,51.409991288636434,0.2439317410739253,0.2439317410739253,0.11867002457614888,0.19824893775320615,0.039154175965417405,4.2199188003604763e-05,7.968119399798641,0.1606580691271105,78.8094843093439,165.45937491553568,31.727877329346413,0.08119384208544916,2.4142321429215228,0.6232877711727342,0.1287323948540369,0.7369472798479659,0.43224525646439016,20.0
102,3,0.03915417596541747,0.7251326495377542,0.026061601686893487,51.409991288636434,0.2439317410739253,0.2439317410739253,0.1186700245761565,0.19824893775320745,0.03915417596541747,4.2199188003604763e-05,7.968119399798641,0.1606580691271105,78.8094843093439,165.45937491553568,31.727877329346413,0.08119384208544916,2.4142321429215228,0.6232877711727342,0.1287323948540369,0.7369472798479659,0.43224525646439016,20.0
102,4,0.03915417596541747,0.7251326495377542,0.026061601686893487,51.409991288636434,0.2439317410739253,0.2439317410739253,0.1186700245761565,0.19824893775320745,0.03915417596541747,4.2199188003604763e-05,7.968119399798641,0.1606580691271105,78.8094843093439,165.45937491553568,31.727877329346413,0.08119384208544916,2.4142321429215228,0.6232877711727342,0.1287323948540369,0.7369472798479659,0.43224525646439016,20.0
102,5,0.03915417596541747,0.7251326495377542,0.026061601686893487,51.409991288636434,0.2439317410739253,0.2439317410739253,0.1186700245761565,0.19824893775320745,0.03915417596541747,4.2199188003604763e-05,7.968119399798641,0.1606580691271105,78.8094843093439,165.45937491553568,31.727877329346413,0.08119384208544916,2.4142321429215228,0.6232877711727342,0.1287323948540369,0.7369472798479659,0.43224525646439016,20.0
102,6,0.03915417596541747,0.7251326495377542,0.026061601686893487,51.409991288636434,0.2439317410739253,0.2439317410739253,0.1186700245761565,0.19824893775320745,0.03915417596541747,4.2199188003604763e-05,7.968119399798641,0.1606580691271105,78.8094843093439,165.45937491553568,31.727877329346413,0.08119384208544916,2.4142321429215228,0.6232877711727342,0.1287323948540369,0.7369472798479659,0.43224525646439016,20.0
102,7,0.03915417596541747,0.7251326495377542,0.026061601686893487,51.409991288636434,0.2439317410739253,0.2439317410739253,0.1186700245761565,0.19824893775320745,0.03915417596541747,4.2199188003604763e-05,7.968119399798641,0.1606580691271105,78.8094843093439,165.45937491553568,31.727877329346413,0.08119384208544916,2.4142321429215228,0.6232877711727342,0.1287323948540369,0.7369472798479659,0.43224525646439016,20.0
102,8,0.03915417596541747,0.7251326495377542,0.026061601686893487,51.409991288636434,0.2439317410739253,0.2439317410739253,0.1186700245761565,0.19824893775320745,0.03915417596541747,4.2199188003604763e-05,7.968119399798641,0.1606580691271105,78.8094843093439,165.45937491553568,31.727877329346413,0.08119384208544916,2.4142321429215228,0.6232877711727342,0.1287323948540369,0.7369472798479659,0.43224525646439016,20.0
102,9,0.03915417596541747,0.7251326495377542,0.026061601686893487,51.409991288636434,0.2439317410739253,0.2439317410739253,0.1186700245761565,0.19824893775320745,0.03915417596541747,4.2199188003604763e-05,7.968119399798641,0.1606580691271105,78.8094843093439,165.45937491553568,31.727877329346413,0.08119384208544916,2.4142321429215228,0.6232877711727342,0.1287323948540369,0.7369472798479659,0.43224525646439016,20.0
102,10,0.03915417596541747,0.7251326495377542,0.026061601686893487,51.409991288636434,0.2439317410739253,0.2439317410739253,0.1186700245761565,0.19824893775320745,0.03915417596541747,4.2199188003604763e-05,7.968119399798641,0.1606580691271105,78.8094843093439,165.45937491553568,31.727877329346413,0.08119384208544916,2.4142321429215228,0.6232877711727342,0.1287323948540369,0.7369472798479659,0.43224525646439016,20.0
103,1,0.18235100199437976,0.9904113502176621,0.06999440300118785,10.125000174499277,0.24605642935605765,0.24605642935605765,0.008874009627009911,0.05453931928370342,0.18235100199437976,0.012698081872081055,6.375523753739415,0.7006393459864159,193.92429109502214,71.77613222081224,61.53177794044137,0.034213460703960336,3.3404744406703477,1.0875929559695259,0.032893718442170684,0.6728302864835525,0.41954387448123365,20.0
103,2,0.20687320146289742,0.9141422483139043,0.07940510800917723,10.125000174499277,0.2517131368860616,0.2517131368860616,0.02803336551192799,0.09473101934212409,0.20687320146289742,0.01362872986737365,6.375523753739415,0.7006393459864159,193.92429109502214,71.77613222081224,61.53177794044137,0.034213460703960336,3.3404744406703477,1.0875929559695259,0.032893718442170684,0.6728302864835525,0.41954387448123365,20.0
103,3,0.2070427887170508,0.9108796496885403,0.07947017843531613,10.125000174499277,0.25173370193080025,0.25173370193080025,0.028393677660846845,0.09516750527050645,0.2070427887170508,0.013634085364939074,6.375523753739415,0.7006393459864159,193.92429109502214,71.77613222081224,61.53177794044137,0.034213460703960336,3.3404744406703477,1.0875929559695259,0.032893718442170684,0.6728302864835525,0.41954387448123365,20.0
103,4,0.20704307904772976,0.910865988953721,0.07947028982748289,10.125000174499277,0.25173372911429426,0.25173372911429426,0.028394514717454883,0.09516835822272238,0.20704307904772976,0.01363409415590838,6.375523753739415,0.7006393459864159,193.92429109502214,71.77613222081224,61.53177794044137,0.034213460703960336,3.3404744406703477,1.0875929559695259,0.032893718442170684,0.6728302864835525,0.41954387448123365,20.0
103,5,0.20704307928322235,0.9108659700439662,0.07947028991783162,10.125000174499277,0.25173372913337944,0.25173372913337944,0.02839451551840298,0.09516835896449867,0.20704307928322235,0.013634094162923676,6.375523753739415,0.7006393459864159,193.92429109502214,71.77613222081224,61.53177794044137,0.034213460703960336,3.3404744406703477,1.0875929559695259,0.032893718442170684,0.6728302864835525,0.41954387448123365,20.0
103,6,0.20704307928333943,0.9108659700304146,0.07947028991787652,10.125000174499277,0.251733729133388,0.251733729133388,0.028394515518845836,0.09516835896488399,0.20704307928333943,0.01363409416292712,6.375523753739415,0.7006393459864159,193.92429109502214,71.77613222081224,61.53177794044137,0.034213460703960336,3.3404744406703477,1.0875929559695259,0.032893718442170684,0.6728302864835525,0.41954387448123365,20.0
103,7,0.20704307928333945,0.9108659700304084,0.07947028991787655,10.125000174499277,0.251733729133388,0.251733729133388,0.028394515518846,0.09516835896488414,0.20704307928333945,0.013634094162927124,6.375523753739415,0.7006393459864159,193.92429109502214,71.77613222081224,61.53177794044137,0.034213460703960336,3.3404744406703477,1.0875929559695259,0.032893718442170684,0.6728302864835525,0.41954387448123365,20.0
103,8,0.20704307928333945,0.9108659700304084,0.07947028991787655,10.125000174499277,0.251733729133388,0.251733729133388,0.028394515518846,0.09516835896488414,0.20704307928333945,0.013634094162927124,6.375523753739415,0.7006393459864159,193.92429109502214,71.77613222081224,61.53177794044137,0.034213460703960336,3.3404744406703477,1.0875929559695259,0.032893718442170684,0.6728302864835525,0.41954387448123365,20.0
103,9,0.20704307928333945,0.9108659700304084,0.07947028991787655,10.125000174499277,0.251733729133388,0.251733729133388,0.028394515518846,0.09516835896488414,0.20704307928333945,0.013634094162927124,6.375523753739415,0.7006393459864159,193.92429109502214,71.77613222081224,61.53177794044137,0.034213460703960336,3.3404744406703477,1.0875929559695259,0.032893718442170684,0.6728302864835525,0.41954387448123365,20.0
103,10,0.20704307928333945,0.9108659700304084,0.07947028991787655,10.125000174499277,0.251733729133388,0.251733729133388,0.028394515518846,0.09516835896488414,0.20704307928333945,0.013634094162927124,6.375523753739415,0.7006393459864159,193.92429109502214,71.77613222081224,61.53177794044137,0.034213460703960336,3.3404744406703477,1.0875929559695259,0.032893718442170684,0.6728302864835525,0.41954387448123365,20.0
104,1,0.038573946500156664,0.9999999997745487,0.02606723849392546,6.806399730297679,0.29830326906585924,0.29830326906585924,1.3795689656536052e-12,2.2856716469365696e-07,0.038573946500156664,0.005078695395476253,5.791500560884026,0.9561912626255593,35.38213259620762,34.329328976398706,81.25264518870425,0.11454536479663227,4.882523693707281,1.476931723724254,0.11152090157309139,0.9954719277419403,0.3934408757661685,20.0
104,2,0.06660662944954464,0.9790146199484275,0.045011705112737645,6.806399730297679,0.3122823513591339,0.3122823513591339,0.00427358671786718,0.005827957110131243,0.06660662944954464,0.006574676474860442,5.791500560884026,0.9561912626255593,35.38213259620762,34.329328976398706,81.25264518870425,0.11454536479663227,4.882523693707281,1.476931723724254,0.11152090157309139,0.9954719277419403,0.3934408757661685,20.0
104,3,0.06740100116301798,0.9735601278544301,0.04554836111711413,6.806399730297679,0.3122930160893497,0.3122930160893497,0.005425666215043554,0.007269071080519198,0.06740100116301798,0.00657687557192562,5.791500560884026,0.9561912626255593,35.38213259620762,34.329328976398706,81.25264518870425,0.11454536479663227,4.882523693707281,1.476931723724254,0.11152090157309139,0.9954719277419403,0.3934408757661685,20.0
104,4,0.06740136497360559,0.9735530973962996,0.04554860682117462,6.806399730297679,0.3122930171107751,0.3122930171107751,0.005426896407417787,0.007270201664370976,0.06740136497360559,0.006576875854425895,5.791500560884026,0.9561912626255593,35.38213259620762,34.329328976398706,81.25264518870425,0.11454536479663227,4.882523693707281,1.476931723724254,0.11152090157309139,0.9954719277419403,0.3934408757661685,20.0
104,5,0.06740136499810911,0.9735530965678111,0.045548606837719975,6.806399730297679,0.3122930171108032,0.3122930171108032,0.005426896535220449,0.007270201761422301,0.06740136499810911,0.00657687585443517,5.791500560884026,0.9561912626255593,35.38213259620762,34.329328976398706,81.25264518870425,0.11454536479663227,4.882523693707281,1.476931723724254,0.11152090157309139,0.9954719277419403,0.3934408757661685,20.0
104,6,0.06740136499810963,0.9735530965677855,0.045548606837720315,6.806399730297679,0.3122930171108032,0.3122930171108032,0.005426896535224031,0.007270201761424672,0.06740136499810963,0.00657687585443517,5.791500560884026,0.9561912626255593,35.38213259620762,34.329328976398706,81.25264518870425,0.11454536479663227,4.882523693707281,1.476931723724254,0.11152090157309139,0.9954719277419403,0.3934408757661685,20.0
104,7,0.06740136499810963,0.9735530965677855,0.045548606837720315,6.806399730297679,0.3122930171108032,0.3122930171108032,0.005426896535224031,0.007270201761424672,0.06740136499810963,0.00657687585443517,5.791500560884026,0.9561912626255593,35.38213259620762,34.329328976398706,81.25264518870425,0.11454536479663227,4.882523693707281,1.476931723724254,0.11152090157309139,0.9954719277419403,0.3934408757661685,20.0
104,8,0.06740136499810963,0.9735530965677855,0.045548606837720315,6.806399730297679,0.3122930171108032,0.3122930171108032,0.005426896535224031,0.007270201761424672,0.06740136499810963,0.00657687585443517,5.791500560884026,0.9561912626255593,35.38213259620762,34.329328976398706,81.25264518870425,0.11454536479663227,4.882523693707281,1.476931723724254,0.11152090157309139,0.9954719277419403,0.3934408757661685,20.0
104,9,0.06740136499810963,0.9735530965677855,0.045548606837720315,6.806399730297679,0.3122930171108032,0.3122930171108032,0.005426896535224031,0.007270201761424672,0.06740136499810963,0.00657687585443517,5.791500560884026,0.9561912626255593,35.38213259620762,34.329328976398706,81.25264518870425,0.11454536479663227,4.882523693707281,1.476931723724254,0.11152090157309139,0.9954719277419403,0.3934408757661685,20.0
104,10,0.06740136499810963,0.9735530965677855,0.045548606837720315,6.806399730297679,0.3122930171108032,0.3122930171108032,0.005426896535224031,0.007270201761424672,0.06740136499810963,0.00657687585443517,5.791500560884026,0.9561912626255593,35.38213259620762,34.329328976398706,81.25264518870425,0.11454536479663227,4.882523693707281,1.476931723724254,0.11152090157309139,0.9954719277419403,0.3934408757661685,20.0
105,1,0.04381422367159961,0.39357250957506584,0.02012758857313662,15.638671991558994,0.4078996565245931,0.4078996565245931,0.13859138868593338,0.15714185720430549,0.04381422367159961,0.010740503713127679,5.935688197747624,0.4002002870496592,104.38494244820019,55.43632822673452,50.50295111059086,0.13459603117034294,5.384342899602098,0.3369496552788285,0.09512163928544244,0.5386299797435097,0.3526790660737762,20.0
105,2,0.04425097211366642,0.3211001320144188,0.02032810111693357,15.638671991558994,0.4078999593433942,0.4078999593433942,0.14548600300270104,0.15982604647077375,0.04425097211366642,0.010740591797958323,5.935688197747624,0.4002002870496592,104.38494244820019,55.43632822673452,50.50295111059086,0.13459603117034294,5.384342899602098,0.3369496552788285,0.09512163928544244,0.5386299797435097,0.3526790660737762,20.0
105,3,0.044250972128976135,0.32110008681572133,0.020328101123960055,15.638671991558994,0.4078999593434002,0.4078999593434002,0.1454860034209176,0.15982604658518582,0.044250972128976135,0.010740591797960402,5.935688197747624,0.4002002870496592,104.38494244820019,55.43632822673452,50.50295111059086,0.13459603117034294,5.384342899602098,0.3369496552788285,0.09512163928544244,0.5386299797435097,0.3526790660737762,20.0
105,4,0.044250972128976135,0.32110008681572044,0.020328101123960055,15.638671991558994,0.4078999593434002,0.4078999593434002,0.1454860034209176,0.15982604658518582,0.044250972128976135,0.010740591797960402,5.935688197747624,0.4002002870496592,104.38494244820019,55.43632822673452,50.50295111059086,0.13459603117034294,5.384342899602098,0.3369496552788285,0.09512163928544244,0.5386299797435097,0.3526790660737762,20.0
105,5,0.044250972128976135,0.32110008681572044,0.020328101123960055,15.638671991558994,0.4078999593434002,0.4078999593434002,0.1454860034209176,0.15982604658518582,0.044250972128976135,0.010740591797960402,5.935688197747624,0.4002002870496592,104.38494244820019,55.43632822673452,50.50295111059086,0.13459603117034294,5.384342899602098,0.3369496552788285,0.09512163928544244,0.5386299797435097,0.3526790660737762,20.0
105,6,0.044250972128976135,0.32110008681572044,0.020328101123960055,15.638671991558994,0.4078999593434002,0.4078999593434002,0.1454860034209176,0.15982604658518582,0.044250972128976135,0.010740591797960402,5.935688197747624,0.4002002870496592,104.38494244820019,55.43632822673452,50.50295111059086,0.13459603117034294,5.384342899602098,0.3369496552788285,0.09512163928544244,0.5386299797435097,0.3526790660737762,20.0
105,7,0.044250972128976135,0.32110008681572044,0.020328101123960055,15.638671991558994,0.4078999593434002,0.4078999593434002,0.1454860034209176,0.15982604658518582,0.044250972128976135,0.010740591797960402,5.935688197747624,0.4002002870496592,104.38494244820019,55.43632822673452,50.50295111059086,0.13459603117034294,5.384342899602098,0.3369496552788285,0.09512163928544244,0.5386299797435097,0.3526790660737762,20.0
105,8,0.044250972128976135,0.32110008681572044,0.020328101123960055,15.638671991558994,0.4078999593434002,0.4078999593434002,0.1454860034209176,0.15982604658518582,0.044250972128976135,0.010740591797960402,5.935688197747624,0.4002002870496592,104.38494244820019,55.43632822673452,50.50295111059086,0.13459603117034294,5.384342899602098,0.3369496552788285,0.09512163928544244,0.5386299797435097,0.3526790660737762,20.0
105,9,0.044250972128976135,0.32110008681572044,0.020328101123960055,15.638671991558994,0.4078999593434002,0.4078999593434002,0.1454860034209176,0.15982604658518582,0.044250972128976135,0.010740591797960402,5.935688197747624,0.4002002870496592,104.38494244820019,55.43632822673452,50.50295111059086,0.13459603117034294,5.384342899602098,0.3369496552788285,0.09512163928544244,0.5386299797435097,0.3526790660737762,20.0
105,10,0.044250972128976135,0.32110008681572044,0.020328101123960055,15.638671991558994,0.4078999593434002,0.4078999593434002,0.1454860034209176,0.15982604658518582,0.044250972128976135,0.010740591797960402,5.935688197747624,0.4002002870496592,104.38494244820019,55.43632822673452,50.50295111059086,0.13459603117034294,5.384342899602098,0.3369496552788285,0.09512163928544244,0.5386299797435097,0.3526790660737762,20.0
106,1,0.1133781528479857,0.9999999999038459,0.06165875696127396,13.227375489561942,0.04664001874528571,0.04664001874528571,1.7112138432908468e-10,2.759467739341988e-08,0.1133781528479857,0.00024248629351930384,5.39305719106464,0.48564421299806165,184.7884396910838,180.33002223158093,63.82402885889933,0.03435746743733355,3.904284035945068,0.643128135872031,0.11714953920132695,1.5428908219341322,0.4074674281923811,20.0
106,2,0.1256751066723144,0.999293896655174,0.06834624950517759,13.227375489561942,0.046643630294686725,0.046643630294686725,4.209823301975769e-05,4.946070369388993e-05,0.1256751066723144,0.00024511637662357746,5.39305719106464,0.48564421299806165,184.7884396910838,180.33002223158093,63.82402885889933,0.03435746743733355,3.904284035945068,0.643128135872031,0.11714953920132695,1.5428908219341322,0.4074674281923811,20.0
106,3,0.12567516167117976,0.9992873301547018,0.06834627939738595,13.227375489561942,0.046643630294688744,0.046643630294688744,4.238836053898303e-05,4.977005502548632e-05,0.12567516167117976,0.00024511637662596195,5.39305719106464,0.48564421299806165,184.7884396910838,180.33002223158093,63.82402885889933,0.03435746743733355,3.904284035945068,0.643128135872031,0.11714953920132695,1.5428908219341322,0.4074674281923811,20.0
106,4,0.12567516167117976,0.9992873301546978,0.06834627939738595,13.227375489561942,0.046643630294688744,0.046643630294688744,4.238836053904687e-05,4.977005502553911e-05,0.12567516167117976,0.00024511637662596195,5.39305719106464,0.48564421299806165,184.7884396910838,180.33002223158093,63.82402885889933,0.03435746743733355,3.904284035945068,0.643128135872031,0.11714953920132695,1.5428908219341322,0.4074674281923811,20.0
106,5,0.12567516167117976,0.9992873301546978,0.06834627939738595,13.227375489561942,0.046643630294688744,0.046643630294688744,4.238836053904687e-05,4.977005502553911e-05,0.12567516167117976,0.00024511637662596195,5.39305719106464,0.48564421299806165,184.7884396910838,180.33002223158093,63.82402885889933,0.03435746743733355,3.904284035945068,0.643128135872031,0.11714953920132695,1.5428908219341322,0.4074674281923811,20.0
106,6,0.12567516167117976,0.9992873301546978,0.06834627939738595,13.227375489561942,0.046643630294688744,0.046643630294688744,4.238836053904687e-05,4.977005502553911e-05,0.12567516167117976,0.00024511637662596195,5.39305719106464,0.48564421299806165,184.7884396910838,180.33002223158093,63.82402885889933,0.03435746743733355,3.904284035945068,0.643128135872031,0.11714953920132695,1.5428908219341322,0.4074674281923811,20.0
106,7,0.12567516167117976,0.9992873301546978,0.06834627939738595,13.227375489561942,0.046643630294688744,0.046643630294688744,4.238836053904687e-05,4.977005502553911e-05,0.12567516167117976,0.00024511637662596195,5.39305719106464,0.48564421299806165,184.7884396910838,180.33002223158093,63.82402885889933,0.03435746743733355,3.904284035945068,0.643128135872031,0.11714953920132695,1.5428908219341322,0.4074674281923811,20.0
106,8,0.12567516167117976,0.9992873301546978,0.06834627939738595,13.227375489561942,0.046643630294688744,0.046643630294688744,4.238836053904687e-05,4.977005502553911e-05,0.12567516167117976,0.00024511637662596195,5.39305719106464,0.48564421299806165,184.7884396910838,180.33002223158093,63.82402885889933,0.03435746743733355,3.904284035945068,0.643128135872031,0.11714953920132695,1.5428908219341322,0.4074674281923811,20.0
106,9,0.12567516167117976,0.9992873301546978,0.06834627939738595,13.227375489561942,0.046643630294688744,0.046643630294688744,4.238836053904687e-05,4.977005502553911e-05,0.12567516167117976,0.00024511637662596195,5.39305719106464,0.48564421299806165,184.7884396910838,180.33002223158093,63.82402885889933,0.03435746743733355,3.904284035945068,0.643128135872031,0.11714953920132695,1.5428908219341322,0.4074674281923811,20.0
106,10,0.12567516167117976,0.9992873301546978,0.06834627939738595,13.227375489561942,0.046643630294688744,0.046643630294688744,4.238836053904687e-05,4.977005502553911e-05,0.12567516167117976,0.00024511637662596195,5.39305719106464,0.48564421299806165,184.7884396910838,180.33002223158093,63.82402885889933,0.03435746743733355,3.904284035945068,0.643128135872031,0.11714953920132695,1.5428908219341322,0.4074674281923811,20.0
107,1,0.016953186873549308,0.9999999997460475,0.013866885425441924,10.627162351088543,0.06739677475774142,0.06739677475774142,4.471775058340043e-32,3.067012636789518e-22,0.016953186873549308,0.0028276210614556156,7.162034553245981,0.8424825711808474,31.65865185188931,192.90224884189615,39.406555915772856,0.05142510280156523,4.905816468886631,0.7023093579191362,0.12472572000891058,1.7713719011838118,0.3682984077207655,20.0
107,2,0.030801645227221394,0.9881374782271325,0.025194423832317136,10.627162351088543,0.07345298657757722,0.07345298657757722,0.002608869671749014,0.004093174554344035,0.030801645227221394,0.0042071110861528725,7.162034553245981,0.8424825711808474,31.65865185188931,192.90224884189615,39.406555915772856,0.05142510280156523,4.905816468886631,0.7023093579191362,0.12472572000891058,1.7713719011838118,0.3682984077207655,20.0
107,3,0.03187085300323865,0.9830819758227249,0.026068905155856654,10.627162351088543,0.07345325291746221,0.07345325291746221,0.0038575965292176988,0.00600806413043493,0.03187085300323865,0.004207258022875243,7.162034553245981,0.8424825711808474,31.65865185188931,192.90224884189615,39.406555915772856,0.05142510280156523,4.905816468886631,0.7023093579191362,0.12472572000891058,1.7713719011838118,0.3682984077207655,20.0
107,4,0.03187088523207236,0.9830814717366886,0.026068931508263893,10.627162351088543,0.07345325291763202,0.07345325291763202,0.003857704149274093,0.006008192590209285,0.03187088523207236,0.004207258023004464,7.162034553245981,0.8424825711808474,31.65865185188931,192.90224884189615,39.406555915772856,0.05142510280156523,4.905816468886631,0.7023093579191362,0.12472572000891058,1.7713719011838118,0.3682984077207655,20.0
107,5,0.03187088523208855,0.9830814717362654,0.026068931508277132,10.627162351088543,0.07345325291763202,0.07345325291763202,0.003857704149357476,0.00600819259029559,0.03187088523208855,0.004207258023004464,7.162034553245981,0.8424825711808474,31.65865185188931,192.90224884189615,39.406555915772856,0.05142510280156523,4.905816468886631,0.7023093579191362,0.12472572000891058,1.7713719011838118,0.3682984077207655,20.0
107,6,0.03187088523208855,0.9830814717362654,0.026068931508277132,10.627162351088543,0.07345325291763202,0.07345325291763202,0.003857704149357476,0.00600819259029559,0.03187088523208855,0.004207258023004464,7.162034553245981,0.8424825711808474,31.65865185188931,192.90224884189615,39.406555915772856,0.05142510280156523,4.905816468886631,0.7023093579191362,0.12472572000891058,1.7713719011838118,0.3682984077207655,20.0
107,7,0.03187088523208855,0.9830814717362654,0.026068931508277132,10.627162351088543,0.07345325291763202,0.07345325291763202,0.003857704149357476,0.00600819259029559,0.03187088523208855,0.004207258023004464,7.162034553245981,0.8424825711808474,31.65865185188931,192.90224884189615,39.406555915772856,0.05142510280156523,4.905816468886631,0.7023093579191362,0.12472572000891058,1.7713719011838118,0.3682984077207655,20.0
107,8,0.03187088523208855,0.9830814717362654,0.026068931508277132,10.627162351088543,0.07345325291763202,0.07345325291763202,0.003857704149357476,0.00600819259029559,0.03187088523208855,0.004207258023004464,7.162034553245981,0.8424825711808474,31.65865185188931,192.90224884189615,39.406555915772856,0.05142510280156523,4.905816468886631,0.7023093579191362,0.12472572000891058,1.7713719011838118,0.3682984077207655,20.0
107,9,0.03187088523208855,0.9830814717362654,0.026068931508277132,10.627162351088543,0.07345325291763202,0.07345325291763202,0.003857704149357476,0.00600819259029559,0.03187088523208855,0.004207258023004464,7.162034553245981,0.8424825711808474,31.65865185188931,192.90224884189615,39.406555915772856,0.05142510280156523,4.905816468886631,0.7023093579191362,0.12472572000891058,1.7713719011838118,0.3682984077207655,20.0
107,10,0.03187088523208855,0.9830814717362654,0.026068931508277132,10.627162351088543,0.07345325291763202,0.07345325291763202,0.003857704149357476,0.00600819259029559,0.03187088523208855,0.004207258023004464,7.162034553245981,0.8424825711808474,31.65865185188931,192.90224884189615,39.406555915772856,0.05142510280156523,4.905816468886631,0.7023093579191362,0.12472572000891058,1.7713719011838118,0.3682984077207655,20.0
108,1,0.038913692283333946,0.43783990251455523,0.021901683464749234,35.5140969997409,0.16859394601745784,0.16859394601745784,0.13293464071741332,0.14900907564389948,0.038913692283333946,0.012145062936144048,3.834545089052142,0.1149129266393496,161.2674327883797,195.3836970067582,38.22478528309267,0.07568558470600395,2.689542433836735,0.8317226820840349,0.03455878101263798,0.7038901926432064,0.3789452233186234,20.0
108,2,0.039666771268158145,0.3931043513979133,0.022325463935177158,35.5140969997409,0.16859771806564244,0.16859771806564244,0.1386251490645236,0.1531022759517449,0.039666771268158145,0.012145942079033922,3.834545089052142,0.1149129266393496,161.2674327883797,195.3836970067582,38.22478528309267,0.07568558470600395,2.689542433836735,0.8317226820840349,0.03455878101263798,0.7038901926432064,0.3789452233186234,20.0
108,3,0.0396667755107817,0.3931034998615839,0.022325466322427243,35.5140969997409,0.16859771808363047,0.16859771808363047,0.13862519026008913,0.15310230237467543,0.0396667755107817,0.012145942084075734,3.834545089052142,0.1149129266393496,161.2674327883797,195.3836970067582,38.22478528309267,0.07568558470600395,2.689542433836735,0.8317226820840349,0.03455878101263798,0.7038901926432064,0.3789452233186234,20.0
108,4,0.03966677551079491,0.39310349985748255,0.02232546632243467,35.5140969997409,0.1685977180836305,0.1685977180836305,0.13862519026023082,0.15310230237476224,0.03966677551079491,0.012145942084075753,3.834545089052142,0.1149129266393496,161.2674327883797,195.3836970067582,38.22478528309267,0.07568558470600395,2.689542433836735,0.8317226820840349,0.03455878101263798,0.7038901926432064,0.3789452233186234,20.0
108,5,0.03966677551079491,0.39310349985748255,0.02232546632243467,35.5140969997409,0.1685977180836305,0.1685977180836305,0.13862519026023082,0.15310230237476224,0.03966677551079491,0.012145942084075753,3.834545089052142,0.1149129266393496,161.2674327883797,195.3836970067582,38.22478528309267,0.07568558470600395,2.689542433836735,0.8317226820840349,0.03455878101263798,0.7038901926432064,0.3789452233186234,20.0
108,6,0.03966677551079491,0.39310349985748255,0.02232546632243467,35.5140969997409,0.1685977180836305,0.1685977180836305,0.13862519026023082,0.15310230237476224,0.03966677551079491,0.012145942084075753,3.834545089052142,0.1149129266393496,161.2674327883797,195.3836970067582,38.22478528309267,0.07568558470600395,2.689542433836735,0.8317226820840349,0.03455878101263798,0.7038901926432064,0.3789452233186234,20.0
108,7,0.03966677551079491,0.39310349985748255,0.02232546632243467,35.5140969997409,0.1685977180836305,0.1685977180836305,0.13862519026023082,0.15310230237476224,0.03966677551079491,0.012145942084075753,3.834545089052142,0.1149129266393496,161.2674327883797,195.3836970067582,38.22478528309267,0.07568558470600395,2.689542433836735,0.8317226820840349,0.03455878101263798,0.7038901926432064,0.3789452233186234,20.0
108,8,0.03966677551079491,0.39310349985748255,0.02232546632243467,35.5140969997409,0.1685977180836305,0.1685977180836305,0.13862519026023082,0.15310230237476224,0.03966677551079491,0.012145942084075753,3.834545089052142,0.1149129266393496,161.2674327883797,195.3836970067582,38.22478528309267,0.07568558470600395,2.689542433836735,0.8317226820840349,0.03455878101263798,0.7038901926432064,0.3789452233186234,20.0
108,9,0.03966677551079491,0.39310349985748255,0.02232546632243467,35.5140969997409,0.1685977180836305,0.1685977180836305,0.13862519026023082,0.15310230237476224,0.03966677551079491,0.012145942084075753,3.834545089052142,0.1149129266393496,161.2674327883797,195.3836970067582,38.22478528309267,0.07568558470600395,2.689542433836735,0.8317226820840349,0.03455878101263798,0.7038901926432064,0.3789452233186234,20.0
108,10,0.03966677551079491,0.39310349985748255,0.02232546632243467,35.5140969997409,0.1685977180836305,0.1685977180836305,0.13862519026023082,0.15310230237476224,0.03966677551079491,0.012145942084075753,3.834545089052142,0.1149129266393496,161.2674327883797,195.3836970067582,38.22478528309267,0.07568558470600395,2.689542433836735,0.8317226820840349,0.03455878101263798,0.7038901926432064,0.3789452233186234,20.0
109,1,0.14779613174206543,0.9999999970187418,0.062587386355145,63.6597119790734,0.05362920984974778,0.05362920984974778,4.452783076243649e-09,2.176928439796475e-06,0.14779613174206543,0.005296978165954259,5.967747248939786,0.09465143741030722,85.43543008045978,44.44851190391191,33.10005639579265,0.05080958038499095,3.0371360550638014,0.4551156330834123,0.07171238318035957,1.9084323299618497,0.325135821856364,20.0
109,2,0.19226888097867484,0.9746475528241068,0.0814205830904376,63.6597119790734,0.056358491376585274,0.056358491376585274,0.0038433362159024545,0.005983902965855668,0.19226888097867484,0.006298767926009308,5.967747248939786,0.09465143741030722,85.43543008045978,44.44851190391191,33.10005639579265,0.05080958038499095,3.0371360550638014,0.4551156330834123,0.07171238318035957,1.9084323299618497,0.325135821856364,20.0
109,3,0.19366104302494241,0.9703136430164312,0.08201004997829013,63.6597119790734,0.056376993933436995,0.056376993933436995,0.004535397599272759,0.00703647823691345,0.19366104302494241,0.006309130996345399,5.967747248939786,0.09465143741030722,85.43543008045978,44.44851190391191,33.10005639579265,0.05080958038499095,3.0371360550638014,0.4551156330834123,0.07171238318035957,1.9084323299618497,0.325135821856364,20.0
109,4,0.19366789226909492,0.9702727403889987,0.08201294973960165,63.6597119790734,0.0563770488796677,0.0563770488796677,0.0045411143121907695,0.007044203985770444,0.19366789226909492,0.0063091714611954565,5.967747248939786,0.09465143741030722,85.43543008045978,44.44851190391191,33.10005639579265,0.05080958038499095,3.0371360550638014,0.4551156330834123,0.07171238318035957,1.9084323299618497,0.325135821856364,20.0
109,5,0.19366790742064546,0.9702725931462587,0.08201295615364718,63.6597119790734,0.05637704897084574,0.05637704897084574,0.0045411324201098556,0.007044225924040206,0.19366790742064546,0.006309171544109335,5.967747248939786,0.09465143741030722,85.43543008045978,44.44851190391191,33.10005639579265,0.05080958038499095,3.0371360550638014,0.4551156330834123,0.07171238318035957,1.9084323299618497,0.325135821856364,20.0
109,6,0.1936679074396438,0.9702725928686914,0.08201295616168892,63.6597119790734,0.056377048970940216,0.056377048970940216,0.004541132450146561,0.007044225956894759,0.1936679074396438,0.006309171544210892,5.967747248939786,0.09465143741030722,85.43543008045978,44.44851190391191,33.10005639579265,0.05080958038499095,3.0371360550638014,0.4551156330834123,0.07171238318035957,1.9084323299618497,0.325135821856364,20.0
109,7,0.19366790743965898,0.9702725928683776,0.08201295616169535,63.6597119790734,0.05637704897094028,0.05637704897094028,0.0045411324501765556,0.007044225956924713,0.19366790743965898,0.006309171544210976,5.967747248939786,0.09465143741030722,85.43543008045978,44.44851190391191,33.10005639579265,0.05080958038499095,3.0371360550638014,0.4551156330834123,0.07171238318035957,1.9084323299618497,0.325135821856364,20.0
109,8,0.19366790743965898,0.9702725928683774,0.08201295616169535,63.6597119790734,0.05637704897094028,0.05637704897094028,0.004541132450176576,0.007044225956924731,0.19366790743965898,0.006309171544210976,5.967747248939786,0.09465143741030722,85.43543008045978,44.44851190391191,33.10005639579265,0.05080958038499095,3.0371360550638014,0.4551156330834123,0.07171238318035957,1.9084323299618497,0.325135821856364,20.0
109,9,0.19366790743965898,0.9702725928683774,0.08201295616169535,63.6597119790734,0.05637704897094028,0.05637704897094028,0.004541132450176576,0.007044225956924731,0.19366790743965898,0.006309171544210976,5.967747248939786,0.09465143741030722,85.43543008045978,44.44851190391191,33.10005639579265,0.05080958038499095,3.0371360550638014,0.4551156330834123,0.07171238318035957,1.9084323299618497,0.325135821856364,20.0
109,10,0.19366790743965898,0.9702725928683774,0.08201295616169535,63.6597119790734,0.05637704897094028,0.05637704897094028,0.004541132450176576,0.007044225956924731,0.19366790743965898,0.006309171544210976,5.967747248939786,0.09465143741030722,85.43543008045978,44.44851190391191,33.10005639579265,0.05080958038499095,3.0371360550638014,0.4551156330834123,0.07171238318035957,1.9084323299618497,0.325135821856364,20.0
110,1,0.10001712758705875,0.9993501476047272,0.05656955061428432,19.434074021362733,0.18242841011598804,0.18242841011598804,0.0011586371632761481,0.03980249089424356,0.10001712758705875,2.3378562331272378e-07,5.309629113590892,0.2998248823941276,150.43853520896863,122.94746794235749,99.09967575201976,0.0407241542728021,4.808651164683509,0.9737849782005494,0.10394404612328496,0.520744943543142,0.42885107347873175,20.0
110,2,0.11091622916606632,0.9972970114720001,0.062731404935263,19.434074021362733,0.18242841338952506,0.18242841338952506,0.004865858746411278,0.08389746007673539,0.11091622916606632,2.3478383750602273e-07,5.309629113590892,0.2998248823941276,150.43853520896863,122.94746794235749,99.09967575201976,0.0407241542728021,4.808651164683509,0.9737849782005494,0.10394404612328496,0.520744943543142,0.42885107347873175,20.0
110,3,0.11091622916990868,0.997297009478372,0.06273140493743336,19.434074021362733,0.18242841338952506,0.18242841338952506,0.00486585879869802,0.08389746012174319,0.11091622916990868,2.347838375060476e-07,5.309629113590892,0.2998248823941276,150.43853520896863,122.94746794235749,99.09967575201976,0.0407241542728021,4.808651164683509,0.9737849782005494,0.10394404612328496,0.520744943543142,0.42885107347873175,20.0
110,4,0.11091622916990868,0.997297009478372,0.06273140493743336,19.434074021362733,0.18242841338952506,0.18242841338952506,0.00486585879869802,0.08389746012174319,0.11091622916990868,2.347838375060476e-07,5.309629113590892,0.2998248823941276,150.43853520896863,122.94746794235749,99.09967575201976,0.0407241542728021,4.808651164683509,0.9737849782005494,0.10394404612328496,0.520744943543142,0.42885107347873175,20.0
110,5,0.11091622916990868,0.997297009478372,0.06273140493743336,19.434074021362733,0.18242841338952506,0.18242841338952506,0.00486585879869802,0.08389746012174319,0.11091622916990868,2.347838375060476e-07,5.309629113590892,0.2998248823941276,150.43853520896863,122.94746794235749,99.09967575201976,0.0407241542728021,4.808651164683509,0.9737849782005494,0.10394404612328496,0.520744943543142,0.42885107347873175,20.0
110,6,0.11091622916990868,0.997297009478372,0.06273140493743336,19.434074021362733,0.18242841338952506,0.18242841338952506,0.00486585879869802,0.08389746012174319,0.11091622916990868,2.347838375060476e-07,5.309629113590892,0.2998248823941276,150.43853520896863,122.94746794235749,99.09967575201976,0.0407241542728021,4.808651164683509,0.9737849782005494,0.10394404612328496,0.520744943543142,0.42885107347873175,20.0
110,7,0.11091622916990868,0.997297009478372,0.06273140493743336,19.434074021362733,0.18242841338952506,0.18242841338952506,0.00486585879869802,0.08389746012174319,0.11091622916990868,2.347838375060476e-07,5.309629113590892,0.2998248823941276,150.43853520896863,122.94746794235749,99.09967575201976,0.0407241542728021,4.808651164683509,0.9737849782005494,0.10394404612328496,0.520744943543142,0.42885107347873175,20.0
110,8,0.11091622916990868,0.997297009478372,0.06273140493743336,19.434074021362733,0.18242841338952506,0.18242841338952506,0.00486585879869802,0.08389746012174319,0.11091622916990868,2.347838375060476e-07,5.309629113590892,0.2998248823941276,150.43853520896863,122.94746794235749,99.09967575201976,0.0407241542728021,4.808651164683509,0.9737849782005494,0.10394404612328496,0.520744943543142,0.42885107347873175,20.0
110,9,0.11091622916990868,0.997297009478372,0.06273140493743336,19.434074021362733,0.18242841338952506,0.18242841338952506,0.00486585879869802,0.08389746012174319,0.11091622916990868,2.347838375060476e-07,5.309629113590892,0.2998248823941276,150.43853520896863,122.94746794235749,99.09967575201976,0.0407241542728021,4.808651164683509,0.9737849782005494,0.10394404612328496,0.520744943543142,0.42885107347873175,20.0
110,10,0.11091622916990868,0.997297009478372,0.06273140493743336,19.434074021362733,0.18242841338952506,0.18242841338952506,0.00486585879869802,0.08389746012174319,0.11091622916990868,2.347838375060476e-07,5.309629113590892,0.2998248823941276,150.43853520896863,122.94746794235749,99.09967575201976,0.0407241542728021,4.808651164683509,0.9737849782005494,0.10394404612328496,0.520744943543142,0.42885107347873175,20.0
111,1,0.10153535466650603,0.3344544867319187,0.03990479905466559,7.774630791671589,1.1813285012884602,1.1813285012884602,0.13761354722712654,0.1727796078949142,0.10153535466650603,0.6154231730793377,5.187550345310546,0.7228988131569835,95.37937902011964,44.89134956679589,29.935584766430345,0.14311033636752027,4.3638452427155325,1.383355642252698,0.16536501215736332,0.5041653761096612,0.3894177056471413,20.0
111,2,0.10169815038137216,0.42328990540479283,0.03996863097227238,7.774630791671589,1.1764517861104133,1.1764517861104133,0.1475591707710748,0.17420096940244637,0.10169815038137216,0.4808620290278227,5.187550345310546,0.7228988131569835,95.37937902011964,44.89134956679589,29.935584766430345,0.14311033636752027,4.3638452427155325,1.383355642252698,0.16536501215736332,0.5041653761096612,0.3894177056471413,20.0
111,3,0.10169815022315956,0.4198113786497009,0.03996863090640656,7.774630791671589,1.1764517861095674,1.1764517861095674,0.14755907677640503,0.17420094231490724,0.10169815022315956,0.48086202902667746,5.187550345310546,0.7228988131569835,95.37937902011964,44.89134956679589,29.935584766430345,0.14311033636752027,4.3638452427155325,1.383355642252698,0.16536501215736332,0.5041653761096612,0.3894177056471413,20.0
111,4,0.10169815022315956,0.41981137864970447,0.03996863090640656,7.774630791671589,1.1764517861095674,1.1764517861095674,0.147559076776405,0.17420094231490724,0.10169815022315956,0.48086202902667746,5.187550345310546,0.7228988131569835,95.37937902011964,44.89134956679589,29.935584766430345,0.14311033636752027,4.3638452427155325,1.383355642252698,0.16536501215736332,0.5041653761096612,0.3894177056471413,20.0
111,5,0.10169815022315956,0.41981137864970447,0.03996863090640656,7.774630791671589,1.1764517861095674,1.1764517861095674,0.147559076776405,0.17420094231490724,0.10169815022315956,0.48086202902667746,5.187550345310546,0.7228988131569835,95.37937902011964,44.89134956679589,29.935584766430345,0.14311033636752027,4.3638452427155325,1.383355642252698,0.16536501215736332,0.5041653761096612,0.3894177056471413,20.0
111,6,0.10169815022315956,0.41981137864970447,0.03996863090640656,7.774630791671589,1.1764517861095674,1.1764517861095674,0.147559076776405,0.17420094231490724,0.10169815022315956,0.48086202902667746,5.187550345310546,0.7228988131569835,95.37937902011964,44.89134956679589,29.935584766430345,0.14311033636752027,4.3638452427155325,1.383355642252698,0.16536501215736332,0.5041653761096612,0.3894177056471413,20.0
111,7,0.10169815022315956,0.41981137864970447,0.03996863090640656,7.774630791671589,1.1764517861095674,1.1764517861095674,0.147559076776405,0.17420094231490724,0.10169815022315956,0.48086202902667746,5.187550345310546,0.7228988131569835,95.37937902011964,44.89134956679589,29.935584766430345,0.14311033636752027,4.3638452427155325,1.383355642252698,0.16536501215736332,0.5041653761096612,0.3894177056471413,20.0
111,8,0.10169815022315956,0.41981137864970447,0.03996863090640656,7.774630791671589,1.1764517861095674,1.1764517861095674,0.147559076776405,0.17420094231490724,0.10169815022315956,0.48086202902667746,5.187550345310546,0.7228988131569835,95.37937902011964,44.89134956679589,29.935584766430345,0.14311033636752027,4.3638452427155325,1.383355642252698,0.16536501215736332,0.5041653761096612,0.3894177056471413,20.0
111,9,0.10169815022315956,0.41981137864970447,0.03996863090640656,7.774630791671589,1.1764517861095674,1.1764517861095674,0.147559076776405,0.17420094231490724,0.10169815022315956,0.48086202902667746,5.187550345310546,0.7228988131569835,95.37937902011964,44.89134956679589,29.935584766430345,0.14311033636752027,4.3638452427155325,1.383355642252698,0.16536501215736332,0.5041653761096612,0.3894177056471413,20.0
111,10,0.10169815022315956,0.41981137864970447,0.03996863090640656,7.774630791671589,1.1764517861095674,1.1764517861095674,0.147559076776405,0.17420094231490724,0.10169815022315956,0.48086202902667746,5.187550345310546,0.7228988131569835,95.37937902011964,44.89134956679589,29.935584766430345,0.14311033636752027,4.3638452427155325,1.383355642252698,0.16536501215736332,0.5041653761096612,0.3894177056471413,20.0
112,1,0.17203009467229408,0.9967165045834585,0.07425396505638414,22.489009404570318,0.19972173786470443,0.19972173786470443,0.004555984958350767,0.052862371695158054,0.17203009467229408,0.0014895106981170799,7.668403240237684,0.3618987564965655,192.65895185931151,98.33528296293007,63.25920154232165,0.08468040777101786,4.87234894904501,1.0188974553539192,0.04326197650771311,1.4273525324880252,0.4968478567100726,20.0
112,2,0.1873644116676039,0.9849880478564642,0.08087097418417566,22.489009404570318,0.20030164700864334,0.20030164700864334,0.01207818731582663,0.08465464531407137,0.1873644116676039,0.001548811055697329,7.668403240237684,0.3618987564965655,192.65895185931151,98.33528296293007,63.25920154232165,0.08468040777101786,4.87234894904501,1.0188974553539192,0.04326197650771311,1.4273525324880252,0.4968478567100726,20.0
112,3,0.18737264240494542,0.9847614134685054,0.08087452486367831,22.489009404570318,0.2003017804863938,0.2003017804863938,0.01210148306529294,0.08468684507046063,0.18737264240494542,0.0015488350626359781,7.668403240237684,0.3618987564965655,192.65895185931151,98.33528296293007,63.25920154232165,0.08468040777101786,4.87234894904501,1.0188974553539192,0.04326197650771311,1.4273525324880252,0.4968478567100726,20.0
112,4,0.18737264308716936,0.9847613523695101,0.0808745251579547,22.489009404570318,0.20030178049461506,0.20030178049461506,0.012101485998453829,0.08468684818350061,0.18737264308716936,0.0015488350645507544,7.668403240237684,0.3618987564965655,192.65895185931151,98.33528296293007,63.25920154232165,0.08468040777101786,4.87234894904501,1.0188974553539192,0.04326197650771311,1.4273525324880252,0.4968478567100726,20.0
112,5,0.187372643087191,0.9847613523655888,0.08087452515796403,22.489009404570318,0.20030178049461528,0.20030178049461528,0.012101485998568985,0.08468684818360718,0.187372643087191,0.0015488350645508154,7.668403240237684,0.3618987564965655,192.65895185931151,98.33528296293007,63.25920154232165,0.08468040777101786,4.87234894904501,1.0188974553539192,0.04326197650771311,1.4273525324880252,0.4968478567100726,20.0
112,6,0.187372643087191,0.9847613523655887,0.08087452515796403,22.489009404570318,0.20030178049461528,0.20030178049461528,0.012101485998568988,0.08468684818360718,0.187372643087191,0.0015488350645508154,7.668403240237684,0.3618987564965655,192.65895185931151,98.33528296293007,63.25920154232165,0.08468040777101786,4.87234894904501,1.0188974553539192,0.04326197650771311,1.4273525324880252,0.4968478567100726,20.0
112,7,0.187372643087191,0.9847613523655887,0.08087452515796403,22.489009404570318,0.20030178049461528,0.20030178049461528,0.012101485998568988,0.08468684818360718,0.187372643087191,0.0015488350645508154,7.668403240237684,0.3618987564965655,192.65895185931151,98.33528296293007,63.25920154232165,0.08468040777101786,4.87234894904501,1.0188974553539192,0.04326197650771311,1.4273525324880252,0.4968478567100726,20.0
112,8,0.187372643087191,0.9847613523655887,0.08087452515796403,22.489009404570318,0.20030178049461528,0.20030178049461528,0.012101485998568988,0.08468684818360718,0.187372643087191,0.0015488350645508154,7.668403240237684,0.3618987564965655,192.65895185931151,98.33528296293007,63.25920154232165,0.08468040777101786,4.87234894904501,1.0188974553539192,0.04326197650771311,1.4273525324880252,0.4968478567100726,20.0
112,9,0.187372643087191,0.9847613523655887,0.08087452515796403,22.489009404570318,0.20030178049461528,0.20030178049461528,0.012101485998568988,0.08468684818360718,0.187372643087191,0.0015488350645508154,7.668403240237684,0.3618987564965655,192.65895185931151,98.33528296293007,63.25920154232165,0.08468040777101786,4.87234894904501,1.0188974553539192,0.04326197650771311,1.4273525324880252,0.4968478567100726,20.0
112,10,0.187372643087191,0.9847613523655887,0.08087452515796403,22.489009404570318,0.20030178049461528,0.20030178049461528,0.012101485998568988,0.08468684818360718,0.187372643087191,0.0015488350645508154,7.668403240237684,0.3618987564965655,192.65895185931151,98.33528296293007,63.25920154232165,0.08468040777101786,4.87234894904501,1.0188974553539192,0.04326197650771311,1.4273525324880252,0.4968478567100726,20.0
113,1,0.035803074195978925,0.2661891709818244,0.01619755261971363,23.444496995045,0.48677694709809466,0.48677694709809466,0.14995017216721637,0.19999375100670472,0.035803074195978925,0.000440563584329107,7.319018658182528,0.3285291488134742,178.6794388344744,68.77410557879449,95.72301323365399,0.12459207343703445,5.759888935451654,0.3950964896629685,0.15379838301505513,0.6419527551190798,0.4516063500845308,20.0
113,2,0.03580347103346844,0.23439485209654445,0.01619773185039983,23.444496995045,0.48677694709809494,0.48677694709809494,0.14999021320011635,0.20000024462109758,0.03580347103346844,0.0004405635843291721,7.319018658182528,0.3285291488134742,178.6794388344744,68.77410557879449,95.72301323365399,0.12459207343703445,5.759888935451654,0.3950964896629685,0.15379838301505513,0.6419527551190798,0.4516063500845308,20.0
113,3,0.03580347103346844,0.23439485209654445,0.01619773185039983,23.444496995045,0.48677694709809494,0.48677694709809494,0.14999021320011635,0.20000024462109758,0.03580347103346844,0.0004405635843291721,7.319018658182528,0.3285291488134742,178.6794388344744,68.77410557879449,95.72301323365399,0.12459207343703445,5.759888935451654,0.3950964896629685,0.15379838301505513,0.6419527551190798,0.4516063500845308,20.0
113,4,0.03580347103346844,0.23439485209654445,0.01619773185039983,23.444496995045,0.48677694709809494,0.48677694709809494,0.14999021320011635,0.20000024462109758,0.03580347103346844,0.0004405635843291721,7.319018658182528,0.3285291488134742,178.6794388344744,68.77410557879449,95.72301323365399,0.12459207343703445,5.759888935451654,0.3950964896629685,0.15379838301505513,0.6419527551190798,0.4516063500845308,20.0
113,5,0.03580347103346844,0.23439485209654445,0.01619773185039983,23.444496995045,0.48677694709809494,0.48677694709809494,0.14999021320011635,0.20000024462109758,0.03580347103346844,0.0004405635843291721,7.319018658182528,0.3285291488134742,178.6794388344744,68.77410557879449,95.72301323365399,0.12459207343703445,5.759888935451654,0.3950964896629685,0.15379838301505513,0.6419527551190798,0.4516063500845308,20.0
113,6,0.03580347103346844,0.23439485209654445,0.01619773185039983,23.444496995045,0.48677694709809494,0.48677694709809494,0.14999021320011635,0.20000024462109758,0.03580347103346844,0.0004405635843291721,7.319018658182528,0.3285291488134742,178.6794388344744,68.77410557879449,95.72301323365399,0.12459207343703445,5.759888935451654,0.3950964896629685,0.15379838301505513,0.6419527551190798,0.4516063500845308,20.0
113,7,0.03580347103346844,0.23439485209654445,0.01619773185039983,23.444496995045,0.48677694709809494,0.48677694709809494,0.14999021320011635,0.20000024462109758,0.03580347103346844,0.0004405635843291721,7.319018658182528,0.3285291488134742,178.6794388344744,68.77410557879449,95.72301323365399,0.12459207343703445,5.759888935451654,0.3950964896629685,0.15379838301505513,0.6419527551190798,0.4516063500845308,20.0
113,8,0.03580347103346844,0.23439485209654445,0.01619773185039983,23.444496995045,0.48677694709809494,0.48677694709809494,0.14999021320011635,0.20000024462109758,0.03580347103346844,0.0004405635843291721,7.319018658182528,0.3285291488134742,178.6794388344744,68.77410557879449,95.72301323365399,0.12459207343703445,5.759888935451654,0.3950964896629685,0.15379838301505513,0.6419527551190798,0.4516063500845308,20.0
113,9,0.03580347103346844,0.23439485209654445,0.01619773185039983,23.444496995045,0.48677694709809494,0.48677694709809494,0.14999021320011635,0.20000024462109758,0.03580347103346844,0.0004405635843291721,7.319018658182528,0.3285291488134742,178.6794388344744,68.77410557879449,95.72301323365399,0.12459207343703445,5.759888935451654,0.3950964896629685,0.15379838301505513,0.6419527551190798,0.4516063500845308,20.0
113,10,0.03580347103346844,0.23439485209654445,0.01619773185039983,23.444496995045,0.48677694709809494,0.48677694709809494,0.14999021320011635,0.20000024462109758,0.03580347103346844,0.0004405635843291721,7.319018658182528,0.3285291488134742,178.6794388344744,68.77410557879449,95.72301323365399,0.12459207343703445,5.759888935451654,0.3950964896629685,0.15379838301505513,0.6419527551190798,0.4516063500845308,20.0
114,1,0.04408659852495778,0.9999999998913861,0.02651619221537788,10.869401157429749,0.22755979688660694,0.22755979688660694,1.1979689331981437e-28,5.697148877717438e-23,0.04408659852495778,0.0143848767375515,7.360422353858572,0.8255561294405225,118.31103922452144,181.8296174565721,27.078193467046354,0.057042382704227956,5.993031191644846,0.8947306285047116,0.11817896302622592,1.6999541466266517,0.35677108972286636,20.0
114,2,0.08394471418415492,0.9139747561498893,0.050493295380027454,10.869401157429749,0.24267007373181712,0.24267007373181712,0.013395870157373596,0.022835464462541942,0.08394471418415492,0.016603654021406983,7.360422353858572,0.8255561294405225,118.31103922452144,181.8296174565721,27.078193467046354,0.057042382704227956,5.993031191644846,0.8947306285047116,0.11817896302622592,1.6999541466266517,0.35677108972286636,20.0
114,3,0.08614436012995219,0.9054499634160963,0.05181646919045325,10.869401157429749,0.24268028324459454,0.24268028324459454,0.015053740960363932,0.025458229128132122,0.08614436012995219,0.016607570509682864,7.360422353858572,0.8255561294405225,118.31103922452144,181.8296174565721,27.078193467046354,0.057042382704227956,5.993031191644846,0.8947306285047116,0.11817896302622592,1.6999541466266517,0.35677108972286636,20.0
114,4,0.08614508082633755,0.9054367774602765,0.05181690262224874,10.869401157429749,0.24268028335355166,0.24268028335355166,0.015055316992810961,0.02546026617168936,0.08614508082633755,0.016607570569760508,7.360422353858572,0.8255561294405225,118.31103922452144,181.8296174565721,27.078193467046354,0.057042382704227956,5.993031191644846,0.8947306285047116,0.11817896302622592,1.6999541466266517,0.35677108972286636,20.0
114,5,0.08614508083099556,0.9054367772852162,0.05181690262504969,10.869401157429749,0.24268028335355182,0.24268028335355182,0.01505531700877298,0.02546026618985709,0.08614508083099556,0.016607570569760588,7.360422353858572,0.8255561294405225,118.31103922452144,181.8296174565721,27.078193467046354,0.057042382704227956,5.993031191644846,0.8947306285047116,0.11817896302622592,1.6999541466266517,0.35677108972286636,20.0
114,6,0.08614508083099558,0.9054367772852161,0.05181690262504969,10.869401157429749,0.24268028335355182,0.24268028335355182,0.015055317008772988,0.0254602661898571,0.08614508083099558,0.016607570569760588,7.360422353858572,0.8255561294405225,118.31103922452144,181.8296174565721,27.078193467046354,0.057042382704227956,5.993031191644846,0.8947306285047116,0.11817896302622592,1.6999541466266517,0.35677108972286636,20.0
114,7,0.08614508083099558,0.9054367772852161,0.05181690262504969,10.869401157429749,0.24268028335355182,0.24268028335355182,0.015055317008772988,0.0254602661898571,0.08614508083099558,0.016607570569760588,7.360422353858572,0.8255561294405225,118.31103922452144,181.8296174565721,27.078193467046354,0.057042382704227956,5.993031191644846,0.8947306285047116,0.11817896302622592,1.6999541466266517,0.35677108972286636,20.0
114,8,0.08614508083099558,0.9054367772852161,0.05181690262504969,10.869401157429749,0.24268028335355182,0.24268028335355182,0.015055317008772988,0.0254602661898571,0.08614508083099558,0.016607570569760588,7.360422353858572,0.8255561294405225,118.31103922452144,181.8296174565721,27.078193467046354,0.057042382704227956,5.993031191644846,0.8947306285047116,0.11817896302622592,1.6999541466266517,0.35677108972286636,20.0
114,9,0.08614508083099558,0.9054367772852161,0.05181690262504969,10.869401157429749,0.24268028335355182,0.24268028335355182,0.015055317008772988,0.0254602661898571,0.08614508083099558,0.016607570569760588,7.360422353858572,0.8255561294405225,118.31103922452144,181.8296174565721,27.078193467046354,0.057042382704227956,5.993031191644846,0.8947306285047116,0.11817896302622592,1.6999541466266517,0.35677108972286636,20.0
114,10,0.08614508083099558,0.9054367772852161,0.05181690262504969,10.869401157429749,0.24268028335355182,0.24268028335355182,0.015055317008772988,0.0254602661898571,0.08614508083099558,0.016607570569760588,7.360422353858572,0.8255561294405225,118.31103922452144,181.8296174565721,27.078193467046354,0.057042382704227956,5.993031191644846,0.8947306285047116,0.11817896302622592,1.6999541466266517,0.35677108972286636,20.0
115,1,0.0332392078802416,0.7244274325836025,0.022003444053786802,29.49227043745911,0.2644132924075044,0.2644132924075044,0.10355474635290063,0.18219772867201758,0.0332392078802416,0.0005941906029499182,4.161672242866448,0.15119879570317996,92.64085048661886,172.47850836374442,48.59576052337864,0.12829207656938088,3.4021087810093498,0.7829224039587634,0.09945358130151347,1.2025188266966913,0.4662210184741321,20.0
115,2,0.0342240279613093,0.5950889925536815,0.0226548666361175,29.49227043745911,0.26441329242353917,0.26441329242353917,0.12912126695822787,0.19424854398021654,0.0342240279613093,0.0005941906086101782,4.161672242866448,0.15119879570317996,92.64085048661886,172.47850836374442,48.59576052337864,0.12829207656938088,3.4021087810093498,0.7829224039587634,0.09945358130151347,1.2025188266966913,0.4662210184741321,20.0
115,3,0.03422402796131131,0.5950889925461268,0.022654866636118827,29.49227043745911,0.26441329242353917,0.26441329242353917,0.1291212669583457,0.1942485439802489,0.03422402796131131,0.0005941906086101782,4.161672242866448,0.15119879570317996,92.64085048661886,172.47850836374442,48.59576052337864,0.12829207656938088,3.4021087810093498,0.7829224039587634,0.09945358130151347,1.2025188266966913,0.4662210184741321,20.0
115,4,0.03422402796131131,0.5950889925461268,0.022654866636118827,29.49227043745911,0.26441329242353917,0.26441329242353917,0.1291212669583457,0.1942485439802489,0.03422402796131131,0.0005941906086101782,4.161672242866448,0.15119879570317996,92.64085048661886,172.47850836374442,48.59576052337864,0.12829207656938088,3.4021087810093498,0.7829224039587634,0.09945358130151347,1.2025188266966913,0.4662210184741321,20.0
115,5,0.03422402796131131,0.5950889925461268,0.022654866636118827,29.49227043745911,0.26441329242353917,0.26441329242353917,0.1291212669583457,0.1942485439802489,0.03422402796131131,0.0005941906086101782,4.161672242866448,0.15119879570317996,92.64085048661886,172.47850836374442,48.59576052337864,0.12829207656938088,3.4021087810093498,0.7829224039587634,0.09945358130151347,1.2025188266966913,0.4662210184741321,20.0
115,6,0.03422402796131131,0.5950889925461268,0.022654866636118827,29.49227043745911,0.26441329242353917,0.26441329242353917,0.1291212669583457,0.1942485439802489,0.03422402796131131,0.0005941906086101782,4.161672242866448,0.15119879570317996,92.64085048661886,172.47850836374442,48.59576052337864,0.12829207656938088,3.4021087810093498,0.7829224039587634,0.09945358130151347,1.2025188266966913,0.4662210184741321,20.0
115,7,0.03422402796131131,0.5950889925461268,0.022654866636118827,29.49227043745911,0.26441329242353917,0.26441329242353917,0.1291212669583457,0.1942485439802489,0.03422402796131131,0.0005941906086101782,4.161672242866448,0.15119879570317996,92.64085048661886,172.47850836374442,48.59576052337864,0.12829207656938088,3.4021087810093498,0.7829224039587634,0.09945358130151347,1.2025188266966913,0.4662210184741321,20.0
115,8,0.03422402796131131,0.5950889925461268,0.022654866636118827,29.49227043745911,0.26441329242353917,0.26441329242353917,0.1291212669583457,0.1942485439802489,0.03422402796131131,0.0005941906086101782,4.161672242866448,0.15119879570317996,92.64085048661886,172.47850836374442,48.59576052337864,0.12829207656938088,3.4021087810093498,0.7829224039587634,0.09945358130151347,1.2025188266966913,0.4662210184741321,20.0
115,9,0.03422402796131131,0.5950889925461268,0.022654866636118827,29.49227043745911,0.26441329242353917,0.26441329242353917,0.1291212669583457,0.1942485439802489,0.03422402796131131,0.0005941906086101782,4.161672242866448,0.15119879570317996,92.64085048661886,172.47850836374442,48.59576052337864,0.12829207656938088,3.4021087810093498,0.7829224039587634,0.09945358130151347,1.2025188266966913,0.4662210184741321,20.0
115,10,0.03422402796131131,0.5950889925461268,0.022654866636118827,29.49227043745911,0.26441329242353917,0.26441329242353917,0.1291212669583457,0.1942485439802489,0.03422402796131131,0.0005941906086101782,4.161672242866448,0.15119879570317996,92.64085048661886,172.47850836374442,48.59576052337864,0.12829207656938088,3.4021087810093498,0.7829224039587634,0.09945358130151347,1.2025188266966913,0.4662210184741321,20.0
116,1,0.03683377420803706,0.999999569818968,0.02767912150194167,41.19938797357782,0.15734196252870775,0.15734196252870775,8.441254557372585e-07,0.004111893004640822,0.03683377420803706,5.322171120388086e-12,7.133268197466382,0.18163827179961872,58.25768007900299,148.7192066996037,88.07222792921766,0.11088377547925238,2.0961087422116633,0.9814805314934139,0.18535262921267925,1.3523400453105094,0.38879835295764575,20.0
116,2,0.048900426648507606,0.999981996919287,0.03674456090550508,41.19938797357782,0.1573419625287078,0.1573419625287078,3.786589107085059e-05,0.030593462367396553,0.048900426648507606,5.322180170011966e-12,7.133268197466382,0.18163827179961872,58.25768007900299,148.7192066996037,88.07222792921766,0.11088377547925238,2.0961087422116633,0.9814805314934139,0.18535262921267925,1.3523400453105094,0.38879835295764575,20.0
116,3,0.048900426648507606,0.999981996919287,0.03674456090550508,41.19938797357782,0.1573419625287078,0.1573419625287078,3.7865891070852024e-05,0.03059346236739656,0.048900426648507606,5.322180170011966e-12,7.133268197466382,0.18163827179961872,58.25768007900299,148.7192066996037,88.07222792921766,0.11088377547925238,2.0961087422116633,0.9814805314934139,0.18535262921267925,1.3523400453105094,0.38879835295764575,20.0
116,4,0.048900426648507606,0.999981996919287,0.03674456090550508,41.19938797357782,0.1573419625287078,0.1573419625287078,3.7865891070852024e-05,0.03059346236739656,0.048900426648507606,5.322180170011966e-12,7.133268197466382,0.18163827179961872,58.25768007900299,148.7192066996037,88.07222792921766,0.11088377547925238,2.0961087422116633,0.9814805314934139,0.18535262921267925,1.3523400453105094,0.38879835295764575,20.0
116,5,0.048900426648507606,0.999981996919287,0.03674456090550508,41.19938797357782,0.1573419625287078,0.1573419625287078,3.7865891070852024e-05,0.03059346236739656,0.048900426648507606,5.322180170011966e-12,7.133268197466382,0.18163827179961872,58.25768007900299,148.7192066996037,88.07222792921766,0.11088377547925238,2.0961087422116633,0.9814805314934139,0.18535262921267925,1.3523400453105094,0.38879835295764575,20.0
116,6,0.048900426648507606,0.999981996919287,0.03674456090550508,41.19938797357782,0.1573419625287078,0.1573419625287078,3.7865891070852024e-05,0.03059346236739656,0.048900426648507606,5.322180170011966e-12,7.133268197466382,0.18163827179961872,58.25768007900299,148.7192066996037,88.07222792921766,0.11088377547925238,2.0961087422116633,0.9814805314934139,0.18535262921267925,1.3523400453105094,0.38879835295764575,20.0
116,7,0.048900426648507606,0.999981996919287,0.03674456090550508,41.19938797357782,0.1573419625287078,0.1573419625287078,3.7865891070852024e-05,0.03059346236739656,0.048900426648507606,5.322180170011966e-12,7.133268197466382,0.18163827179961872,58.25768007900299,148.7192066996037,88.07222792921766,0.11088377547925238,2.0961087422116633,0.9814805314934139,0.18535262921267925,1.3523400453105094,0.38879835295764575,20.0
116,8,0.048900426648507606,0.999981996919287,0.03674456090550508,41.19938797357782,0.1573419625287078,0.1573419625287078,3.7865891070852024e-05,0.03059346236739656,0.048900426648507606,5.322180170011966e-12,7.133268197466382,0.18163827179961872,58.25768007900299,148.7192066996037,88.07222792921766,0.11088377547925238,2.0961087422116633,0.9814805314934139,0.18535262921267925,1.3523400453105094,0.38879835295764575,20.0
116,9,0.048900426648507606,0.999981996919287,0.03674456090550508,41.19938797357782,0.1573419625287078,0.1573419625287078,3.7865891070852024e-05,0.03059346236739656,0.048900426648507606,5.322180170011966e-12,7.133268197466382,0.18163827179961872,58.25768007900299,148.7192066996037,88.07222792921766,0.11088377547925238,2.0961087422116633,0.9814805314934139,0.18535262921267925,1.3523400453105094,0.38879835295764575,20.0
116,10,0.048900426648507606,0.999981996919287,0.03674456090550508,41.19938797357782,0.1573419625287078,0.1573419625287078,3.7865891070852024e-05,0.03059346236739656,0.048900426648507606,5.322180170011966e-12,7.133268197466382,0.18163827179961872,58.25768007900299,148.7192066996037,88.07222792921766,0.11088377547925238,2.0961087422116633,0.9814805314934139,0.18535262921267925,1.3523400453105094,0.38879835295764575,20.0
117,1,0.08108760108417266,0.9657369802927964,0.0453679377057938,5.300578210213317,0.21612651316524784,0.21612651316524784,0.03363723151850854,0.15111422874754107,0.08108760108417266,9.630928067713936e-06,2.6858591519251496,0.6688882655804804,98.0108008639771,106.94122934371275,43.15162545280273,0.13589681357874558,4.381798304568381,1.0313689067069904,0.17073975732240906,1.7198390604455653,0.48375484181843786,20.0
117,2,0.08557304554945126,0.8907404293570235,0.04787440277854509,5.300578210213317,0.21612652158507223,0.21612652158507223,0.08220259083373664,0.19244828047154147,0.08557304554945126,9.636564038801327e-06,2.6858591519251496,0.6688882655804804,98.0108008639771,106.94122934371275,43.15162545280273,0.13589681357874558,4.381798304568381,1.0313689067069904,0.17073975732240906,1.7198390604455653,0.48375484181843786,20.0
117,3,0.08557304554966691,0.8907404226963935,0.047874402778665455,5.300578210213317,0.21612652158507223,0.21612652158507223,0.08220259085661213,0.1924482804751379,0.08557304554966691,9.636564038801329e-06,2.6858591519251496,0.6688882655804804,98.0108008639771,106.94122934371275,43.15162545280273,0.13589681357874558,4.381798304568381,1.0313689067069904,0.17073975732240906,1.7198390604455653,0.48375484181843786,20.0
117,4,0.08557304554966691,0.8907404226963935,0.047874402778665455,5.300578210213317,0.21612652158507223,0.21612652158507223,0.08220259085661213,0.1924482804751379,0.08557304554966691,9.636564038801329e-06,2.6858591519251496,0.6688882655804804,98.0108008639771,106.94122934371275,43.15162545280273,0.13589681357874558,4.381798304568381,1.0313689067069904,0.17073975732240906,1.7198390604455653,0.48375484181843786,20.0
117,5,0.08557304554966691,0.8907404226963935,0.047874402778665455,5.300578210213317,0.21612652158507223,0.21612652158507223,0.08220259085661213,0.1924482804751379,0.08557304554966691,9.636564038801329e-06,2.6858591519251496,0.6688882655804804,98.0108008639771,106.94122934371275,43.15162545280273,0.13589681357874558,4.381798304568381,1.0313689067069904,0.17073975732240906,1.7198390604455653,0.48375484181843786,20.0
117,6,0.08557304554966691,0.8907404226963935,0.047874402778665455,5.300578210213317,0.21612652158507223,0.21612652158507223,0.08220259085661213,0.1924482804751379,0.08557304554966691,9.636564038801329e-06,2.6858591519251496,0.6688882655804804,98.0108008639771,106.94122934371275,43.15162545280273,0.13589681357874558,4.381798304568381,1.0313689067069904,0.17073975732240906,1.7198390604455653,0.48375484181843786,20.0
117,7,0.08557304554966691,0.8907404226963935,0.047874402778665455,5.300578210213317,0.21612652158507223,0.21612652158507223,0.08220259085661213,0.1924482804751379,0.08557304554966691,9.636564038801329e-06,2.6858591519251496,0.6688882655804804,98.0108008639771,106.94122934371275,43.15162545280273,0.13589681357874558,4.381798304568381,1.0313689067069904,0.17073975732240906,1.7198390604455653,0.48375484181843786,20.0
117,8,0.08557304554966691,0.8907404226963935,0.047874402778665455,5.300578210213317,0.21612652158507223,0.21612652158507223,0.08220259085661213,0.1924482804751379,0.08557304554966691,9.636564038801329e-06,2.6858591519251496,0.6688882655804804,98.0108008639771,106.94122934371275,43.15162545280273,0.13589681357874558,4.381798304568381,1.0313689067069904,0.17073975732240906,1.7198390604455653,0.48375484181843786,20.0
117,9,0.08557304554966691,0.8907404226963935,0.047874402778665455,5.300578210213317,0.21612652158507223,0.21612652158507223,0.08220259085661213,0.1924482804751379,0.08557304554966691,9.636564038801329e-06,2.6858591519251496,0.6688882655804804,98.0108008639771,106.94122934371275,43.15162545280273,0.13589681357874558,4.381798304568381,1.0313689067069904,0.17073975732240906,1.7198390604455653,0.48375484181843786,20.0
117,10,0.08557304554966691,0.8907404226963935,0.047874402778665455,5.300578210213317,0.21612652158507223,0.21612652158507223,0.08220259085661213,0.1924482804751379,0.08557304554966691,9.636564038801329e-06,2.6858591519251496,0.6688882655804804,98.0108008639771,106.94122934371275,43.15162545280273,0.13589681357874558,4.381798304568381,1.0313689067069904,0.17073975732240906,1.7198390604455653,0.48375484181843786,20.0
118,1,0.10562187415128149,0.9162083907393009,0.052604367486157,4.4763874688738525,0.09515684893712485,0.09515684893712485,0.07334847697055756,0.17339424463227177,0.10562187415128149,3.151741588699007e-05,2.809385531854387,0.9470306737932143,145.19076028596908,137.96123204907298,26.051009100027674,0.1010596282535045,3.609054107232194,0.5848242670658428,0.19840555291143883,1.4100456594261708,0.30889706424391034,20.0
118,2,0.10801462536123302,0.8369702028178538,0.053794542719374575,4.4763874688738525,0.09515684933589465,0.09515684933589465,0.11121817566836528,0.19701616026617125,0.10801462536123302,3.1518125235510214e-05,2.809385531854387,0.9470306737932143,145.19076028596908,137.96123204907298,26.051009100027674,0.1010596282535045,3.609054107232194,0.5848242670658428,0.19840555291143883,1.4100456594261708,0.30889706424391034,20.0
118,3,0.10801462536123328,0.8369702023508716,0.05379454271937469,4.4763874688738525,0.09515684933589465,0.09515684933589465,0.11121817566840393,0.1970161602661762,0.10801462536123328,3.1518125235510214e-05,2.809385531854387,0.9470306737932143,145.19076028596908,137.96123204907298,26.051009100027674,0.1010596282535045,3.609054107232194,0.5848242670658428,0.19840555291143883,1.4100456594261708,0.30889706424391034,20.0
118,4,0.10801462536123328,0.8369702023508716,0.05379454271937469,4.4763874688738525,0.09515684933589465,0.09515684933589465,0.11121817566840393,0.1970161602661762,0.10801462536123328,3.1518125235510214e-05,2.809385531854387,0.9470306737932143,145.19076028596908,137.96123204907298,26.051009100027674,0.1010596282535045,3.609054107232194,0.5848242670658428,0.19840555291143883,1.4100456594261708,0.30889706424391034,20.0
118,5,0.10801462536123328,0.8369702023508716,0.05379454271937469,4.4763874688738525,0.09515684933589465,0.09515684933589465,0.11121817566840393,0.1970161602661762,0.10801462536123328,3.1518125235510214e-05,2.809385531854387,0.9470306737932143,145.19076028596908,137.96123204907298,26.051009100027674,0.1010596282535045,3.609054107232194,0.5848242670658428,0.19840555291143883,1.4100456594261708,0.30889706424391034,20.0
118,6,0.10801462536123328,0.8369702023508716,0.05379454271937469,4.4763874688738525,0.09515684933589465,0.09515684933589465,0.11121817566840393,0.1970161602661762,0.10801462536123328,3.1518125235510214e-05,2.809385531854387,0.9470306737932143,145.19076028596908,137.96123204907298,26.051009100027674,0.1010596282535045,3.609054107232194,0.5848242670658428,0.19840555291143883,1.4100456594261708,0.30889706424391034,20.0
118,7,0.10801462536123328,0.8369702023508716,0.05379454271937469,4.4763874688738525,0.09515684933589465,0.09515684933589465,0.11121817566840393,0.1970161602661762,0.10801462536123328,3.1518125235510214e-05,2.809385531854387,0.9470306737932143,145.19076028596908,137.96123204907298,26.051009100027674,0.1010596282535045,3.609054107232194,0.5848242670658428,0.19840555291143883,1.4100456594261708,0.30889706424391034,20.0
118,8,0.10801462536123328,0.8369702023508716,0.05379454271937469,4.4763874688738525,0.09515684933589465,0.09515684933589465,0.11121817566840393,0.1970161602661762,0.10801462536123328,3.1518125235510214e-05,2.809385531854387,0.9470306737932143,145.19076028596908,137.96123204907298,26.051009100027674,0.1010596282535045,3.609054107232194,0.5848242670658428,0.19840555291143883,1.4100456594261708,0.30889706424391034,20.0
118,9,0.10801462536123328,0.8369702023508716,0.05379454271937469,4.4763874688738525,0.09515684933589465,0.09515684933589465,0.11121817566840393,0.1970161602661762,0.10801462536123328,3.1518125235510214e-05,2.809385531854387,0.9470306737932143,145.19076028596908,137.96123204907298,26.051009100027674,0.1010596282535045,3.609054107232194,0.5848242670658428,0.19840555291143883,1.4100456594261708,0.30889706424391034,20.0
118,10,0.10801462536123328,0.8369702023508716,0.05379454271937469,4.4763874688738525,0.09515684933589465,0.09515684933589465,0.11121817566840393,0.1970161602661762,0.10801462536123328,3.1518125235510214e-05,2.809385531854387,0.9470306737932143,145.19076028596908,137.96123204907298,26.051009100027674,0.1010596282535045,3.609054107232194,0.5848242670658428,0.19840555291143883,1.4100456594261708,0.30889706424391034,20.0
119,1,0.09940171523416017,0.992750523983684,0.05643672481727273,13.22983250263338,0.1687803840299837,0.1687803840299837,0.006771120840681289,0.04406661091408293,0.09940171523416017,0.00089715172748758,7.2043380263631605,0.6538691591725834,186.38795059463325,171.19895045745142,99.96626562812203,0.04455566571163319,5.824403202845344,0.7686191039379751,0.03115503158011213,0.7126884660779746,0.45698430017060615,20.0
119,2,0.10890376704694628,0.9832475917172597,0.06183089181222614,13.22983250263338,0.1691503422982085,0.1691503422982085,0.012414063785210374,0.06276537719268778,0.10890376704694628,0.000935469625288936,7.2043380263631605,0.6538691591725834,186.38795059463325,171.19895045745142,99.96626562812203,0.04455566571163319,5.824403202845344,0.7686191039379751,0.03115503158011213,0.7126884660779746,0.45698430017060615,20.0
119,3,0.108908775758764,0.9830958504721973,0.06183373456052524,13.22983250263338,0.16915039983403654,0.16915039983403654,0.012430189956292165,0.06278696039292245,0.108908775758764,0.0009354790806850858,7.2043380263631605,0.6538691591725834,186.38795059463325,171.19895045745142,99.96626562812203,0.04455566571163319,5.824403202845344,0.7686191039379751,0.03115503158011213,0.7126884660779746,0.45698430017060615,20.0
119,4,0.1089087761470287,0.9830958226012084,0.061833734780872264,13.22983250263338,0.1691503998369623,0.1691503998369623,0.012430191758870777,0.06278696238315634,0.1089087761470287,0.0009354790812820822,7.2043380263631605,0.6538691591725834,186.38795059463325,171.19895045745142,99.96626562812203,0.04455566571163319,5.824403202845344,0.7686191039379751,0.03115503158011213,0.7126884660779746,0.45698430017060615,20.0
119,5,0.10890877614704138,0.9830958225997105,0.06183373478087944,13.22983250263338,0.1691503998369624,0.1691503998369624,0.012430191758941892,0.06278696238322728,0.10890877614704138,0.0009354790812821005,7.2043380263631605,0.6538691591725834,186.38795059463325,171.19895045745142,99.96626562812203,0.04455566571163319,5.824403202845344,0.7686191039379751,0.03115503158011213,0.7126884660779746,0.45698430017060615,20.0
119,6,0.10890877614704138,0.9830958225997105,0.06183373478087944,13.22983250263338,0.1691503998369624,0.1691503998369624,0.012430191758941894,0.06278696238322728,0.10890877614704138,0.0009354790812821005,7.2043380263631605,0.6538691591725834,186.38795059463325,171.19895045745142,99.96626562812203,0.04455566571163319,5.824403202845344,0.7686191039379751,0.03115503158011213,0.7126884660779746,0.45698430017060615,20.0
119,7,0.10890877614704138,0.9830958225997105,0.06183373478087944,13.22983250263338,0.1691503998369624,0.1691503998369624,0.012430191758941894,0.06278696238322728,0.10890877614704138,0.0009354790812821005,7.2043380263631605,0.6538691591725834,186.38795059463325,171.19895045745142,99.96626562812203,0.04455566571163319,5.824403202845344,0.7686191039379751,0.03115503158011213,0.7126884660779746,0.45698430017060615,20.0
119,8,0.10890877614704138,0.9830958225997105,0.06183373478087944,13.22983250263338,0.1691503998369624,0.1691503998369624,0.012430191758941894,0.06278696238322728,0.10890877614704138,0.0009354790812821005,7.2043380263631605,0.6538691591725834,186.38795059463325,171.19895045745142,99.96626562812203,0.04455566571163319,5.824403202845344,0.7686191039379751,0.03115503158011213,0.7126884660779746,0.45698430017060615,20.0
119,9,0.10890877614704138,0.9830958225997105,0.06183373478087944,13.22983250263338,0.1691503998369624,0.1691503998369624,0.012430191758941894,0.06278696238322728,0.10890877614704138,0.0009354790812821005,7.2043380263631605,0.6538691591725834,186.38795059463325,171.19895045745142,99.96626562812203,0.04455566571163319,5.824403202845344,0.7686191039379751,0.03115503158011213,0.7126884660779746,0.45698430017060615,20.0
119,10,0.10890877614704138,0.9830958225997105,0.06183373478087944,13.22983250263338,0.1691503998369624,0.1691503998369624,0.012430191758941894,0.06278696238322728,0.10890877614704138,0.0009354790812821005,7.2043380263631605,0.6538691591725834,186.38795059463325,171.19895045745142,99.96626562812203,0.04455566571163319,5.824403202845344,0.7686191039379751,0.03115503158011213,0.7126884660779746,0.45698430017060615,20.0
120,1,0.005953612911954578,0.05043001195089568,0.0030285355748328247,8.843497495038138,0.24222419033826773,0.24222419033826773,0.14999950365661657,0.0853089201381616,0.005953612911954578,0.0601386977557673,2.3696329315099733,0.34675737856858735,196.48143249285462,177.03276954806856,47.895670856586285,0.13165463935052282,5.1930206174367886,0.2649535175029527,0.11238652444945674,0.9734156343283555,0.482462226804948,20.0
120,2,0.005953616514202112,0.04602917662935782,0.0030285374060308704,8.843497495038138,0.24222419033826773,0.24222419033826773,0.14999990135041108,0.08530899341949673,0.005953616514202112,0.06013869775576731,2.3696329315099733,0.34675737856858735,196.48143249285462,177.03276954806856,47.895670856586285,0.13165463935052282,5.1930206174367886,0.2649535175029527,0.11238652444945674,0.9734156343283555,0.482462226804948,20.0
120,3,0.005953616514202112,0.04602917662935782,0.0030285374060308704,8.843497495038138,0.24222419033826773,0.24222419033826773,0.14999990135041108,0.08530899341949673,0.005953616514202112,0.06013869775576731,2.3696329315099733,0.34675737856858735,196.48143249285462,177.03276954806856,47.895670856586285,0.13165463935052282,5.1930206174367886,0.2649535175029527,0.11238652444945674,0.9734156343283555,0.482462226804948,20.0
120,4,0.005953616514202112,0.04602917662935782,0.0030285374060308704,8.843497495038138,0.24222419033826773,0.24222419033826773,0.14999990135041108,0.08530899341949673,0.005953616514202112,0.06013869775576731,2.3696329315099733,0.34675737856858735,196.48143249285462,177.03276954806856,47.895670856586285,0.13165463935052282,5.1930206174367886,0.2649535175029527,0.11238652444945674,0.9734156343283555,0.482462226804948,20.0
120,5,0.005953616514202112,0.04602917662935782,0.0030285374060308704,8.843497495038138,0.24222419033826773,0.24222419033826773,0.14999990135041108,0.08530899341949673,0.005953616514202112,0.06013869775576731,2.3696329315099733,0.34675737856858735,196.48143249285462,177.03276954806856,47.895670856586285,0.13165463935052282,5.1930206174367886,0.2649535175029527,0.11238652444945674,0.9734156343283555,0.482462226804948,20.0
120,6,0.005953616514202112,0.04602917662935782,0.0030285374060308704,8.843497495038138,0.24222419033826773,0.24222419033826773,0.14999990135041108,0.08530899341949673,0.005953616514202112,0.06013869775576731,2.3696329315099733,0.34675737856858735,196.48143249285462,177.03276954806856,47.895670856586285,0.13165463935052282,5.1930206174367886,0.2649535175029527,0.11238652444945674,0.9734156343283555,0.482462226804948,20.0
120,7,0.005953616514202112,0.04602917662935782,0.0030285374060308704,8.843497495038138,0.24222419033826773,0.24222419033826773,0.14999990135041108,0.08530899341949673,0.005953616514202112,0.06013869775576731,2.3696329315099733,0.34675737856858735,196.48143249285462,177.03276954806856,47.895670856586285,0.13165463935052282,5.1930206174367886,0.2649535175029527,0.11238652444945674,0.9734156343283555,0.482462226804948,20.0
120,8,0.005953616514202112,0.04602917662935782,0.0030285374060308704,8.843497495038138,0.24222419033826773,0.24222419033826773,0.14999990135041108,0.08530899341949673,0.005953616514202112,0.06013869775576731,2.3696329315099733,0.34675737856858735,196.48143249285462,177.03276954806856,47.895670856586285,0.13165463935052282,5.1930206174367886,0.2649535175029527,0.11238652444945674,0.9734156343283555,0.482462226804948,20.0
120,9,0.005953616514202112,0.04602917662935782,0.0030285374060308704,8.843497495038138,0.24222419033826773,0.24222419033826773,0.14999990135041108,0.08530899341949673,0.005953616514202112,0.06013869775576731,2.3696329315099733,0.34675737856858735,196.48143249285462,177.03276954806856,47.895670856586285,0.13165463935052282,5.1930206174367886,0.2649535175029527,0.11238652444945674,0.9734156343283555,0.482462226804948,20.0
120,10,0.005953616514202112,0.04602917662935782,0.0030285374060308704,8.843497495038138,0.24222419033826773,0.24222419033826773,0.14999990135041108,0.08530899341949673,0.005953616514202112,0.06013869775576731,2.3696329315099733,0.34675737856858735,196.48143249285462,177.03276954806856,47.895670856586285,0.13165463935052282,5.1930206174367886,0.2649535175029527,0.11238652444945674,0.9734156343283555,0.482462226804948,20.0
121,1,0.08576770869279482,0.9577697793055129,0.04871779238243718,9.109511999468552,0.2696400091572637,0.2696400091572637,0.04165179640129837,0.15620715998275714,0.08576770869279482,8.804218218865672e-06,5.608334433098287,0.7704982769994364,148.9562683263906,143.81417567204088,78.50585269099199,0.11893707282305782,5.97560519016683,0.7750943644469364,0.08790616057857795,1.1501467020464997,0.4576421437455621,20.0
121,2,0.0899329086311111,0.9087445948709413,0.05108189473277748,9.109511999468552,0.26964008899533204,0.26964008899533204,0.0755156928973741,0.19181673020748968,0.0899329086311111,8.823849875075283e-06,5.608334433098287,0.7704982769994364,148.9562683263906,143.81417567204088,78.50585269099199,0.11893707282305782,5.97560519016683,0.7750943644469364,0.08790616057857795,1.1501467020464997,0.4576421437455621,20.0
121,3,0.0899329086477383,0.908744560513463,0.05108189474220949,9.109511999468552,0.26964008899533204,0.26964008899533204,0.07551569342692004,0.1918167304319612,0.0899329086477383,8.82384987508153e-06,5.608334433098287,0.7704982769994364,148.9562683263906,143.81417567204088,78.50585269099199,0.11893707282305782,5.97560519016683,0.7750943644469364,0.08790616057857795,1.1501467020464997,0.4576421437455621,20.0
121,4,0.0899329086477383,0.908744560513463,0.05108189474220949,9.109511999468552,0.26964008899533204,0.26964008899533204,0.07551569342692004,0.1918167304319612,0.0899329086477383,8.82384987508153e-06,5.608334433098287,0.7704982769994364,148.9562683263906,143.81417567204088,78.50585269099199,0.11893707282305782,5.97560519016683,0.7750943644469364,0.08790616057857795,1.1501467020464997,0.4576421437455621,20.0
121,5,0.0899329086477383,0.908744560513463,0.05108189474220949,9.109511999468552,0.26964008899533204,0.26964008899533204,0.07551569342692004,0.1918167304319612,0.0899329086477383,8.82384987508153e-06,5.608334433098287,0.7704982769994364,148.9562683263906,143.81417567204088,78.50585269099199,0.11893707282305782,5.97560519016683,0.7750943644469364,0.08790616057857795,1.1501467020464997,0.4576421437455621,20.0
121,6,0.0899329086477383,0.908744560513463,0.05108189474220949,9.109511999468552,0.26964008899533204,0.26964008899533204,0.07551569342692004,0.1918167304319612,0.0899329086477383,8.82384987508153e-06,5.608334433098287,0.7704982769994364,148.9562683263906,143.81417567204088,78.50585269099199,0.11893707282305782,5.97560519016683,0.7750943644469364,0.08790616057857795,1.1501467020464997,0.4576421437455621,20.0
121,7,0.0899329086477383,0.908744560513463,0.05108189474220949,9.109511999468552,0.26964008899533204,0.26964008899533204,0.07551569342692004,0.1918167304319612,0.0899329086477383,8.82384987508153e-06,5.608334433098287,0.7704982769994364,148.9562683263906,143.81417567204088,78.50585269099199,0.11893707282305782,5.97560519016683,0.7750943644469364,0.08790616057857795,1.1501467020464997,0.4576421437455621,20.0
121,8,0.0899329086477383,0.908744560513463,0.05108189474220949,9.109511999468552,0.26964008899533204,0.26964008899533204,0.07551569342692004,0.1918167304319612,0.0899329086477383,8.82384987508153e-06,5.608334433098287,0.7704982769994364,148.9562683263906,143.81417567204088,78.50585269099199,0.11893707282305782,5.97560519016683,0.7750943644469364,0.08790616057857795,1.1501467020464997,0.4576421437455621,20.0
121,9,0.0899329086477383,0.908744560513463,0.05108189474220949,9.109511999468552,0.26964008899533204,0.26964008899533204,0.07551569342692004,0.1918167304319612,0.0899329086477383,8.82384987508153e-06,5.608334433098287,0.7704982769994364,148.9562683263906,143.81417567204088,78.50585269099199,0.11893707282305782,5.97560519016683,0.7750943644469364,0.08790616057857795,1.1501467020464997,0.4576421437455621,20.0
121,10,0.0899329086477383,0.908744560513463,0.05108189474220949,9.109511999468552,0.26964008899533204,0.26964008899533204,0.07551569342692004,0.1918167304319612,0.0899329086477383,8.82384987508153e-06,5.608334433098287,0.7704982769994364,148.9562683263906,143.81417567204088,78.50585269099199,0.11893707282305782,5.97560519016683,0.7750943644469364,0.08790616057857795,1.1501467020464997,0.4576421437455621,20.0
122,1,0.18332735260433114,0.999999810969952,0.07347213906477688,8.978950412437557,0.14279271717472933,0.14279271717472933,4.427361491332415e-07,0.0001251327544590839,0.18332735260433114,0.006795016624671624,6.17835482199388,0.7540817721049701,113.23440444870536,67.9489806434741,21.24892611380068,0.0913356782766066,4.611645550873685,0.5691186013555671,0.19263453517780424,1.924972780357574,0.4599013124469362,20.0
122,2,0.21729794752076997,0.9797199637800392,0.08708712289565107,8.978950412437557,0.1429931559128191,0.1429931559128191,0.001388829359603344,0.0019692730758915605,0.21729794752076997,0.006899141943627635,6.17835482199388,0.7540817721049701,113.23440444870536,67.9489806434741,21.24892611380068,0.0913356782766066,4.611645550873685,0.5691186013555671,0.19263453517780424,1.924972780357574,0.4599013124469362,20.0
122,3,0.21729929922811309,0.9795018393027952,0.08708766399714897,8.978950412437557,0.14299315594771364,0.14299315594771364,0.0013967462332905491,0.001974741964651199,0.21729929922811309,0.006899141975151985,6.17835482199388,0.7540817721049701,113.23440444870536,67.9489806434741,21.24892611380068,0.0913356782766066,4.611645550873685,0.5691186013555671,0.19263453517780424,1.924972780357574,0.4599013124469362,20.0
122,4,0.21729929922813843,0.9795018392629554,0.08708766399715911,8.978950412437557,0.14299315594771364,0.14299315594771364,0.0013967462336430133,0.001974741964800252,0.21729929922813843,0.006899141975151985,6.17835482199388,0.7540817721049701,113.23440444870536,67.9489806434741,21.24892611380068,0.0913356782766066,4.611645550873685,0.5691186013555671,0.19263453517780424,1.924972780357574,0.4599013124469362,20.0
122,5,0.21729929922813843,0.9795018392629554,0.08708766399715911,8.978950412437557,0.14299315594771364,0.14299315594771364,0.0013967462336430133,0.001974741964800252,0.21729929922813843,0.006899141975151985,6.17835482199388,0.7540817721049701,113.23440444870536,67.9489806434741,21.24892611380068,0.0913356782766066,4.611645550873685,0.5691186013555671,0.19263453517780424,1.924972780357574,0.4599013124469362,20.0
122,6,0.21729929922813843,0.9795018392629554,0.08708766399715911,8.978950412437557,0.14299315594771364,0.14299315594771364,0.0013967462336430133,0.001974741964800252,0.21729929922813843,0.006899141975151985,6.17835482199388,0.7540817721049701,113.23440444870536,67.9489806434741,21.24892611380068,0.0913356782766066,4.611645550873685,0.5691186013555671,0.19263453517780424,1.924972780357574,0.4599013124469362,20.0
122,7,0.21729929922813843,0.9795018392629554,0.08708766399715911,8.978950412437557,0.14299315594771364,0.14299315594771364,0.0013967462336430133,0.001974741964800252,0.21729929922813843,0.006899141975151985,6.17835482199388,0.7540817721049701,113.23440444870536,67.9489806434741,21.24892611380068,0.0913356782766066,4.611645550873685,0.5691186013555671,0.19263453517780424,1.924972780357574,0.4599013124469362,20.0
122,8,0.21729929922813843,0.9795018392629554,0.08708766399715911,8.978950412437557,0.14299315594771364,0.14299315594771364,0.0013967462336430133,0.001974741964800252,0.21729929922813843,0.006899141975151985,6.17835482199388,0.7540817721049701,113.23440444870536,67.9489806434741,21.24892611380068,0.0913356782766066,4.611645550873685,0.5691186013555671,0.19263453517780424,1.924972780357574,0.4599013124469362,20.0
122,9,0.21729929922813843,0.9795018392629554,0.08708766399715911,8.978950412437557,0.14299315594771364,0.14299315594771364,0.0013967462336430133,0.001974741964800252,0.21729929922813843,0.006899141975151985,6.17835482199388,0.7540817721049701,113.23440444870536,67.9489806434741,21.24892611380068,0.0913356782766066,4.611645550873685,0.5691186013555671,0.19263453517780424,1.924972780357574,0.4599013124469362,20.0
122,10,0.21729929922813843,0.9795018392629554,0.08708766399715911,8.978950412437557,0.14299315594771364,0.14299315594771364,0.0013967462336430133,0.001974741964800252,0.21729929922813843,0.006899141975151985,6.17835482199388,0.7540817721049701,113.23440444870536,67.9489806434741,21.24892611380068,0.0913356782766066,4.611645550873685,0.5691186013555671,0.19263453517780424,1.924972780357574,0.4599013124469362,20.0
123,1,0.08628584891110089,0.9998740433265062,0.05091141331974825,19.20527950766612,0.1511018999251282,0.1511018999251282,0.00019559622937030202,0.010211150260652361,0.08628584891110089,3.3336747745543096e-07,4.969306127925674,0.2774336759877412,99.35241028049961,86.82009406410747,85.07762107821478,0.07907580920352097,5.5128616813041855,0.5427341844404852,0.13192487643915302,1.4905620741810777,0.4900408205158669,20.0
123,2,0.10275907740751773,0.9992942850492725,0.06062977718513831,19.20527950766612,0.15110191383976637,0.15110191383976637,0.0010725020092402658,0.02743131361749837,0.10275907740751773,3.398731747772532e-07,4.969306127925674,0.2774336759877412,99.35241028049961,86.82009406410747,85.07762107821478,0.07907580920352097,5.5128616813041855,0.5427341844404852,0.13192487643915302,1.4905620741810777,0.4900408205158669,20.0
123,3,0.10275907744746013,0.9992942713790085,0.060629777208674865,19.20527950766612,0.15110191383976637,0.15110191383976637,0.001072502528590262,0.02743131396715932,0.10275907744746013,3.3987317477770363e-07,4.969306127925674,0.2774336759877412,99.35241028049961,86.82009406410747,85.07762107821478,0.07907580920352097,5.5128616813041855,0.5427341844404852,0.13192487643915302,1.4905620741810777,0.4900408205158669,20.0
123,4,0.10275907744746013,0.9992942713790085,0.060629777208674865,19.20527950766612,0.15110191383976637,0.15110191383976637,0.001072502528590262,0.02743131396715932,0.10275907744746013,3.3987317477770363e-07,4.969306127925674,0.2774336759877412,99.35241028049961,86.82009406410747,85.07762107821478,0.07907580920352097,5.5128616813041855,0.5427341844404852,0.13192487643915302,1.4905620741810777,0.4900408205158669,20.0
123,5,0.10275907744746013,0.9992942713790085,0.060629777208674865,19.20527950766612,0.15110191383976637,0.15110191383976637,0.001072502528590262,0.02743131396715932,0.10275907744746013,3.3987317477770363e-07,4.969306127925674,0.2774336759877412,99.35241028049961,86.82009406410747,85.07762107821478,0.07907580920352097,5.5128616813041855,0.5427341844404852,0.13192487643915302,1.4905620741810777,0.4900408205158669,20.0
123,6,0.10275907744746013,0.9992942713790085,0.060629777208674865,19.20527950766612,0.15110191383976637,0.15110191383976637,0.001072502528590262,0.02743131396715932,0.10275907744746013,3.3987317477770363e-07,4.969306127925674,0.2774336759877412,99.35241028049961,86.82009406410747,85.07762107821478,0.07907580920352097,5.5128616813041855,0.5427341844404852,0.13192487643915302,1.4905620741810777,0.4900408205158669,20.0
123,7,0.10275907744746013,0.9992942713790085,0.060629777208674865,19.20527950766612,0.15110191383976637,0.15110191383976637,0.001072502528590262,0.02743131396715932,0.10275907744746013,3.3987317477770363e-07,4.969306127925674,0.2774336759877412,99.35241028049961,86.82009406410747,85.07762107821478,0.07907580920352097,5.5128616813041855,0.5427341844404852,0.13192487643915302,1.4905620741810777,0.4900408205158669,20.0
123,8,0.10275907744746013,0.9992942713790085,0.060629777208674865,19.20527950766612,0.15110191383976637,0.15110191383976637,0.001072502528590262,0.02743131396715932,0.10275907744746013,3.3987317477770363e-07,4.969306127925674,0.2774336759877412,99.35241028049961,86.82009406410747,85.07762107821478,0.07907580920352097,5.5128616813041855,0.5427341844404852,0.13192487643915302,1.4905620741810777,0.4900408205158669,20.0
123,9,0.10275907744746013,0.9992942713790085,0.060629777208674865,19.20527950766612,0.15110191383976637,0.15110191383976637,0.001072502528590262,0.02743131396715932,0.10275907744746013,3.3987317477770363e-07,4.969306127925674,0.2774336759877412,99.35241028049961,86.82009406410747,85.07762107821478,0.07907580920352097,5.5128616813041855,0.5427341844404852,0.13192487643915302,1.4905620741810777,0.4900408205158669,20.0
123,10,0.10275907744746013,0.9992942713790085,0.060629777208674865,19.20527950766612,0.15110191383976637,0.15110191383976637,0.001072502528590262,0.02743131396715932,0.10275907744746013,3.3987317477770363e-07,4.969306127925674,0.2774336759877412,99.35241028049961,86.82009406410747,85.07762107821478,0.07907580920352097,5.5128616813041855,0.5427341844404852,0.13192487643915302,1.4905620741810777,0.4900408205158669,20.0
124,1,0.06984960873232457,0.9999999638634207,0.04433417943209707,6.432202169739526,0.039472130187451396,0.039472130187451396,7.762748753254265e-08,1.3979013732704045e-05,0.06984960873232457,0.0007073554294216455,4.625945889954918,0.936598988531797,86.88884272267796,112.85940901215582,72.9037885295017,0.029395078018137604,2.7661155148059007,0.3946083226735719,0.14857104581249794,1.067847224396838,0.33253358596006266,20.0
124,2,0.08600259638743094,0.9981490169790498,0.0545866641103092,6.432202169739526,0.03948629966768788,0.03948629966768788,0.0001226818436544189,0.00017582616480251584,0.08600259638743094,0.0007317628701478501,4.625945889954918,0.936598988531797,86.88884272267796,112.85940901215582,72.9037885295017,0.029395078018137604,2.7661155148059007,0.3946083226735719,0.14857104581249794,1.067847224396838,0.33253358596006266,20.0
124,3,0.08600285623501616,0.9980925263755883,0.05458682886425481,6.432202169739526,0.03948629966772205,0.03948629966772205,0.000125655268127089,0.00017782066870453158,0.08600285623501616,0.0007317628702415949,4.625945889954918,0.936598988531797,86.88884272267796,112.85940901215582,72.9037885295017,0.029395078018137604,2.7661155148059007,0.3946083226735719,0.14857104581249794,1.067847224396838,0.33253358596006266,20.0
124,4,0.0860028562350163,0.9980925263754423,0.054586828864254894,6.432202169739526,0.03948629966772205,0.03948629966772205,0.00012565526813019908,0.00017782066870593397,0.0860028562350163,0.0007317628702415949,4.625945889954918,0.936598988531797,86.88884272267796,112.85940901215582,72.9037885295017,0.029395078018137604,2.7661155148059007,0.3946083226735719,0.14857104581249794,1.067847224396838,0.33253358596006266,20.0
124,5,0.0860028562350163,0.9980925263754423,0.054586828864254894,6.432202169739526,0.03948629966772205,0.03948629966772205,0.00012565526813019908,0.00017782066870593397,0.0860028562350163,0.0007317628702415949,4.625945889954918,0.936598988531797,86.88884272267796,112.85940901215582,72.9037885295017,0.029395078018137604,2.7661155148059007,0.3946083226735719,0.14857104581249794,1.067847224396838,0.33253358596006266,20.0
124,6,0.0860028562350163,0.9980925263754423,0.054586828864254894,6.432202169739526,0.03948629966772205,0.03948629966772205,0.00012565526813019908,0.00017782066870593397,0.0860028562350163,0.0007317628702415949,4.625945889954918,0.936598988531797,86.88884272267796,112.85940901215582,72.9037885295017,0.029395078018137604,2.7661155148059007,0.3946083226735719,0.14857104581249794,1.067847224396838,0.33253358596006266,20.0
124,7,0.0860028562350163,0.9980925263754423,0.054586828864254894,6.432202169739526,0.03948629966772205,0.03948629966772205,0.00012565526813019908,0.00017782066870593397,0.0860028562350163,0.0007317628702415949,4.625945889954918,0.936598988531797,86.88884272267796,112.85940901215582,72.9037885295017,0.029395078018137604,2.7661155148059007,0.3946083226735719,0.14857104581249794,1.067847224396838,0.33253358596006266,20.0
124,8,0.0860028562350163,0.9980925263754423,0.054586828864254894,6.432202169739526,0.03948629966772205,0.03948629966772205,0.00012565526813019908,0.00017782066870593397,0.0860028562350163,0.0007317628702415949,4.625945889954918,0.936598988531797,86.88884272267796,112.85940901215582,72.9037885295017,0.029395078018137604,2.7661155148059007,0.3946083226735719,0.14857104581249794,1.067847224396838,0.33253358596006266,20.0
124,9,0.0860028562350163,0.9980925263754423,0.054586828864254894,6.432202169739526,0.03948629966772205,0.03948629966772205,0.00012565526813019908,0.00017782066870593397,0.0860028562350163,0.0007317628702415949,4.625945889954918,0.936598988531797,86.88884272267796,112.85940901215582,72.9037885295017,0.029395078018137604,2.7661155148059007,0.3946083226735719,0.14857104581249794,1.067847224396838,0.33253358596006266,20.0
124,10,0.0860028562350163,0.9980925263754423,0.054586828864254894,6.432202169739526,0.03948629966772205,0.03948629966772205,0.00012565526813019908,0.00017782066870593397,0.0860028562350163,0.0007317628702415949,4.625945889954918,0.936598988531797,86.88884272267796,112.85940901215582,72.9037885295017,0.029395078018137604,2.7661155148059007,0.3946083226735719,0.14857104581249794,1.067847224396838,0.33253358596006266,20.0
125,1,0.05843065837319113,0.9990785158874188,0.039353736786527385,36.21117175367171,0.15959804977120662,0.15959804977120662,0.001660870746792325,0.08800539348420543,0.05843065837319113,2.523267351149972e-11,6.7647008157472905,0.1994049795031947,107.13930191943795,194.79970974249684,67.74838267756253,0.0835522031375486,3.337228879171221,0.592259469973955,0.19147969912130558,0.9023436605679147,0.35881916867991803,20.0
125,2,0.0641455665741783,0.9927419199209618,0.04319781538440898,36.21117175367171,0.15959804977120662,0.15959804977120662,0.012178504890505362,0.1700614346585315,0.0641455665741783,2.5232673515776957e-11,6.7647008157472905,0.1994049795031947,107.13930191943795,194.79970974249684,67.74838267756253,0.0835522031375486,3.337228879171221,0.592259469973955,0.19147969912130558,0.9023436605679147,0.35881916867991803,20.0
125,3,0.0641455665741783,0.9927419199209618,0.04319781538440898,36.21117175367171,0.15959804977120662,0.15959804977120662,0.012178504890505362,0.1700614346585315,0.0641455665741783,2.5232673515776957e-11,6.7647008157472905,0.1994049795031947,107.13930191943795,194.79970974249684,67.74838267756253,0.0835522031375486,3.337228879171221,0.592259469973955,0.19147969912130558,0.9023436605679147,0.35881916867991803,20.0
125,4,0.0641455665741783,0.9927419199209618,0.04319781538440898,36.21117175367171,0.15959804977120662,0.15959804977120662,0.012178504890505362,0.1700614346585315,0.0641455665741783,2.5232673515776957e-11,6.7647008157472905,0.1994049795031947,107.13930191943795,194.79970974249684,67.74838267756253,0.0835522031375486,3.337228879171221,0.592259469973955,0.19147969912130558,0.9023436605679147,0.35881916867991803,20.0
125,5,0.0641455665741783,0.9927419199209618,0.04319781538440898,36.21117175367171,0.15959804977120662,0.15959804977120662,0.012178504890505362,0.1700614346585315,0.0641455665741783,2.5232673515776957e-11,6.7647008157472905,0.1994049795031947,107.13930191943795,194.79970974249684,67.74838267756253,0.0835522031375486,3.337228879171221,0.592259469973955,0.19147969912130558,0.9023436605679147,0.35881916867991803,20.0
125,6,0.0641455665741783,0.9927419199209618,0.04319781538440898,36.21117175367171,0.15959804977120662,0.15959804977120662,0.012178504890505362,0.1700614346585315,0.0641455665741783,2.5232673515776957e-11,6.7647008157472905,0.1994049795031947,107.13930191943795,194.79970974249684,67.74838267756253,0.0835522031375486,3.337228879171221,0.592259469973955,0.19147969912130558,0.9023436605679147,0.35881916867991803,20.0
125,7,0.0641455665741783,0.9927419199209618,0.04319781538440898,36.21117175367171,0.15959804977120662,0.15959804977120662,0.012178504890505362,0.1700614346585315,0.0641455665741783,2.5232673515776957e-11,6.7647008157472905,0.1994049795031947,107.13930191943795,194.79970974249684,67.74838267756253,0.0835522031375486,3.337228879171221,0.592259469973955,0.19147969912130558,0.9023436605679147,0.35881916867991803,20.0
125,8,0.0641455665741783,0.9927419199209618,0.04319781538440898,36.21117175367171,0.15959804977120662,0.15959804977120662,0.012178504890505362,0.1700614346585315,0.0641455665741783,2.5232673515776957e-11,6.7647008157472905,0.1994049795031947,107.13930191943795,194.79970974249684,67.74838267756253,0.0835522031375486,3.337228879171221,0.592259469973955,0.19147969912130558,0.9023436605679147,0.35881916867991803,20.0
125,9,0.0641455665741783,0.9927419199209618,0.04319781538440898,36.21117175367171,0.15959804977120662,0.15959804977120662,0.012178504890505362,0.1700614346585315,0.0641455665741783,2.5232673515776957e-11,6.7647008157472905,0.1994049795031947,107.13930191943795,194.79970974249684,67.74838267756253,0.0835522031375486,3.337228879171221,0.592259469973955,0.19147969912130558,0.9023436605679147,0.35881916867991803,20.0
125,10,0.0641455665741783,0.9927419199209618,0.04319781538440898,36.21117175367171,0.15959804977120662,0.15959804977120662,0.012178504890505362,0.1700614346585315,0.0641455665741783,2.5232673515776957e-11,6.7647008157472905,0.1994049795031947,107.13930191943795,194.79970974249684,67.74838267756253,0.0835522031375486,3.337228879171221,0.592259469973955,0.19147969912130558,0.9023436605679147,0.35881916867991803,20.0
126,1,0.04895066138168812,0.9999436494709434,0.034587959654794616,10.484121823302354,0.28199242796681095,0.28199242796681095,9.17711801334534e-05,0.015910213333871704,0.04895066138168812,1.344031836902722e-08,6.904438912576605,0.8296930482991612,76.60547671049329,199.7774640723936,32.93370977181431,0.14879953034699037,4.653483110164191,0.8177596827843485,0.13964915675737674,1.5905444262127648,0.4957751992393155,20.0
126,2,0.06028323164654704,0.9993766456041332,0.04259240162478222,10.484121823302354,0.2819924282116708,0.2819924282116708,0.0010508992892508712,0.05716439625655483,0.06028323164654704,1.3519266331324976e-08,6.904438912576605,0.8296930482991612,76.60547671049329,199.7774640723936,32.93370977181431,0.14879953034699037,4.653483110164191,0.8177596827843485,0.13964915675737674,1.5905444262127648,0.4957751992393155,20.0
126,3,0.060283231646796324,0.999376645442073,0.04259240162495803,10.484121823302354,0.2819924282116708,0.2819924282116708,0.0010508992960115903,0.0571643962606084,0.060283231646796324,1.3519266331324981e-08,6.904438912576605,0.8296930482991612,76.60547671049329,199.7774640723936,32.93370977181431,0.14879953034699037,4.653483110164191,0.8177596827843485,0.13964915675737674,1.5905444262127648,0.4957751992393155,20.0
126,4,0.060283231646796324,0.999376645442073,0.04259240162495803,10.484121823302354,0.2819924282116708,0.2819924282116708,0.0010508992960115903,0.0571643962606084,0.060283231646796324,1.3519266331324981e-08,6.904438912576605,0.8296930482991612,76.60547671049329,199.7774640723936,32.93370977181431,0.14879953034699037,4.653483110164191,0.8177596827843485,0.13964915675737674,1.5905444262127648,0.4957751992393155,20.0
126,5,0.060283231646796324,0.999376645442073,0.04259240162495803,10.484121823302354,0.2819924282116708,0.2819924282116708,0.0010508992960115903,0.0571643962606084,0.060283231646796324,1.3519266331324981e-08,6.904438912576605,0.8296930482991612,76.60547671049329,199.7774640723936,32.93370977181431,0.14879953034699037,4.653483110164191,0.8177596827843485,0.13964915675737674,1.5905444262127648,0.4957751992393155,20.0
126,6,0.060283231646796324,0.999376645442073,0.04259240162495803,10.484121823302354,0.2819924282116708,0.2819924282116708,0.0010508992960115903,0.0571643962606084,0.060283231646796324,1.3519266331324981e-08,6.904438912576605,0.8296930482991612,76.60547671049329,199.7774640723936,32.93370977181431,0.14879953034699037,4.653483110164191,0.8177596827843485,0.13964915675737674,1.5905444262127648,0.4957751992393155,20.0
126,7,0.060283231646796324,0.999376645442073,0.04259240162495803,10.484121823302354,0.2819924282116708,0.2819924282116708,0.0010508992960115903,0.0571643962606084,0.060283231646796324,1.3519266331324981e-08,6.904438912576605,0.8296930482991612,76.60547671049329,199.7774640723936,32.93370977181431,0.14879953034699037,4.653483110164191,0.8177596827843485,0.13964915675737674,1.5905444262127648,0.4957751992393155,20.0
126,8,0.060283231646796324,0.999376645442073,0.04259240162495803,10.484121823302354,0.2819924282116708,0.2819924282116708,0.0010508992960115903,0.0571643962606084,0.060283231646796324,1.3519266331324981e-08,6.904438912576605,0.8296930482991612,76.60547671049329,199.7774640723936,32.93370977181431,0.14879953034699037,4.653483110164191,0.8177596827843485,0.13964915675737674,1.5905444262127648,0.4957751992393155,20.0
126,9,0.060283231646796324,0.999376645442073,0.04259240162495803,10.484121823302354,0.2819924282116708,0.2819924282116708,0.0010508992960115903,0.0571643962606084,0.060283231646796324,1.3519266331324981e-08,6.904438912576605,0.8296930482991612,76.60547671049329,199.7774640723936,32.93370977181431,0.14879953034699037,4.653483110164191,0.8177596827843485,0.13964915675737674,1.5905444262127648,0.4957751992393155,20.0
126,10,0.060283231646796324,0.999376645442073,0.04259240162495803,10.484121823302354,0.2819924282116708,0.2819924282116708,0.0010508992960115903,0.0571643962606084,0.060283231646796324,1.3519266331324981e-08,6.904438912576605,0.8296930482991612,76.60547671049329,199.7774640723936,32.93370977181431,0.14879953034699037,4.653483110164191,0.8177596827843485,0.13964915675737674,1.5905444262127648,0.4957751992393155,20.0
127,1,0.03513976958955985,0.9999999982928396,0.02586228653408703,5.058888744004514,0.08852553591410398,0.08852553591410398,2.8785788821444965e-09,1.01092512943141e-05,0.03513976958955985,0.0003330894826973495,2.6551016200657864,0.6841102984865414,38.188525819798585,73.29395587067712,88.9695036017206,0.028314202165652187,5.712068707472929,0.526274343871584,0.168653699932738,0.6257940759528678,0.3991445609369912,20.0
127,2,0.0536165346354907,0.9990732754047408,0.039460914977779114,5.058888744004514,0.08858298413444807,0.08858298413444807,0.0001221225923992692,0.00018200721007054576,0.0536165346354907,0.0003887182997560146,2.6551016200657864,0.6841102984865414,38.188525819798585,73.29395587067712,88.9695036017206,0.028314202165652187,5.712068707472929,0.526274343871584,0.168653699932738,0.6257940759528678,0.3991445609369912,20.0
127,3,0.053617888281205756,0.9989255072805234,0.03946191000772873,5.058888744004514,0.08858298413519944,0.08858298413519944,0.00014038383258804557,0.00019258125277799745,0.053617888281205756,0.00038871830090554633,2.6551016200657864,0.6841102984865414,38.188525819798585,73.29395587067712,88.9695036017206,0.028314202165652187,5.712068707472929,0.526274343871584,0.168653699932738,0.6257940759528678,0.3991445609369912,20.0
127,4,0.053617888281211785,0.9989255072782085,0.039461910007733164,5.058888744004514,0.08858298413519944,0.08858298413519944,0.00014038383277283287,0.00019258125284429803,0.053617888281211785,0.00038871830090554633,2.6551016200657864,0.6841102984865414,38.188525819798585,73.29395587067712,88.9695036017206,0.028314202165652187,5.712068707472929,0.526274343871584,0.168653699932738,0.6257940759528678,0.3991445609369912,20.0
127,5,0.053617888281211785,0.9989255072782085,0.039461910007733164,5.058888744004514,0.08858298413519944,0.08858298413519944,0.00014038383277283287,0.00019258125284429803,0.053617888281211785,0.00038871830090554633,2.6551016200657864,0.6841102984865414,38.188525819798585,73.29395587067712,88.9695036017206,0.028314202165652187,5.712068707472929,0.526274343871584,0.168653699932738,0.6257940759528678,0.3991445609369912,20.0
127,6,0.053617888281211785,0.9989255072782085,0.039461910007733164,5.058888744004514,0.08858298413519944,0.08858298413519944,0.00014038383277283287,0.00019258125284429803,0.053617888281211785,0.00038871830090554633,2.6551016200657864,0.6841102984865414,38.188525819798585,73.29395587067712,88.9695036017206,0.028314202165652187,5.712068707472929,0.526274343871584,0.168653699932738,0.6257940759528678,0.3991445609369912,20.0
127,7,0.053617888281211785,0.9989255072782085,0.039461910007733164,5.058888744004514,0.08858298413519944,0.08858298413519944,0.00014038383277283287,0.00019258125284429803,0.053617888281211785,0.00038871830090554633,2.6551016200657864,0.6841102984865414,38.188525819798585,73.29395587067712,88.9695036017206,0.028314202165652187,5.712068707472929,0.526274343871584,0.168653699932738,0.6257940759528678,0.3991445609369912,20.0
127,8,0.053617888281211785,0.9989255072782085,0.039461910007733164,5.058888744004514,0.08858298413519944,0.08858298413519944,0.00014038383277283287,0.00019258125284429803,0.053617888281211785,0.00038871830090554633,2.6551016200657864,0.6841102984865414,38.188525819798585,73.29395587067712,88.9695036017206,0.028314202165652187,5.712068707472929,0.526274343871584,0.168653699932738,0.6257940759528678,0.3991445609369912,20.0
127,9,0.053617888281211785,0.9989255072782085,0.039461910007733164,5.058888744004514,0.08858298413519944,0.08858298413519944,0.00014038383277283287,0.00019258125284429803,0.053617888281211785,0.00038871830090554633,2.6551016200657864,0.6841102984865414,38.188525819798585,73.29395587067712,88.9695036017206,0.028314202165652187,5.712068707472929,0.526274343871584,0.168653699932738,0.6257940759528678,0.3991445609369912,20.0
127,10,0.053617888281211785,0.9989255072782085,0.039461910007733164,5.058888744004514,0.08858298413519944,0.08858298413519944,0.00014038383277283287,0.00019258125284429803,0.053617888281211785,0.00038871830090554633,2.6551016200657864,0.6841102984865414,38.188525819798585,73.29395587067712,88.9695036017206,0.028314202165652187,5.712068707472929,0.526274343871584,0.168653699932738,0.6257940759528678,0.3991445609369912,20.0
128,1,0.04888418703524092,0.9999985342764017,0.03240890384386752,7.27433150308046,0.190273178213053,0.190273178213053,1.2157908833581062e-06,8.649298350343237e-05,0.04888418703524092,0.008119780145370991,4.247291767413143,0.7875078201623469,88.00537413101512,163.55468691855117,49.09036406789101,0.07944090311403555,4.59524002805777,1.39147665671944,0.03435654611146435,1.7419813463337608,0.41662674171889097,20.0
128,2,0.06917142610971497,0.9571808214115408,0.04585859457379253,7.27433150308046,0.20453747208400513,0.20453747208400513,0.0068327006453301,0.010307890458375138,0.06917142610971497,0.009742530472357852,4.247291767413143,0.7875078201623469,88.00537413101512,163.55468691855117,49.09036406789101,0.07944090311403555,4.59524002805777,1.39147665671944,0.03435654611146435,1.7419813463337608,0.41662674171889097,20.0
128,3,0.07030430092589564,0.9502766443546337,0.04660957877864207,7.27433150308046,0.20468583622336523,0.20468583622336523,0.00804821893138916,0.012008284033473647,0.07030430092589564,0.009771204741395827,4.247291767413143,0.7875078201623469,88.00537413101512,163.55468691855117,49.09036406789101,0.07944090311403555,4.59524002805777,1.39147665671944,0.03435654611146435,1.7419813463337608,0.41662674171889097,20.0
128,4,0.07031292383819353,0.9501661315704276,0.04661529440970241,7.27433150308046,0.20468635332925605,0.20468635332925605,0.00806442107487319,0.012027945272385208,0.07031292383819353,0.009771334434008225,4.247291767413143,0.7875078201623469,88.00537413101512,163.55468691855117,49.09036406789101,0.07944090311403555,4.59524002805777,1.39147665671944,0.03435654611146435,1.7419813463337608,0.41662674171889097,20.0
128,5,0.07031294784648372,0.9501656654482004,0.04661531032246321,7.27433150308046,0.20468635424719944,0.20468635424719944,0.008064481444578239,0.012028012265071218,0.07031294784648372,0.00977133470439031,4.247291767413143,0.7875078201623469,88.00537413101512,163.55468691855117,49.09036406789101,0.07944090311403555,4.59524002805777,1.39147665671944,0.03435654611146435,1.7419813463337608,0.41662674171889097,20.0
128,6,0.07031294788244424,0.9501656645279322,0.046615310346296915,7.27433150308046,0.20468635424822024,0.20468635424822024,0.008064481553552515,0.012028012378591657,0.07031294788244424,0.00977133470472637,4.247291767413143,0.7875078201623469,88.00537413101512,163.55468691855117,49.09036406789101,0.07944090311403555,4.59524002805777,1.39147665671944,0.03435654611146435,1.7419813463337608,0.41662674171889097,20.0
128,7,0.07031294788247922,0.9501656645268368,0.046615310346320084,7.27433150308046,0.20468635424822104,0.20468635424822104,0.008064481553673506,0.012028012378711803,0.07031294788247922,0.009771334704726646,4.247291767413143,0.7875078201623469,88.00537413101512,163.55468691855117,49.09036406789101,0.07944090311403555,4.59524002805777,1.39147665671944,0.03435654611146435,1.7419813463337608,0.41662674171889097,20.0
128,8,0.07031294788247923,0.9501656645268358,0.0466153103463201,7.27433150308046,0.20468635424822104,0.20468635424822104,0.008064481553673595,0.012028012378711888,0.07031294788247923,0.009771334704726646,4.247291767413143,0.7875078201623469,88.00537413101512,163.55468691855117,49.09036406789101,0.07944090311403555,4.59524002805777,1.39147665671944,0.03435654611146435,1.7419813463337608,0.41662674171889097,20.0
128,9,0.07031294788247923,0.9501656645268358,0.0466153103463201,7.27433150308046,0.20468635424822104,0.20468635424822104,0.008064481553673595,0.012028012378711888,0.07031294788247923,0.009771334704726646,4.247291767413143,0.7875078201623469,88.00537413101512,163.55468691855117,49.09036406789101,0.07944090311403555,4.59524002805777,1.39147665671944,0.03435654611146435,1.7419813463337608,0.41662674171889097,20.0
128,10,0.07031294788247923,0.9501656645268358,0.0466153103463201,7.27433150308046,0.20468635424822104,0.20468635424822104,0.008064481553673595,0.012028012378711888,0.07031294788247923,0.009771334704726646,4.247291767413143,0.7875078201623469,88.00537413101512,163.55468691855117,49.09036406789101,0.07944090311403555,4.59524002805777,1.39147665671944,0.03435654611146435,1.7419813463337608,0.41662674171889097,20.0
129,1,0.08601480735918811,0.8478246355213704,0.04472337463624844,10.89041743381582,0.19487633781799824,0.19487633781799824,0.10484703895319565,0.2318639820021497,0.08601480735918811,2.3283823491698866e-08,5.497152779298946,0.5979500101226988,160.26398057777502,144.01142555629872,51.394296914010475,0.10614512590457281,5.534597688795789,0.4302132537673757,0.16294038990086332,1.073581057937362,0.3914820575183591,20.0
129,2,0.08686291720702909,0.7586422391452743,0.04516371010901642,10.89041743381582,0.19487633781818114,0.19487633781818114,0.1306481007624702,0.24350936198499223,0.08686291720702909,2.3283951753868518e-08,5.497152779298946,0.5979500101226988,160.26398057777502,144.01142555629872,51.394296914010475,0.10614512590457281,5.534597688795789,0.4302132537673757,0.16294038990086332,1.073581057937362,0.3914820575183591,20.0
129,3,0.08686291720702909,0.7586422391451834,0.04516371010901642,10.89041743381582,0.19487633781818114,0.19487633781818114,0.1306481007624702,0.24350936198499223,0.08686291720702909,2.3283951753868518e-08,5.497152779298946,0.5979500101226988,160.26398057777502,144.01142555629872,51.394296914010475,0.10614512590457281,5.534597688795789,0.4302132537673757,0.16294038990086332,1.073581057937362,0.3914820575183591,20.0
129,4,0.08686291720702909,0.7586422391451834,0.04516371010901642,10.89041743381582,0.19487633781818114,0.19487633781818114,0.1306481007624702,0.24350936198499223,0.08686291720702909,2.3283951753868518e-08,5.497152779298946,0.5979500101226988,160.26398057777502,144.01142555629872,51.394296914010475,0.10614512590457281,5.534597688795789,0.4302132537673757,0.16294038990086332,1.073581057937362,0.3914820575183591,20.0
129,5,0.08686291720702909,0.7586422391451834,0.04516371010901642,10.89041743381582,0.19487633781818114,0.19487633781818114,0.1306481007624702,0.24350936198499223,0.08686291720702909,2.3283951753868518e-08,5.497152779298946,0.5979500101226988,160.26398057777502,144.01142555629872,51.394296914010475,0.10614512590457281,5.534597688795789,0.4302132537673757,0.16294038990086332,1.073581057937362,0.3914820575183591,20.0
129,6,0.08686291720702909,0.7586422391451834,0.04516371010901642,10.89041743381582,0.19487633781818114,0.19487633781818114,0.1306481007624702,0.24350936198499223,0.08686291720702909,2.3283951753868518e-08,5.497152779298946,0.5979500101226988,160.26398057777502,144.01142555629872,51.394296914010475,0.10614512590457281,5.534597688795789,0.4302132537673757,0.16294038990086332,1.073581057937362,0.3914820575183591,20.0
129,7,0.08686291720702909,0.7586422391451834,0.04516371010901642,10.89041743381582,0.19487633781818114,0.19487633781818114,0.1306481007624702,0.24350936198499223,0.08686291720702909,2.3283951753868518e-08,5.497152779298946,0.5979500101226988,160.26398057777502,144.01142555629872,51.394296914010475,0.10614512590457281,5.534597688795789,0.4302132537673757,0.16294038990086332,1.073581057937362,0.3914820575183591,20.0
129,8,0.08686291720702909,0.7586422391451834,0.04516371010901642,10.89041743381582,0.19487633781818114,0.19487633781818114,0.1306481007624702,0.24350936198499223,0.08686291720702909,2.3283951753868518e-08,5.497152779298946,0.5979500101226988,160.26398057777502,144.01142555629872,51.394296914010475,0.10614512590457281,5.534597688795789,0.4302132537673757,0.16294038990086332,1.073581057937362,0.3914820575183591,20.0
129,9,0.08686291720702909,0.7586422391451834,0.04516371010901642,10.89041743381582,0.19487633781818114,0.19487633781818114,0.1306481007624702,0.24350936198499223,0.08686291720702909,2.3283951753868518e-08,5.497152779298946,0.5979500101226988,160.26398057777502,144.01142555629872,51.394296914010475,0.10614512590457281,5.534597688795789,0.4302132537673757,0.16294038990086332,1.073581057937362,0.3914820575183591,20.0
129,10,0.08686291720702909,0.7586422391451834,0.04516371010901642,10.89041743381582,0.19487633781818114,0.19487633781818114,0.1306481007624702,0.24350936198499223,0.08686291720702909,2.3283951753868518e-08,5.497152779298946,0.5979500101226988,160.26398057777502,144.01142555629872,51.394296914010475,0.10614512590457281,5.534597688795789,0.4302132537673757,0.16294038990086332,1.073581057937362,0.3914820575183591,20.0
130,1,0.022247889928401442,0.9659677463644252,0.017381614811591603,16.635469378633893,0.4585003329524751,0.4585003329524751,0.020836918388097075,0.10490583822024878,0.022247889928401442,0.0004223201135791978,6.094242816850033,0.41774113176312955,50.26728853982696,157.63769380779416,94.10588886174283,0.10886072043784058,3.8821043464796228,0.9078298279836714,0.10166753123336654,0.6190654293907516,0.4629737734927536,20.0
130,2,0.025788420168699703,0.8593625882715447,0.020145780468427875,16.635469378633893,0.4585003329888613,0.4585003329888613,0.06910631440274749,0.14635500654500094,0.025788420168699703,0.00042232012077602477,6.094242816850033,0.41774113176312955,50.26728853982696,157.63769380779416,94.10588886174283,0.10886072043784058,3.8821043464796228,0.9078298279836714,0.10166753123336654,0.6190654293907516,0.4629737734927536,20.0
130,3,0.025788420168724815,0.8593625882494753,0.020145780468447467,16.635469378633893,0.4585003329888613,0.4585003329888613,0.06910631440432767,0.146355006545463,0.025788420168724815,0.00042232012077602477,6.094242816850033,0.41774113176312955,50.26728853982696,157.63769380779416,94.10588886174283,0.10886072043784058,3.8821043464796228,0.9078298279836714,0.10166753123336654,0.6190654293907516,0.4629737734927536,20.0
130,4,0.025788420168724815,0.8593625882494753,0.020145780468447467,16.635469378633893,0.4585003329888613,0.4585003329888613,0.06910631440432767,0.146355006545463,0.025788420168724815,0.00042232012077602477,6.094242816850033,0.41774113176312955,50.26728853982696,157.63769380779416,94.10588886174283,0.10886072043784058,3.8821043464796228,0.9078298279836714,0.10166753123336654,0.6190654293907516,0.4629737734927536,20.0
130,5,0.025788420168724815,0.8593625882494753,0.020145780468447467,16.635469378633893,0.4585003329888613,0.4585003329888613,0.06910631440432767,0.146355006545463,0.025788420168724815,0.00042232012077602477,6.094242816850033,0.41774113176312955,50.26728853982696,157.63769380779416,94.10588886174283,0.10886072043784058,3.8821043464796228,0.9078298279836714,0.10166753123336654,0.6190654293907516,0.4629737734927536,20.0
130,6,0.025788420168724815,0.8593625882494753,0.020145780468447467,16.635469378633893,0.4585003329888613,0.4585003329888613,0.06910631440432767,0.146355006545463,0.025788420168724815,0.00042232012077602477,6.094242816850033,0.41774113176312955,50.26728853982696,157.63769380779416,94.10588886174283,0.10886072043784058,3.8821043464796228,0.9078298279836714,0.10166753123336654,0.6190654293907516,0.4629737734927536,20.0
130,7,0.025788420168724815,0.8593625882494753,0.020145780468447467,16.635469378633893,0.4585003329888613,0.4585003329888613,0.06910631440432767,0.146355006545463,0.025788420168724815,0.00042232012077602477,6.094242816850033,0.41774113176312955,50.26728853982696,157.63769380779416,94.10588886174283,0.10886072043784058,3.8821043464796228,0.9078298279836714,0.10166753123336654,0.6190654293907516,0.4629737734927536,20.0
130,8,0.025788420168724815,0.8593625882494753,0.020145780468447467,16.635469378633893,0.4585003329888613,0.4585003329888613,0.06910631440432767,0.146355006545463,0.025788420168724815,0.00042232012077602477,6.094242816850033,0.41774113176312955,50.26728853982696,157.63769380779416,94.10588886174283,0.10886072043784058,3.8821043464796228,0.9078298279836714,0.10166753123336654,0.6190654293907516,0.4629737734927536,20.0
130,9,0.025788420168724815,0.8593625882494753,0.020145780468447467,16.635469378633893,0.4585003329888613,0.4585003329888613,0.06910631440432767,0.146355006545463,0.025788420168724815,0.00042232012077602477,6.094242816850033,0.41774113176312955,50.26728853982696,157.63769380779416,94.10588886174283,0.10886072043784058,3.8821043464796228,0.9078298279836714,0.10166753123336654,0.6190654293907516,0.4629737734927536,20.0
130,10,0.025788420168724815,0.8593625882494753,0.020145780468447467,16.635469378633893,0.4585003329888613,0.4585003329888613,0.06910631440432767,0.146355006545463,0.025788420168724815,0.00042232012077602477,6.094242816850033,0.41774113176312955,50.26728853982696,157.63769380779416,94.10588886174283,0.10886072043784058,3.8821043464796228,0.9078298279836714,0.10166753123336654,0.6190654293907516,0.4629737734927536,20.0
131,1,0.03883931958643527,0.8293433323098202,0.024894292408938038,4.23990135899173,0.16054697175726987,0.16054697175726987,0.07593917519315121,0.15576142201039006,0.03883931958643527,0.0005377457018559902,2.04218768078285,0.6449532709244971,66.46087819973357,60.036255598609465,94.62539028133283,0.10303806476653386,2.5132619571447163,0.991505271068067,0.13796996148671137,1.5319043750103574,0.49213880237110613,20.0
131,2,0.04087617190711565,0.6626956710832352,0.026198578873929578,4.23990135899173,0.16054697723826888,0.16054697723826888,0.11857599559724609,0.1759575257689669,0.04087617190711565,0.0005377510145393496,2.04218768078285,0.6449532709244971,66.46087819973357,60.036255598609465,94.62539028133283,0.10303806476653386,2.5132619571447163,0.991505271068067,0.13796996148671137,1.5319043750103574,0.49213880237110613,20.0
131,3,0.04087617190768963,0.6626956652851239,0.026198578874296802,4.23990135899173,0.16054697723826888,0.16054697723826888,0.11857599565117898,0.17595752577775498,0.04087617190768963,0.0005377510145393497,2.04218768078285,0.6449532709244971,66.46087819973357,60.036255598609465,94.62539028133283,0.10303806476653386,2.5132619571447163,0.991505271068067,0.13796996148671137,1.5319043750103574,0.49213880237110613,20.0
131,4,0.04087617190768963,0.6626956652851239,0.026198578874296802,4.23990135899173,0.16054697723826888,0.16054697723826888,0.11857599565117898,0.17595752577775498,0.04087617190768963,0.0005377510145393497,2.04218768078285,0.6449532709244971,66.46087819973357,60.036255598609465,94.62539028133283,0.10303806476653386,2.5132619571447163,0.991505271068067,0.13796996148671137,1.5319043750103574,0.49213880237110613,20.0
131,5,0.04087617190768963,0.6626956652851239,0.026198578874296802,4.23990135899173,0.16054697723826888,0.16054697723826888,0.11857599565117898,0.17595752577775498,0.04087617190768963,0.0005377510145393497,2.04218768078285,0.6449532709244971,66.46087819973357,60.036255598609465,94.62539028133283,0.10303806476653386,2.5132619571447163,0.991505271068067,0.13796996148671137,1.5319043750103574,0.49213880237110613,20.0
131,6,0.04087617190768963,0.6626956652851239,0.026198578874296802,4.23990135899173,0.16054697723826888,0.16054697723826888,0.11857599565117898,0.17595752577775498,0.04087617190768963,0.0005377510145393497,2.04218768078285,0.6449532709244971,66.46087819973357,60.036255598609465,94.62539028133283,0.10303806476653386,2.5132619571447163,0.991505271068067,0.13796996148671137,1.5319043750103574,0.49213880237110613,20.0
131,7,0.04087617190768963,0.6626956652851239,0.026198578874296802,4.23990135899173,0.16054697723826888,0.16054697723826888,0.11857599565117898,0.17595752577775498,0.04087617190768963,0.0005377510145393497,2.04218768078285,0.6449532709244971,66.46087819973357,60.036255598609465,94.62539028133283,0.10303806476653386,2.5132619571447163,0.991505271068067,0.13796996148671137,1.5319043750103574,0.49213880237110613,20.0
131,8,0.04087617190768963,0.6626956652851239,0.026198578874296802,4.23990135899173,0.16054697723826888,0.16054697723826888,0.11857599565117898,0.17595752577775498,0.04087617190768963,0.0005377510145393497,2.04218768078285,0.6449532709244971,66.46087819973357,60.036255598609465,94.62539028133283,0.10303806476653386,2.5132619571447163,0.991505271068067,0.13796996148671137,1.5319043750103574,0.49213880237110613,20.0
131,9,0.04087617190768963,0.6626956652851239,0.026198578874296802,4.23990135899173,0.16054697723826888,0.16054697723826888,0.11857599565117898,0.17595752577775498,0.04087617190768963,0.0005377510145393497,2.04218768078285,0.6449532709244971,66.46087819973357,60.036255598609465,94.62539028133283,0.10303806476653386,2.5132619571447163,0.991505271068067,0.13796996148671137,1.5319043750103574,0.49213880237110613,20.0
131,10,0.04087617190768963,0.6626956652851239,0.026198578874296802,4.23990135899173,0.16054697723826888,0.16054697723826888,0.11857599565117898,0.17595752577775498,0.04087617190768963,0.0005377510145393497,2.04218768078285,0.6449532709244971,66.46087819973357,60.036255598609465,94.62539028133283,0.10303806476653386,2.5132619571447163,0.991505271068067,0.13796996148671137,1.5319043750103574,0.49213880237110613,20.0
132,1,0.23514852720953713,0.9995420613413472,0.08590500245643094,13.879067724031831,0.07359421885037547,0.07359421885037547,0.0009464617768591664,0.017112062153310886,0.23514852720953713,0.0003465029770291232,2.9954179465884883,0.23338622396267722,198.52140114274323,83.06821074183631,42.75788042212616,0.07035536203977466,3.950020901444973,0.8612424397716163,0.15517488134033397,1.8883898847581262,0.3966986149019831,20.0
132,2,0.2568143117619722,0.9977903842457775,0.09381845379784239,13.879067724031831,0.0735946934368027,0.0735946934368027,0.0031765457780745304,0.03918264079332776,0.2568143117619722,0.000346959521462997,2.9954179465884883,0.23338622396267722,198.52140114274323,83.06821074183631,42.75788042212616,0.07035536203977466,3.950020901444973,0.8612424397716163,0.15517488134033397,1.8883898847581262,0.3966986149019831,20.0
132,3,0.2568143119498854,0.997789817648434,0.09381845386639118,13.879067724031831,0.07359469343680274,0.07359469343680274,0.003176547974669406,0.03918264213242477,0.2568143119498854,0.00034695952146306824,2.9954179465884883,0.23338622396267722,198.52140114274323,83.06821074183631,42.75788042212616,0.07035536203977466,3.950020901444973,0.8612424397716163,0.15517488134033397,1.8883898847581262,0.3966986149019831,20.0
132,4,0.2568143119498854,0.997789817648434,0.09381845386639118,13.879067724031831,0.07359469343680274,0.07359469343680274,0.003176547974669406,0.03918264213242477,0.2568143119498854,0.00034695952146306824,2.9954179465884883,0.23338622396267722,198.52140114274323,83.06821074183631,42.75788042212616,0.07035536203977466,3.950020901444973,0.8612424397716163,0.15517488134033397,1.8883898847581262,0.3966986149019831,20.0
132,5,0.2568143119498854,0.997789817648434,0.09381845386639118,13.879067724031831,0.07359469343680274,0.07359469343680274,0.003176547974669406,0.03918264213242477,0.2568143119498854,0.00034695952146306824,2.9954179465884883,0.23338622396267722,198.52140114274323,83.06821074183631,42.75788042212616,0.07035536203977466,3.950020901444973,0.8612424397716163,0.15517488134033397,1.8883898847581262,0.3966986149019831,20.0
132,6,0.2568143119498854,0.997789817648434,0.09381845386639118,13.879067724031831,0.07359469343680274,0.07359469343680274,0.003176547974669406,0.03918264213242477,0.2568143119498854,0.00034695952146306824,2.9954179465884883,0.23338622396267722,198.52140114274323,83.06821074183631,42.75788042212616,0.07035536203977466,3.950020901444973,0.8612424397716163,0.15517488134033397,1.8883898847581262,0.3966986149019831,20.0
132,7,0.2568143119498854,0.997789817648434,0.09381845386639118,13.879067724031831,0.07359469343680274,0.07359469343680274,0.003176547974669406,0.03918264213242477,0.2568143119498854,0.00034695952146306824,2.9954179465884883,0.23338622396267722,198.52140114274323,83.06821074183631,42.75788042212616,0.07035536203977466,3.950020901444973,0.8612424397716163,0.15517488134033397,1.8883898847581262,0.3966986149019831,20.0
132,8,0.2568143119498854,0.997789817648434,0.09381845386639118,13.879067724031831,0.07359469343680274,0.07359469343680274,0.003176547974669406,0.03918264213242477,0.2568143119498854,0.00034695952146306824,2.9954179465884883,0.23338622396267722,198.52140114274323,83.06821074183631,42.75788042212616,0.07035536203977466,3.950020901444973,0.8612424397716163,0.15517488134033397,1.8883898847581262,0.3966986149019831,20.0
132,9,0.2568143119498854,0.997789817648434,0.09381845386639118,13.879067724031831,0.07359469343680274,0.07359469343680274,0.003176547974669406,0.03918264213242477,0.2568143119498854,0.00034695952146306824,2.9954179465884883,0.23338622396267722,198.52140114274323,83.06821074183631,42.75788042212616,0.07035536203977466,3.950020901444973,0.8612424397716163,0.15517488134033397,1.8883898847581262,0.3966986149019831,20.0
132,10,0.2568143119498854,0.997789817648434,0.09381845386639118,13.879067724031831,0.07359469343680274,0.07359469343680274,0.003176547974669406,0.03918264213242477,0.2568143119498854,0.00034695952146306824,2.9954179465884883,0.23338622396267722,198.52140114274323,83.06821074183631,42.75788042212616,0.07035536203977466,3.950020901444973,0.8612424397716163,0.15517488134033397,1.8883898847581262,0.3966986149019831,20.0
133,1,0.1365184016198053,0.437672236411891,0.03600338867953036,7.309631392030339,0.276931677670137,0.276931677670137,0.14966660254158773,0.2299257605571788,0.1365184016198053,0.00028350721182159966,2.25541480359211,0.3378410764384333,183.19545293544633,53.86329637456083,19.006921432417485,0.135326535777385,5.0009395669497785,1.1149071786104419,0.18399829933090422,0.9496461719564835,0.38776946569520576,20.0
133,2,0.13652444088139232,0.3865446019937181,0.03600497812561278,7.309631392030339,0.27693167811018576,0.27693167811018576,0.1499303554626044,0.22997126904367998,0.13652444088139232,0.0002835074952589903,2.25541480359211,0.3378410764384333,183.19545293544633,53.86329637456083,19.006921432417485,0.135326535777385,5.0009395669497785,1.1149071786104419,0.18399829933090422,0.9496461719564835,0.38776946569520576,20.0
133,3,0.13652444088139232,0.38654460192563084,0.03600497812561278,7.309631392030339,0.27693167811018576,0.27693167811018576,0.14993035546260441,0.22997126904368,0.13652444088139232,0.0002835074952589903,2.25541480359211,0.3378410764384333,183.19545293544633,53.86329637456083,19.006921432417485,0.135326535777385,5.0009395669497785,1.1149071786104419,0.18399829933090422,0.9496461719564835,0.38776946569520576,20.0
133,4,0.13652444088139232,0.38654460192563084,0.03600497812561278,7.309631392030339,0.27693167811018576,0.27693167811018576,0.14993035546260441,0.22997126904368,0.13652444088139232,0.0002835074952589903,2.25541480359211,0.3378410764384333,183.19545293544633,53.86329637456083,19.006921432417485,0.135326535777385,5.0009395669497785,1.1149071786104419,0.18399829933090422,0.9496461719564835,0.38776946569520576,20.0
133,5,0.13652444088139232,0.38654460192563084,0.03600497812561278,7.309631392030339,0.27693167811018576,0.27693167811018576,0.14993035546260441,0.22997126904368,0.13652444088139232,0.0002835074952589903,2.25541480359211,0.3378410764384333,183.19545293544633,53.86329637456083,19.006921432417485,0.135326535777385,5.0009395669497785,1.1149071786104419,0.18399829933090422,0.9496461719564835,0.38776946569520576,20.0
133,6,0.13652444088139232,0.38654460192563084,0.03600497812561278,7.309631392030339,0.27693167811018576,0.27693167811018576,0.14993035546260441,0.22997126904368,0.13652444088139232,0.0002835074952589903,2.25541480359211,0.3378410764384333,183.19545293544633,53.86329637456083,19.006921432417485,0.135326535777385,5.0009395669497785,1.1149071786104419,0.18399829933090422,0.9496461719564835,0.38776946569520576,20.0
133,7,0.13652444088139232,0.38654460192563084,0.03600497812561278,7.309631392030339,0.27693167811018576,0.27693167811018576,0.14993035546260441,0.22997126904368,0.13652444088139232,0.0002835074952589903,2.25541480359211,0.3378410764384333,183.19545293544633,53.86329637456083,19.006921432417485,0.135326535777385,5.0009395669497785,1.1149071786104419,0.18399829933090422,0.9496461719564835,0.38776946569520576,20.0
133,8,0.13652444088139232,0.38654460192563084,0.03600497812561278,7.309631392030339,0.27693167811018576,0.27693167811018576,0.14993035546260441,0.22997126904368,0.13652444088139232,0.0002835074952589903,2.25541480359211,0.3378410764384333,183.19545293544633,53.86329637456083,19.006921432417485,0.135326535777385,5.0009395669497785,1.1149071786104419,0.18399829933090422,0.9496461719564835,0.38776946569520576,20.0
133,9,0.13652444088139232,0.38654460192563084,0.03600497812561278,7.309631392030339,0.27693167811018576,0.27693167811018576,0.14993035546260441,0.22997126904368,0.13652444088139232,0.0002835074952589903,2.25541480359211,0.3378410764384333,183.19545293544633,53.86329637456083,19.006921432417485,0.135326535777385,5.0009395669497785,1.1149071786104419,0.18399829933090422,0.9496461719564835,0.38776946569520576,20.0
133,10,0.13652444088139232,0.38654460192563084,0.03600497812561278,7.309631392030339,0.27693167811018576,0.27693167811018576,0.14993035546260441,0.22997126904368,0.13652444088139232,0.0002835074952589903,2.25541480359211,0.3378410764384333,183.19545293544633,53.86329637456083,19.006921432417485,0.135326535777385,5.0009395669497785,1.1149071786104419,0.18399829933090422,0.9496461719564835,0.38776946569520576,20.0
134,1,0.060026528685645994,0.8396142198910926,0.035968096131289116,20.91683939371901,0.08937594154706381,0.08937594154706381,0.05728929562239052,0.10996987301160611,0.060026528685645994,0.003403852409653155,3.78356615630154,0.19555855810171174,100.70680701583942,133.17298013615573,47.52503423523611,0.09543297580128651,2.1560873320891325,0.8157612282705375,0.030233851074306706,1.5063884725921224,0.3552035646262417,20.0
134,2,0.06697431729898057,0.7785062047464101,0.04013064047498248,20.91683939371901,0.08965041846333502,0.08965041846333502,0.07531475031355149,0.1299027833495545,0.06697431729898057,0.0034806172820996523,3.78356615630154,0.19555855810171174,100.70680701583942,133.17298013615573,47.52503423523611,0.09543297580128651,2.1560873320891325,0.8157612282705375,0.030233851074306706,1.5063884725921224,0.3552035646262417,20.0
134,3,0.06698175913920877,0.778248128810953,0.040135098497975745,20.91683939371901,0.08965064414158573,0.08965064414158573,0.07534722909652079,0.12993039179922986,0.06698175913920877,0.0034807007626689443,3.78356615630154,0.19555855810171174,100.70680701583942,133.17298013615573,47.52503423523611,0.09543297580128651,2.1560873320891325,0.8157612282705375,0.030233851074306706,1.5063884725921224,0.3552035646262417,20.0
134,4,0.06698176349859711,0.7782478947469986,0.040135101109338045,20.91683939371901,0.08965064425951694,0.08965064425951694,0.07534725170397116,0.1299304094551724,0.06698176349859711,0.0034807008124065324,3.78356615630154,0.19555855810171174,100.70680701583942,133.17298013615573,47.52503423523611,0.09543297580128651,2.1560873320891325,0.8157612282705375,0.030233851074306706,1.5063884725921224,0.3552035646262417,20.0
134,5,0.06698176350046087,0.7782478946195062,0.04013510111045446,20.91683939371901,0.08965064425956408,0.08965064425956408,0.07534725171461235,0.1299304094630916,0.06698176350046087,0.0034807008124280647,3.78356615630154,0.19555855810171174,100.70680701583942,133.17298013615573,47.52503423523611,0.09543297580128651,2.1560873320891325,0.8157612282705375,0.030233851074306706,1.5063884725921224,0.3552035646262417,20.0
134,6,0.0669817635004615,0.778247894619454,0.04013510111045484,20.91683939371901,0.08965064425956408,0.08965064425956408,0.07534725171461627,0.12993040946309437,0.0669817635004615,0.003480700812428072,3.78356615630154,0.19555855810171174,100.70680701583942,133.17298013615573,47.52503423523611,0.09543297580128651,2.1560873320891325,0.8157612282705375,0.030233851074306706,1.5063884725921224,0.3552035646262417,20.0
134,7,0.0669817635004615,0.778247894619454,0.04013510111045484,20.91683939371901,0.08965064425956408,0.08965064425956408,0.07534725171461627,0.12993040946309437,0.0669817635004615,0.003480700812428072,3.78356615630154,0.19555855810171174,100.70680701583942,133.17298013615573,47.52503423523611,0.09543297580128651,2.1560873320891325,0.8157612282705375,0.030233851074306706,1.5063884725921224,0.3552035646262417,20.0
134,8,0.0669817635004615,0.778247894619454,0.04013510111045484,20.91683939371901,0.08965064425956408,0.08965064425956408,0.07534725171461627,0.12993040946309437,0.0669817635004615,0.003480700812428072,3.78356615630154,0.19555855810171174,100.70680701583942,133.17298013615573,47.52503423523611,0.09543297580128651,2.1560873320891325,0.8157612282705375,0.030233851074306706,1.5063884725921224,0.3552035646262417,20.0
134,9,0.0669817635004615,0.778247894619454,0.04013510111045484,20.91683939371901,0.08965064425956408,0.08965064425956408,0.07534725171461627,0.12993040946309437,0.0669817635004615,0.003480700812428072,3.78356615630154,0.19555855810171174,100.70680701583942,133.17298013615573,47.52503423523611,0.09543297580128651,2.1560873320891325,0.8157612282705375,0.030233851074306706,1.5063884725921224,0.3552035646262417,20.0
134,10,0.0669817635004615,0.778247894619454,0.04013510111045484,20.91683939371901,0.08965064425956408,0.08965064425956408,0.07534725171461627,0.12993040946309437,0.0669817635004615,0.003480700812428072,3.78356615630154,0.19555855810171174,100.70680701583942,133.17298013615573,47.52503423523611,0.09543297580128651,2.1560873320891325,0.8157612282705375,0.030233851074306706,1.5063884725921224,0.3552035646262417,20.0
135,1,0.04973844575498251,0.9725534963990418,0.032924973076891094,10.511969339527733,0.17847863182551515,0.17847863182551515,0.016294452622950633,0.07999983269699028,0.04973844575498251,0.00036069829704671926,5.764599290229164,0.6296551846352443,64.54097891114591,105.64688077872417,60.06641333767247,0.12195331799408753,2.842398572248981,0.6890345693273678,0.06283781229715296,1.3111495851288386,0.40058003745466014,20.0
135,2,0.059685197177194005,0.9273575814747147,0.03950708211755473,10.511969339527733,0.1785097191071578,0.1785097191071578,0.03944683743149221,0.11852712807528253,0.059685197177194005,0.00036932880775510834,5.764599290229164,0.6296551846352443,64.54097891114591,105.64688077872417,60.06641333767247,0.12195331799408753,2.842398572248981,0.6890345693273678,0.06283781229715296,1.3111495851288386,0.40058003745466014,20.0
135,3,0.059685520586967196,0.9273270422857065,0.03950729603913509,10.511969339527733,0.17850971938527344,0.17850971938527344,0.0394500422970761,0.1185292746951841,0.059685520586967196,0.00036932891553049965,5.764599290229164,0.6296551846352443,64.54097891114591,105.64688077872417,60.06641333767247,0.12195331799408753,2.842398572248981,0.6890345693273678,0.06283781229715296,1.3111495851288386,0.40058003745466014,20.0
135,4,0.059685520588638685,0.9273270419819436,0.03950729604024056,10.511969339527733,0.17850971938527432,0.17850971938527432,0.03945004231931324,0.11852927470760882,0.059685520588638685,0.00036932891553091533,5.764599290229164,0.6296551846352443,64.54097891114591,105.64688077872417,60.06641333767247,0.12195331799408753,2.842398572248981,0.6890345693273678,0.06283781229715296,1.3111495851288386,0.40058003745466014,20.0
135,5,0.059685520588638685,0.9273270419819427,0.03950729604024056,10.511969339527733,0.17850971938527432,0.17850971938527432,0.0394500423193133,0.11852927470760885,0.059685520588638685,0.00036932891553091533,5.764599290229164,0.6296551846352443,64.54097891114591,105.64688077872417,60.06641333767247,0.12195331799408753,2.842398572248981,0.6890345693273678,0.06283781229715296,1.3111495851288386,0.40058003745466014,20.0
135,6,0.059685520588638685,0.9273270419819427,0.03950729604024056,10.511969339527733,0.17850971938527432,0.17850971938527432,0.0394500423193133,0.11852927470760885,0.059685520588638685,0.00036932891553091533,5.764599290229164,0.6296551846352443,64.54097891114591,105.64688077872417,60.06641333767247,0.12195331799408753,2.842398572248981,0.6890345693273678,0.06283781229715296,1.3111495851288386,0.40058003745466014,20.0
135,7,0.059685520588638685,0.9273270419819427,0.03950729604024056,10.511969339527733,0.17850971938527432,0.17850971938527432,0.0394500423193133,0.11852927470760885,0.059685520588638685,0.00036932891553091533,5.764599290229164,0.6296551846352443,64.54097891114591,105.64688077872417,60.06641333767247,0.12195331799408753,2.842398572248981,0.6890345693273678,0.06283781229715296,1.3111495851288386,0.40058003745466014,20.0
135,8,0.059685520588638685,0.9273270419819427,0.03950729604024056,10.511969339527733,0.17850971938527432,0.17850971938527432,0.0394500423193133,0.11852927470760885,0.059685520588638685,0.00036932891553091533,5.764599290229164,0.6296551846352443,64.54097891114591,105.64688077872417,60.06641333767247,0.12195331799408753,2.842398572248981,0.6890345693273678,0.06283781229715296,1.3111495851288386,0.40058003745466014,20.0
135,9,0.059685520588638685,0.9273270419819427,0.03950729604024056,10.511969339527733,0.17850971938527432,0.17850971938527432,0.0394500423193133,0.11852927470760885,0.059685520588638685,0.00036932891553091533,5.764599290229164,0.6296551846352443,64.54097891114591,105.64688077872417,60.06641333767247,0.12195331799408753,2.842398572248981,0.6890345693273678,0.06283781229715296,1.3111495851288386,0.40058003745466014,20.0
135,10,0.059685520588638685,0.9273270419819427,0.03950729604024056,10.511969339527733,0.17850971938527432,0.17850971938527432,0.0394500423193133,0.11852927470760885,0.059685520588638685,0.00036932891553091533,5.764599290229164,0.6296551846352443,64.54097891114591,105.64688077872417,60.06641333767247,0.12195331799408753,2.842398572248981,0.6890345693273678,0.06283781229715296,1.3111495851288386,0.40058003745466014,20.0
136,1,0.057211528846522225,0.9999948474324696,0.03907811663698923,10.115556895108499,0.15591396737937643,0.15591396737937643,9.123026380538855e-06,0.0014992649470460036,0.057211528846522225,8.13262978751924e-08,5.04362730432331,0.6197914760756004,92.99143863556398,152.015449836362,91.55654621630893,0.07591060351656259,4.769826830612795,0.7497492559012462,0.13716998520339685,1.056202426570191,0.41277501097213526,20.0
136,2,0.06940760866226132,0.9999566695890532,0.04740831111323315,10.115556895108499,0.1559139688144727,0.1559139688144727,7.737250368966627e-05,0.0056890219333382746,0.06940760866226132,8.205818011792433e-08,5.04362730432331,0.6197914760756004,92.99143863556398,152.015449836362,91.55654621630893,0.07591060351656259,4.769826830612795,0.7497492559012462,0.13716998520339685,1.056202426570191,0.41277501097213526,20.0
136,3,0.06940760866509343,0.9999566681319036,0.047408311115165115,10.115556895108499,0.1559139688144727,0.1559139688144727,7.73725576089057e-05,0.005689021966800702,0.06940760866509343,8.205818011792449e-08,5.04362730432331,0.6197914760756004,92.99143863556398,152.015449836362,91.55654621630893,0.07591060351656259,4.769826830612795,0.7497492559012462,0.13716998520339685,1.056202426570191,0.41277501097213526,20.0
136,4,0.06940760866509343,0.9999566681319036,0.047408311115165115,10.115556895108499,0.1559139688144727,0.1559139688144727,7.73725576089057e-05,0.005689021966800702,0.06940760866509343,8.205818011792449e-08,5.04362730432331,0.6197914760756004,92.99143863556398,152.015449836362,91.55654621630893,0.07591060351656259,4.769826830612795,0.7497492559012462,0.13716998520339685,1.056202426570191,0.41277501097213526,20.0
136,5,0.06940760866509343,0.9999566681319036,0.047408311115165115,10.115556895108499,0.1559139688144727,0.1559139688144727,7.73725576089057e-05,0.005689021966800702,0.06940760866509343,8.205818011792449e-08,5.04362730432331,0.6197914760756004,92.99143863556398,152.015449836362,91.55654621630893,0.07591060351656259,4.769826830612795,0.7497492559012462,0.13716998520339685,1.056202426570191,0.41277501097213526,20.0
136,6,0.06940760866509343,0.9999566681319036,0.047408311115165115,10.115556895108499,0.1559139688144727,0.1559139688144727,7.73725576089057e-05,0.005689021966800702,0.06940760866509343,8.205818011792449e-08,5.04362730432331,0.6197914760756004,92.99143863556398,152.015449836362,91.55654621630893,0.07591060351656259,4.769826830612795,0.7497492559012462,0.13716998520339685,1.056202426570191,0.41277501097213526,20.0
136,7,0.06940760866509343,0.9999566681319036,0.047408311115165115,10.115556895108499,0.1559139688144727,0.1559139688144727,7.73725576089057e-05,0.005689021966800702,0.06940760866509343,8.205818011792449e-08,5.04362730432331,0.6197914760756004,92.99143863556398,152.015449836362,91.55654621630893,0.07591060351656259,4.769826830612795,0.7497492559012462,0.13716998520339685,1.056202426570191,0.41277501097213526,20.0
136,8,0.06940760866509343,0.9999566681319036,0.047408311115165115,10.115556895108499,0.1559139688144727,0.1559139688144727,7.73725576089057e-05,0.005689021966800702,0.06940760866509343,8.205818011792449e-08,5.04362730432331,0.6197914760756004,92.99143863556398,152.015449836362,91.55654621630893,0.07591060351656259,4.769826830612795,0.7497492559012462,0.13716998520339685,1.056202426570191,0.41277501097213526,20.0
136,9,0.06940760866509343,0.9999566681319036,0.047408311115165115,10.115556895108499,0.1559139688144727,0.1559139688144727,7.73725576089057e-05,0.005689021966800702,0.06940760866509343,8.205818011792449e-08,5.04362730432331,0.6197914760756004,92.99143863556398,152.015449836362,91.55654621630893,0.07591060351656259,4.769826830612795,0.7497492559012462,0.13716998520339685,1.056202426570191,0.41277501097213526,20.0
136,10,0.06940760866509343,0.9999566681319036,0.047408311115165115,10.115556895108499,0.1559139688144727,0.1559139688144727,7.73725576089057e-05,0.005689021966800702,0.06940760866509343,8.205818011792449e-08,5.04362730432331,0.6197914760756004,92.99143863556398,152.015449836362,91.55654621630893,0.07591060351656259,4.769826830612795,0.7497492559012462,0.13716998520339685,1.056202426570191,0.41277501097213526,20.0
137,1,0.07476603654901073,0.999999999947213,0.04626720897336739,18.114698872656465,0.07875483359253035,0.07875483359253035,2.3629325549725293e-14,7.279459876602201e-11,0.07476603654901073,0.0027837618326104433,6.9615736163438235,0.43812693227220606,136.0930910746696,191.60188121457278,61.856222681380444,0.04619803877384277,3.7635612708255675,1.214215393063091,0.043811126519755265,1.6629516465583154,0.38061339386248716,20.0
137,2,0.08993121640819093,0.985183729461382,0.05565175537151589,18.114698872656465,0.0809725681823274,0.0809725681823274,0.0022660412355366274,0.0038347929141595814,0.08993121640819093,0.0030610714636224406,6.9615736163438235,0.43812693227220606,136.0930910746696,191.60188121457278,61.856222681380444,0.04619803877384277,3.7635612708255675,1.214215393063091,0.043811126519755265,1.6629516465583154,0.38061339386248716,20.0
137,3,0.09024176981905127,0.9838240576820577,0.055843917894642645,18.114698872656465,0.08097502819272748,0.08097502819272748,0.0024799554812333126,0.004189538557167995,0.09024176981905127,0.0030616195492555215,6.9615736163438235,0.43812693227220606,136.0930910746696,191.60188121457278,61.856222681380444,0.04619803877384277,3.7635612708255675,1.214215393063091,0.043811126519755265,1.6629516465583154,0.38061339386248716,20.0
137,4,0.09024202322975201,0.9838216544044147,0.05584407468660357,18.114698872656465,0.08097502883070033,0.08097502883070033,0.0024802767569518692,0.004190019782407504,0.09024202322975201,0.003061619738778955,6.9615736163438235,0.43812693227220606,136.0930910746696,191.60188121457278,61.856222681380444,0.04619803877384277,3.7635612708255675,1.214215393063091,0.043811126519755265,1.6629516465583154,0.38061339386248716,20.0
137,5,0.09024202328190004,0.9838216536390371,0.05584407471886715,18.114698872656465,0.08097502883076957,0.08097502883076957,0.002480276848056652,0.004190019909635627,0.09024202328190004,0.0030616197388037576,6.9615736163438235,0.43812693227220606,136.0930910746696,191.60188121457278,61.856222681380444,0.04619803877384277,3.7635612708255675,1.214215393063091,0.043811126519755265,1.6629516465583154,0.38061339386248716,20.0
137,6,0.09024202328190471,0.9838216536389434,0.05584407471887005,18.114698872656465,0.08097502883076958,0.08097502883076958,0.0024802768480667982,0.004190019909649042,0.09024202328190471,0.003061619738803759,6.9615736163438235,0.43812693227220606,136.0930910746696,191.60188121457278,61.856222681380444,0.04619803877384277,3.7635612708255675,1.214215393063091,0.043811126519755265,1.6629516465583154,0.38061339386248716,20.0
137,7,0.09024202328190471,0.9838216536389434,0.05584407471887005,18.114698872656465,0.08097502883076958,0.08097502883076958,0.002480276848066799,0.004190019909649043,0.09024202328190471,0.003061619738803759,6.9615736163438235,0.43812693227220606,136.0930910746696,191.60188121457278,61.856222681380444,0.04619803877384277,3.7635612708255675,1.214215393063091,0.043811126519755265,1.6629516465583154,0.38061339386248716,20.0
137,8,0.09024202328190471,0.9838216536389434,0.05584407471887005,18.114698872656465,0.08097502883076958,0.08097502883076958,0.002480276848066799,0.004190019909649043,0.09024202328190471,0.003061619738803759,6.9615736163438235,0.43812693227220606,136.0930910746696,191.60188121457278,61.856222681380444,0.04619803877384277,3.7635612708255675,1.214215393063091,0.043811126519755265,1.6629516465583154,0.38061339386248716,20.0
137,9,0.09024202328190471,0.9838216536389434,0.05584407471887005,18.114698872656465,0.08097502883076958,0.08097502883076958,0.002480276848066799,0.004190019909649043,0.09024202328190471,0.003061619738803759,6.9615736163438235,0.43812693227220606,136.0930910746696,191.60188121457278,61.856222681380444,0.04619803877384277,3.7635612708255675,1.214215393063091,0.043811126519755265,1.6629516465583154,0.38061339386248716,20.0
137,10,0.09024202328190471,0.9838216536389434,0.05584407471887005,18.114698872656465,0.08097502883076958,0.08097502883076958,0.002480276848066799,0.004190019909649043,0.09024202328190471,0.003061619738803759,6.9615736163438235,0.43812693227220606,136.0930910746696,191.60188121457278,61.856222681380444,0.04619803877384277,3.7635612708255675,1.214215393063091,0.043811126519755265,1.6629516465583154,0.38061339386248716,20.0
138,1,0.1504061416983723,0.9917920358737373,0.05950965910921459,8.485634159697094,0.11320755062530537,0.11320755062530537,0.004979135040108335,0.022793827222118753,0.1504061416983723,0.02174963424869999,5.540027783208438,0.7354300319973436,136.93048733933426,87.67749186621597,15.162778092632696,0.045233556347366116,5.0226224069083685,0.22423585194733212,0.03690147785850164,1.7284735679708327,0.39730026531539875,20.0
138,2,0.18525549984915593,0.8800484937684873,0.07329693601401285,8.485634159697094,0.12026612332933373,0.12026612332933373,0.02144677337149228,0.05041869870656789,0.18525549984915593,0.024780523478841573,5.540027783208438,0.7354300319973436,136.93048733933426,87.67749186621597,15.162778092632696,0.045233556347366116,5.0226224069083685,0.22423585194733212,0.03690147785850164,1.7284735679708327,0.39730026531539875,20.0
138,3,0.18614867211200956,0.8695158684575774,0.07365023870877392,8.485634159697094,0.12034775040813059,0.12034775040813059,0.022666576815809802,0.051856677345755,0.18614867211200956,0.024833694236034237,5.540027783208438,0.7354300319973436,136.93048733933426,87.67749186621597,15.162778092632696,0.045233556347366116,5.0226224069083685,0.22423585194733212,0.03690147785850164,1.7284735679708327,0.39730026531539875,20.0
138,4,0.18615432245462013,0.8693711543370719,0.07365247355609641,8.485634159697094,0.12034812551154803,0.12034812551154803,0.022677938129237282,0.051868030962430395,0.18615432245462013,0.024833994593818243,5.540027783208438,0.7354300319973436,136.93048733933426,87.67749186621597,15.162778092632696,0.045233556347366116,5.0226224069083685,0.22423585194733212,0.03690147785850164,1.7284735679708327,0.39730026531539875,20.0
138,5,0.18615433978469448,0.8693704437228059,0.07365248041018091,8.485634159697094,0.12034812647622202,0.12034812647622202,0.022677981132216335,0.051868069986931394,0.18615433978469448,0.0248339954682777,5.540027783208438,0.7354300319973436,136.93048733933426,87.67749186621597,15.162778092632696,0.045233556347366116,5.0226224069083685,0.22423585194733212,0.03690147785850164,1.7284735679708327,0.39730026531539875,20.0
138,6,0.18615433981802312,0.8693704418372459,0.07365248042336196,8.485634159697094,0.12034812647787851,0.12034812647787851,0.022677981226974425,0.05186807006751266,0.18615433981802312,0.024833995469910254,5.540027783208438,0.7354300319973436,136.93048733933426,87.67749186621597,15.162778092632696,0.045233556347366116,5.0226224069083685,0.22423585194733212,0.03690147785850164,1.7284735679708327,0.39730026531539875,20.0
138,7,0.1861543398180691,0.8693704418339517,0.07365248042338013,8.485634159697094,0.12034812647788065,0.12034812647788065,0.02267798122711816,0.05186807006762922,0.1861543398180691,0.024833995469912457,5.540027783208438,0.7354300319973436,136.93048733933426,87.67749186621597,15.162778092632696,0.045233556347366116,5.0226224069083685,0.22423585194733212,0.03690147785850164,1.7284735679708327,0.39730026531539875,20.0
138,8,0.18615433981806914,0.8693704418339474,0.07365248042338014,8.485634159697094,0.12034812647788065,0.12034812647788065,0.022677981227118334,0.05186807006762936,0.18615433981806914,0.02483399546991246,5.540027783208438,0.7354300319973436,136.93048733933426,87.67749186621597,15.162778092632696,0.045233556347366116,5.0226224069083685,0.22423585194733212,0.03690147785850164,1.7284735679708327,0.39730026531539875,20.0
138,9,0.18615433981806914,0.8693704418339474,0.07365248042338014,8.485634159697094,0.12034812647788065,0.12034812647788065,0.022677981227118334,0.05186807006762936,0.18615433981806914,0.02483399546991246,5.540027783208438,0.7354300319973436,136.93048733933426,87.67749186621597,15.162778092632696,0.045233556347366116,5.0226224069083685,0.22423585194733212,0.03690147785850164,1.7284735679708327,0.39730026531539875,20.0
138,10,0.18615433981806914,0.8693704418339474,0.07365248042338014,8.485634159697094,0.12034812647788065,0.12034812647788065,0.022677981227118334,0.05186807006762936,0.18615433981806914,0.02483399546991246,5.540027783208438,0.7354300319973436,136.93048733933426,87.67749186621597,15.162778092632696,0.045233556347366116,5.0226224069083685,0.22423585194733212,0.03690147785850164,1.7284735679708327,0.39730026531539875,20.0
139,1,0.028990940509958717,0.40666211926939566,0.016973559719541412,9.18009472746105,0.2633015286191258,0.2633015286191258,0.14647000654194703,0.20439180485751143,0.028990940509958717,0.0009798630674991422,5.108034849967313,0.7142916636272274,131.79271737313957,190.91746108649534,23.946177891114104,0.11004625529226457,5.934814304418853,0.2554056802812796,0.1493559808787891,0.855937896130349,0.4152594370374765,20.0
139,2,0.029026792267731784,0.3411111630407488,0.01699452269814638,9.18009472746105,0.26330152861912626,0.26330152861912626,0.14899662147606363,0.20504192355714718,0.029026792267731784,0.0009798630674994467,5.108034849967313,0.7142916636272274,131.79271737313957,190.91746108649534,23.946177891114104,0.11004625529226457,5.934814304418853,0.2554056802812796,0.1493559808787891,0.855937896130349,0.4152594370374765,20.0
139,3,0.029026792267731784,0.34111116304074873,0.01699452269814638,9.18009472746105,0.26330152861912626,0.26330152861912626,0.14899662147606363,0.20504192355714718,0.029026792267731784,0.0009798630674994467,5.108034849967313,0.7142916636272274,131.79271737313957,190.91746108649534,23.946177891114104,0.11004625529226457,5.934814304418853,0.2554056802812796,0.1493559808787891,0.855937896130349,0.4152594370374765,20.0
139,4,0.029026792267731784,0.34111116304074873,0.01699452269814638,9.18009472746105,0.26330152861912626,0.26330152861912626,0.14899662147606363,0.20504192355714718,0.029026792267731784,0.0009798630674994467,5.108034849967313,0.7142916636272274,131.79271737313957,190.91746108649534,23.946177891114104,0.11004625529226457,5.934814304418853,0.2554056802812796,0.1493559808787891,0.855937896130349,0.4152594370374765,20.0
139,5,0.029026792267731784,0.34111116304074873,0.01699452269814638,9.18009472746105,0.26330152861912626,0.26330152861912626,0.14899662147606363,0.20504192355714718,0.029026792267731784,0.0009798630674994467,5.108034849967313,0.7142916636272274,131.79271737313957,190.91746108649534,23.946177891114104,0.11004625529226457,5.934814304418853,0.2554056802812796,0.1493559808787891,0.855937896130349,0.4152594370374765,20.0
139,6,0.029026792267731784,0.34111116304074873,0.01699452269814638,9.18009472746105,0.26330152861912626,0.26330152861912626,0.14899662147606363,0.20504192355714718,0.029026792267731784,0.0009798630674994467,5.108034849967313,0.7142916636272274,131.79271737313957,190.91746108649534,23.946177891114104,0.11004625529226457,5.934814304418853,0.2554056802812796,0.1493559808787891,0.855937896130349,0.4152594370374765,20.0
139,7,0.029026792267731784,0.34111116304074873,0.01699452269814638,9.18009472746105,0.26330152861912626,0.26330152861912626,0.14899662147606363,0.20504192355714718,0.029026792267731784,0.0009798630674994467,5.108034849967313,0.7142916636272274,131.79271737313957,190.91746108649534,23.946177891114104,0.11004625529226457,5.934814304418853,0.2554056802812796,0.1493559808787891,0.855937896130349,0.4152594370374765,20.0
139,8,0.029026792267731784,0.34111116304074873,0.01699452269814638,9.18009472746105,0.26330152861912626,0.26330152861912626,0.14899662147606363,0.20504192355714718,0.029026792267731784,0.0009798630674994467,5.108034849967313,0.7142916636272274,131.79271737313957,190.91746108649534,23.946177891114104,0.11004625529226457,5.934814304418853,0.2554056802812796,0.1493559808787891,0.855937896130349,0.4152594370374765,20.0
139,9,0.029026792267731784,0.34111116304074873,0.01699452269814638,9.18009472746105,0.26330152861912626,0.26330152861912626,0.14899662147606363,0.20504192355714718,0.029026792267731784,0.0009798630674994467,5.108034849967313,0.7142916636272274,131.79271737313957,190.91746108649534,23.946177891114104,0.11004625529226457,5.934814304418853,0.2554056802812796,0.1493559808787891,0.855937896130349,0.4152594370374765,20.0
139,10,0.029026792267731784,0.34111116304074873,0.01699452269814638,9.18009472746105,0.26330152861912626,0.26330152861912626,0.14899662147606363,0.20504192355714718,0.029026792267731784,0.0009798630674994467,5.108034849967313,0.7142916636272274,131.79271737313957,190.91746108649534,23.946177891114104,0.11004625529226457,5.934814304418853,0.2554056802812796,0.1493559808787891,0.855937896130349,0.4152594370374765,20.0
140,1,0.030841627691117906,0.4752328035108198,0.01925702981377099,20.105278258592488,0.17169495013725883,0.17169495013725883,0.11432207348611975,0.10432663099151847,0.030841627691117906,0.03134484766785837,7.101522209317599,0.38987724507544175,114.80703391325815,153.65277212958972,70.79720419693635,0.06624573441386543,3.6958731178338438,0.30761779121769894,0.025606887045210695,0.6801706904299646,0.4508506511041239,20.0
140,2,0.03277959464029751,0.4289385359563188,0.020466987613356424,20.105278258592488,0.1718126728482935,0.1718126728482935,0.12372340645872196,0.11201438813487481,0.03277959464029751,0.031365045586634915,7.101522209317599,0.38987724507544175,114.80703391325815,153.65277212958972,70.79720419693635,0.06624573441386543,3.6958731178338438,0.30761779121769894,0.025606887045210695,0.6801706904299646,0.4508506511041239,20.0
140,3,0.03278023576647372,0.42891350097057224,0.020467387876075317,20.105278258592488,0.17181270776033405,0.17181270776033405,0.12372719976486099,0.1120172263139623,0.03278023576647372,0.03136505232337783,7.101522209317599,0.38987724507544175,114.80703391325815,153.65277212958972,70.79720419693635,0.06624573441386543,3.6958731178338438,0.30761779121769894,0.025606887045210695,0.6801706904299646,0.4508506511041239,20.0
140,4,0.032780235921173496,0.42891349313347654,0.020467387972653857,20.105278258592488,0.1718127077683042,0.1718127077683042,0.12372720076255486,0.1120172270330125,0.032780235921173496,0.031365052325012466,7.101522209317599,0.38987724507544175,114.80703391325815,153.65277212958972,70.79720419693635,0.06624573441386543,3.6958731178338438,0.30761779121769894,0.025606887045210695,0.6801706904299646,0.4508506511041239,20.0
140,5,0.032780235921204715,0.42891349313164046,0.020467387972673338,20.105278258592488,0.17181270776830573,0.17181270776830573,0.12372720076276678,0.11201722703316185,0.032780235921204715,0.031365052325012806,7.101522209317599,0.38987724507544175,114.80703391325815,153.65277212958972,70.79720419693635,0.06624573441386543,3.6958731178338438,0.30761779121769894,0.025606887045210695,0.6801706904299646,0.4508506511041239,20.0
140,6,0.03278023592120472,0.42891349313164007,0.020467387972673345,20.105278258592488,0.17181270776830573,0.17181270776830573,0.12372720076276682,0.11201722703316189,0.03278023592120472,0.031365052325012806,7.101522209317599,0.38987724507544175,114.80703391325815,153.65277212958972,70.79720419693635,0.06624573441386543,3.6958731178338438,0.30761779121769894,0.025606887045210695,0.6801706904299646,0.4508506511041239,20.0
140,7,0.03278023592120472,0.42891349313164007,0.020467387972673345,20.105278258592488,0.17181270776830573,0.17181270776830573,0.12372720076276682,0.11201722703316189,0.03278023592120472,0.031365052325012806,7.101522209317599,0.38987724507544175,114.80703391325815,153.65277212958972,70.79720419693635,0.06624573441386543,3.6958731178338438,0.30761779121769894,0.025606887045210695,0.6801706904299646,0.4508506511041239,20.0
140,8,0.03278023592120472,0.42891349313164007,0.020467387972673345,20.105278258592488,0.17181270776830573,0.17181270776830573,0.12372720076276682,0.11201722703316189,0.03278023592120472,0.031365052325012806,7.101522209317599,0.38987724507544175,114.80703391325815,153.65277212958972,70.79720419693635,0.06624573441386543,3.6958731178338438,0.30761779121769894,0.025606887045210695,0.6801706904299646,0.4508506511041239,20.0
140,9,0.03278023592120472,0.42891349313164007,0.020467387972673345,20.105278258592488,0.17181270776830573,0.17181270776830573,0.12372720076276682,0.11201722703316189,0.03278023592120472,0.031365052325012806,7.101522209317599,0.38987724507544175,114.80703391325815,153.65277212958972,70.79720419693635,0.06624573441386543,3.6958731178338438,0.30761779121769894,0.025606887045210695,0.6801706904299646,0.4508506511041239,20.0
140,10,0.03278023592120472,0.42891349313164007,0.020467387972673345,20.105278258592488,0.17181270776830573,0.17181270776830573,0.12372720076276682,0.11201722703316189,0.03278023592120472,0.031365052325012806,7.101522209317599,0.38987724507544175,114.80703391325815,153.65277212958972,70.79720419693635,0.06624573441386543,3.6958731178338438,0.30761779121769894,0.025606887045210695,0.6801706904299646,0.4508506511041239,20.0
141,1,0.014878974132885307,0.06497026047557042,0.005039529315287436,19.828685964918503,0.17491377005833447,0.17491377005833447,0.1499920661220658,0.08864209070233203,0.014878974132885307,0.056261569127585696,3.907943974235692,0.20530254646244883,166.07434440489803,63.13615411408073,32.45514077218263,0.12352382546516037,2.6288114810501746,0.24940192735095199,0.10536719141920312,1.1247737269808407,0.4685239667052612,20.0
141,2,0.014879132479154442,0.05804912717593364,0.005039582917444837,19.828685964918503,0.1749137700764794,0.1749137700764794,0.14999823695645348,0.08864337247496187,0.014879132479154442,0.0562615691417959,3.907943974235692,0.20530254646244883,166.07434440489803,63.13615411408073,32.45514077218263,0.12352382546516037,2.6288114810501746,0.24940192735095199,0.10536719141920312,1.1247737269808407,0.4685239667052612,20.0
141,3,0.014879132479154447,0.0580491271754848,0.005039582917444837,19.828685964918503,0.1749137700764794,0.1749137700764794,0.14999823695645353,0.08864337247496187,0.014879132479154447,0.0562615691417959,3.907943974235692,0.20530254646244883,166.07434440489803,63.13615411408073,32.45514077218263,0.12352382546516037,2.6288114810501746,0.24940192735095199,0.10536719141920312,1.1247737269808407,0.4685239667052612,20.0
141,4,0.014879132479154447,0.0580491271754848,0.005039582917444837,19.828685964918503,0.1749137700764794,0.1749137700764794,0.14999823695645353,0.08864337247496187,0.014879132479154447,0.0562615691417959,3.907943974235692,0.20530254646244883,166.07434440489803,63.13615411408073,32.45514077218263,0.12352382546516037,2.6288114810501746,0.24940192735095199,0.10536719141920312,1.1247737269808407,0.4685239667052612,20.0
141,5,0.014879132479154447,0.0580491271754848,0.005039582917444837,19.828685964918503,0.1749137700764794,0.1749137700764794,0.14999823695645353,0.08864337247496187,0.014879132479154447,0.0562615691417959,3.907943974235692,0.20530254646244883,166.07434440489803,63.13615411408073,32.45514077218263,0.12352382546516037,2.6288114810501746,0.24940192735095199,0.10536719141920312,1.1247737269808407,0.4685239667052612,20.0
141,6,0.014879132479154447,0.0580491271754848,0.005039582917444837,19.828685964918503,0.1749137700764794,0.1749137700764794,0.14999823695645353,0.08864337247496187,0.014879132479154447,0.0562615691417959,3.907943974235692,0.20530254646244883,166.07434440489803,63.13615411408073,32.45514077218263,0.12352382546516037,2.6288114810501746,0.24940192735095199,0.10536719141920312,1.1247737269808407,0.4685239667052612,20.0
141,7,0.014879132479154447,0.0580491271754848,0.005039582917444837,19.828685964918503,0.1749137700764794,0.1749137700764794,0.14999823695645353,0.08864337247496187,0.014879132479154447,0.0562615691417959,3.907943974235692,0.20530254646244883,166.07434440489803,63.13615411408073,32.45514077218263,0.12352382546516037,2.6288114810501746,0.24940192735095199,0.10536719141920312,1.1247737269808407,0.4685239667052612,20.0
141,8,0.014879132479154447,0.0580491271754848,0.005039582917444837,19.828685964918503,0.1749137700764794,0.1749137700764794,0.14999823695645353,0.08864337247496187,0.014879132479154447,0.0562615691417959,3.907943974235692,0.20530254646244883,166.07434440489803,63.13615411408073,32.45514077218263,0.12352382546516037,2.6288114810501746,0.24940192735095199,0.10536719141920312,1.1247737269808407,0.4685239667052612,20.0
141,9,0.014879132479154447,0.0580491271754848,0.005039582917444837,19.828685964918503,0.1749137700764794,0.1749137700764794,0.14999823695645353,0.08864337247496187,0.014879132479154447,0.0562615691417959,3.907943974235692,0.20530254646244883,166.07434440489803,63.13615411408073,32.45514077218263,0.12352382546516037,2.6288114810501746,0.24940192735095199,0.10536719141920312,1.1247737269808407,0.4685239667052612,20.0
141,10,0.014879132479154447,0.0580491271754848,0.005039582917444837,19.828685964918503,0.1749137700764794,0.1749137700764794,0.14999823695645353,0.08864337247496187,0.014879132479154447,0.0562615691417959,3.907943974235692,0.20530254646244883,166.07434440489803,63.13615411408073,32.45514077218263,0.12352382546516037,2.6288114810501746,0.24940192735095199,0.10536719141920312,1.1247737269808407,0.4685239667052612,20.0
142,1,0.11327922408667229,0.9539347874157241,0.05453808887268075,3.3927466941420366,0.0738283116066333,0.0738283116066333,0.030023136622123754,0.07562064138039631,0.11327922408667229,0.014192338318896741,2.4771494598093424,0.9949054809774004,112.23382101763184,57.699264630174675,65.1840163052893,0.03571009099141876,3.630541775380017,0.4483821069765177,0.06870597944514079,1.2826289677855023,0.47415964101285846,20.0
142,2,0.12679588182916962,0.8770384402811198,0.06104391834873981,3.3927466941420366,0.07429764194548845,0.07429764194548845,0.05251313596923864,0.10527800370255957,0.12679588182916962,0.01464966488476571,2.4771494598093424,0.9949054809774004,112.23382101763184,57.699264630174675,65.1840163052893,0.03571009099141876,3.630541775380017,0.4483821069765177,0.06870597944514079,1.2826289677855023,0.47415964101285846,20.0
142,3,0.12680004557470043,0.8761255624414241,0.06104592147330951,3.3927466941420366,0.07429766290428237,0.07429766290428237,0.05254481602997468,0.10529728922094386,0.12680004557470043,0.014649692776645394,2.4771494598093424,0.9949054809774004,112.23382101763184,57.699264630174675,65.1840163052893,0.03571009099141876,3.630541775380017,0.4483821069765177,0.06870597944514079,1.2826289677855023,0.47415964101285846,20.0
142,4,0.12680004563735595,0.8761255215061106,0.06104592150344756,3.3927466941420366,0.0742976629044426,0.0742976629044426,0.05254481670075941,0.10529728955982935,0.12680004563735595,0.01464969277688663,2.4771494598093424,0.9949054809774004,112.23382101763184,57.699264630174675,65.1840163052893,0.03571009099141876,3.630541775380017,0.4483821069765177,0.06870597944514079,1.2826289677855023,0.47415964101285846,20.0
142,5,0.12680004563735622,0.8761255215058,0.06104592150344769,3.3927466941420366,0.0742976629044426,0.0742976629044426,0.052544816700762796,0.10529728955983088,0.12680004563735622,0.01464969277688663,2.4771494598093424,0.9949054809774004,112.23382101763184,57.699264630174675,65.1840163052893,0.03571009099141876,3.630541775380017,0.4483821069765177,0.06870597944514079,1.2826289677855023,0.47415964101285846,20.0
142,6,0.12680004563735622,0.8761255215058,0.06104592150344769,3.3927466941420366,0.0742976629044426,0.0742976629044426,0.052544816700762796,0.10529728955983088,0.12680004563735622,0.01464969277688663,2.4771494598093424,0.9949054809774004,112.23382101763184,57.699264630174675,65.1840163052893,0.03571009099141876,3.630541775380017,0.4483821069765177,0.06870597944514079,1.2826289677855023,0.47415964101285846,20.0
142,7,0.12680004563735622,0.8761255215058,0.06104592150344769,3.3927466941420366,0.0742976629044426,0.0742976629044426,0.052544816700762796,0.10529728955983088,0.12680004563735622,0.01464969277688663,2.4771494598093424,0.9949054809774004,112.23382101763184,57.699264630174675,65.1840163052893,0.03571009099141876,3.630541775380017,0.4483821069765177,0.06870597944514079,1.2826289677855023,0.47415964101285846,20.0
142,8,0.12680004563735622,0.8761255215058,0.06104592150344769,3.3927466941420366,0.0742976629044426,0.0742976629044426,0.052544816700762796,0.10529728955983088,0.12680004563735622,0.01464969277688663,2.4771494598093424,0.9949054809774004,112.23382101763184,57.699264630174675,65.1840163052893,0.03571009099141876,3.630541775380017,0.4483821069765177,0.06870597944514079,1.2826289677855023,0.47415964101285846,20.0
142,9,0.12680004563735622,0.8761255215058,0.06104592150344769,3.3927466941420366,0.0742976629044426,0.0742976629044426,0.052544816700762796,0.10529728955983088,0.12680004563735622,0.01464969277688663,2.4771494598093424,0.9949054809774004,112.23382101763184,57.699264630174675,65.1840163052893,0.03571009099141876,3.630541775380017,0.4483821069765177,0.06870597944514079,1.2826289677855023,0.47415964101285846,20.0
142,10,0.12680004563735622,0.8761255215058,0.06104592150344769,3.3927466941420366,0.0742976629044426,0.0742976629044426,0.052544816700762796,0.10529728955983088,0.12680004563735622,0.01464969277688663,2.4771494598093424,0.9949054809774004,112.23382101763184,57.699264630174675,65.1840163052893,0.03571009099141876,3.630541775380017,0.4483821069765177,0.06870597944514079,1.2826289677855023,0.47415964101285846,20.0
143,1,0.21127250631336422,0.999999999954336,0.07981908242938432,21.662039065215936,0.08240158178637419,0.08240158178637419,1.4137216668993693e-12,2.099520097381775e-09,0.21127250631336422,0.004562123367428806,3.8198582437509514,0.18428805388120362,152.3688597295848,82.13202224213768,22.61380793181565,0.049772136590669896,3.842235790122709,1.2424371877438707,0.1598111271869927,1.654464848861342,0.4225456436131802,20.0
143,2,0.24105401215149136,0.9828505245029923,0.09107085593925812,21.662039065215936,0.08271320346433038,0.08271320346433038,0.0016186201768333846,0.002180620899855699,0.24105401215149136,0.004693723970025298,3.8198582437509514,0.18428805388120362,152.3688597295848,82.13202224213768,22.61380793181565,0.049772136590669896,3.842235790122709,1.2424371877438707,0.1598111271869927,1.654464848861342,0.4225456436131802,20.0
143,3,0.24107030812254165,0.9824424165828094,0.09107700936517066,21.662039065215936,0.08271320399533853,0.08271320399533853,0.0016488554063917827,0.0022169307655367145,0.24107030812254165,0.004693724371771442,3.8198582437509514,0.18428805388120362,152.3688597295848,82.13202224213768,22.61380793181565,0.049772136590669896,3.842235790122709,1.2424371877438707,0.1598111271869927,1.654464848861342,0.4225456436131802,20.0
143,4,0.24107030812920158,0.9824424157715083,0.09107700936768466,21.662039065215936,0.08271320399533857,0.08271320399533857,0.0016488554324534483,0.0022169307888003737,0.24107030812920158,0.00469372437177148,3.8198582437509514,0.18428805388120362,152.3688597295848,82.13202224213768,22.61380793181565,0.049772136590669896,3.842235790122709,1.2424371877438707,0.1598111271869927,1.654464848861342,0.4225456436131802,20.0
143,5,0.24107030812920158,0.9824424157715081,0.09107700936768466,21.662039065215936,0.08271320399533857,0.08271320399533857,0.0016488554324534492,0.0022169307888003746,0.24107030812920158,0.00469372437177148,3.8198582437509514,0.18428805388120362,152.3688597295848,82.13202224213768,22.61380793181565,0.049772136590669896,3.842235790122709,1.2424371877438707,0.1598111271869927,1.654464848861342,0.4225456436131802,20.0
143,6,0.24107030812920158,0.9824424157715081,0.09107700936768466,21.662039065215936,0.08271320399533857,0.08271320399533857,0.0016488554324534492,0.0022169307888003746,0.24107030812920158,0.00469372437177148,3.8198582437509514,0.18428805388120362,152.3688597295848,82.13202224213768,22.61380793181565,0.049772136590669896,3.842235790122709,1.2424371877438707,0.1598111271869927,1.654464848861342,0.4225456436131802,20.0
143,7,0.24107030812920158,0.9824424157715081,0.09107700936768466,21.662039065215936,0.08271320399533857,0.08271320399533857,0.0016488554324534492,0.0022169307888003746,0.24107030812920158,0.00469372437177148,3.8198582437509514,0.18428805388120362,152.3688597295848,82.13202224213768,22.61380793181565,0.049772136590669896,3.842235790122709,1.2424371877438707,0.1598111271869927,1.654464848861342,0.4225456436131802,20.0
143,8,0.24107030812920158,0.9824424157715081,0.09107700936768466,21.662039065215936,0.08271320399533857,0.08271320399533857,0.0016488554324534492,0.0022169307888003746,0.24107030812920158,0.00469372437177148,3.8198582437509514,0.18428805388120362,152.3688597295848,82.13202224213768,22.61380793181565,0.049772136590669896,3.842235790122709,1.2424371877438707,0.1598111271869927,1.654464848861342,0.4225456436131802,20.0
143,9,0.24107030812920158,0.9824424157715081,0.09107700936768466,21.662039065215936,0.08271320399533857,0.08271320399533857,0.0016488554324534492,0.0022169307888003746,0.24107030812920158,0.00469372437177148,3.8198582437509514,0.18428805388120362,152.3688597295848,82.13202224213768,22.61380793181565,0.049772136590669896,3.842235790122709,1.2424371877438707,0.1598111271869927,1.654464848861342,0.4225456436131802,20.0
143,10,0.24107030812920158,0.9824424157715081,0.09107700936768466,21.662039065215936,0.08271320399533857,0.08271320399533857,0.0016488554324534492,0.0022169307888003746,0.24107030812920158,0.00469372437177148,3.8198582437509514,0.18428805388120362,152.3688597295848,82.13202224213768,22.61380793181565,0.049772136590669896,3.842235790122709,1.2424371877438707,0.1598111271869927,1.654464848861342,0.4225456436131802,20.0
144,1,0.01624319607071102,0.17586131223082635,0.008778926500788892,3.8993954535251016,0.20010493927176518,0.20010493927176518,0.1492523017270932,0.11991263250562968,0.01624319607071102,0.03350964718241625,2.2138888506620975,0.9574051603052227,130.122368600195,140.37457415595273,36.653042862657955,0.14526140598156678,5.129722149408032,0.30110054466760133,0.10308161272309652,0.8210205293822483,0.3122599454949417,20.0
144,2,0.016256101330806204,0.15067948013322252,0.00878589687800019,3.8993954535251016,0.20010493930639192,0.20010493930639192,0.14977331329805707,0.12006676618761249,0.016256101330806204,0.03350964721018666,2.2138888506620975,0.9574051603052227,130.122368600195,140.37457415595273,36.653042862657955,0.14526140598156678,5.129722149408032,0.30110054466760133,0.10308161272309652,0.8210205293822483,0.3122599454949417,20.0
144,3,0.01625610133080624,0.15067948013001184,0.008785896878000207,3.8993954535251016,0.20010493930639192,0.20010493930639192,0.14977331329805935,0.12006676618761299,0.01625610133080624,0.03350964721018666,2.2138888506620975,0.9574051603052227,130.122368600195,140.37457415595273,36.653042862657955,0.14526140598156678,5.129722149408032,0.30110054466760133,0.10308161272309652,0.8210205293822483,0.3122599454949417,20.0
144,4,0.01625610133080624,0.15067948013001184,0.008785896878000207,3.8993954535251016,0.20010493930639192,0.20010493930639192,0.14977331329805935,0.12006676618761299,0.01625610133080624,0.03350964721018666,2.2138888506620975,0.9574051603052227,130.122368600195,140.37457415595273,36.653042862657955,0.14526140598156678,5.129722149408032,0.30110054466760133,0.10308161272309652,0.8210205293822483,0.3122599454949417,20.0
144,5,0.01625610133080624,0.15067948013001184,0.008785896878000207,3.8993954535251016,0.20010493930639192,0.20010493930639192,0.14977331329805935,0.12006676618761299,0.01625610133080624,0.03350964721018666,2.2138888506620975,0.9574051603052227,130.122368600195,140.37457415595273,36.653042862657955,0.14526140598156678,5.129722149408032,0.30110054466760133,0.10308161272309652,0.8210205293822483,0.3122599454949417,20.0
144,6,0.01625610133080624,0.15067948013001184,0.008785896878000207,3.8993954535251016,0.20010493930639192,0.20010493930639192,0.14977331329805935,0.12006676618761299,0.01625610133080624,0.03350964721018666,2.2138888506620975,0.9574051603052227,130.122368600195,140.37457415595273,36.653042862657955,0.14526140598156678,5.129722149408032,0.30110054466760133,0.10308161272309652,0.8210205293822483,0.3122599454949417,20.0
144,7,0.01625610133080624,0.15067948013001184,0.008785896878000207,3.8993954535251016,0.20010493930639192,0.20010493930639192,0.14977331329805935,0.12006676618761299,0.01625610133080624,0.03350964721018666,2.2138888506620975,0.9574051603052227,130.122368600195,140.37457415595273,36.653042862657955,0.14526140598156678,5.129722149408032,0.30110054466760133,0.10308161272309652,0.8210205293822483,0.3122599454949417,20.0
144,8,0.01625610133080624,0.15067948013001184,0.008785896878000207,3.8993954535251016,0.20010493930639192,0.20010493930639192,0.14977331329805935,0.12006676618761299,0.01625610133080624,0.03350964721018666,2.2138888506620975,0.9574051603052227,130.122368600195,140.37457415595273,36.653042862657955,0.14526140598156678,5.129722149408032,0.30110054466760133,0.10308161272309652,0.8210205293822483,0.3122599454949417,20.0
144,9,0.01625610133080624,0.15067948013001184,0.008785896878000207,3.8993954535251016,0.20010493930639192,0.20010493930639192,0.14977331329805935,0.12006676618761299,0.01625610133080624,0.03350964721018666,2.2138888506620975,0.9574051603052227,130.122368600195,140.37457415595273,36.653042862657955,0.14526140598156678,5.129722149408032,0.30110054466760133,0.10308161272309652,0.8210205293822483,0.3122599454949417,20.0
144,10,0.01625610133080624,0.15067948013001184,0.008785896878000207,3.8993954535251016,0.20010493930639192,0.20010493930639192,0.14977331329805935,0.12006676618761299,0.01625610133080624,0.03350964721018666,2.2138888506620975,0.9574051603052227,130.122368600195,140.37457415595273,36.653042862657955,0.14526140598156678,5.129722149408032,0.30110054466760133,0.10308161272309652,0.8210205293822483,0.3122599454949417,20.0
145,1,0.05200871578361878,0.9999999998481981,0.036314613876621715,22.649735117492423,0.08273799116546117,0.08273799116546117,1.3697116256906291e-10,3.1397483772881867e-07,0.05200871578361878,2.7947123468988504e-06,4.582281630125104,0.22133826180669253,81.53988799731461,154.3315368707032,80.76021678670283,0.03636996637689258,4.568265688564779,0.8498947133918087,0.09467717971167357,1.0446731446188982,0.43956847103705177,20.0
145,2,0.06477216181635798,0.9999895266700739,0.04522657429415476,22.649735117492423,0.0827387261125779,0.0827387261125779,1.2964513852980433e-06,3.0638454591390956e-06,0.06477216181635798,3.0664723296361536e-06,4.582281630125104,0.22133826180669253,81.53988799731461,154.3315368707032,80.76021678670283,0.03636996637689258,4.568265688564779,0.8498947133918087,0.09467717971167357,1.0446731446188982,0.43956847103705177,20.0
145,3,0.06477219121072196,0.9999885374783427,0.04522659480779901,22.649735117492423,0.08273872611258448,0.08273872611258448,1.4140199543078602e-06,3.2017726291125018e-06,0.06477219121072196,3.0664723332578357e-06,4.582281630125104,0.22133826180669253,81.53988799731461,154.3315368707032,80.76021678670283,0.03636996637689258,4.568265688564779,0.8498947133918087,0.09467717971167357,1.0446731446188982,0.43956847103705177,20.0
145,4,0.0647721912107221,0.9999885374783317,0.045226594807799114,22.649735117492423,0.08273872611258448,0.08273872611258448,1.4140199553029657e-06,3.201772630062239e-06,0.0647721912107221,3.0664723332578357e-06,4.582281630125104,0.22133826180669253,81.53988799731461,154.3315368707032,80.76021678670283,0.03636996637689258,4.568265688564779,0.8498947133918087,0.09467717971167357,1.0446731446188982,0.43956847103705177,20.0
145,5,0.0647721912107221,0.9999885374783317,0.045226594807799114,22.649735117492423,0.08273872611258448,0.08273872611258448,1.4140199553029657e-06,3.201772630062239e-06,0.0647721912107221,3.0664723332578357e-06,4.582281630125104,0.22133826180669253,81.53988799731461,154.3315368707032,80.76021678670283,0.03636996637689258,4.568265688564779,0.8498947133918087,0.09467717971167357,1.0446731446188982,0.43956847103705177,20.0
145,6,0.0647721912107221,0.9999885374783317,0.045226594807799114,22.649735117492423,0.08273872611258448,0.08273872611258448,1.4140199553029657e-06,3.201772630062239e-06,0.0647721912107221,3.0664723332578357e-06,4.582281630125104,0.22133826180669253,81.53988799731461,154.3315368707032,80.76021678670283,0.03636996637689258,4.568265688564779,0.8498947133918087,0.09467717971167357,1.0446731446188982,0.43956847103705177,20.0
145,7,0.0647721912107221,0.9999885374783317,0.045226594807799114,22.649735117492423,0.08273872611258448,0.08273872611258448,1.4140199553029657e-06,3.201772630062239e-06,0.0647721912107221,3.0664723332578357e-06,4.582281630125104,0.22133826180669253,81.53988799731461,154.3315368707032,80.76021678670283,0.03636996637689258,4.568265688564779,0.8498947133918087,0.09467717971167357,1.0446731446188982,0.43956847103705177,20.0
145,8,0.0647721912107221,0.9999885374783317,0.045226594807799114,22.649735117492423,0.08273872611258448,0.08273872611258448,1.4140199553029657e-06,3.201772630062239e-06,0.0647721912107221,3.0664723332578357e-06,4.582281630125104,0.22133826180669253,81.53988799731461,154.3315368707032,80.76021678670283,0.03636996637689258,4.568265688564779,0.8498947133918087,0.09467717971167357,1.0446731446188982,0.43956847103705177,20.0
145,9,0.0647721912107221,0.9999885374783317,0.045226594807799114,22.649735117492423,0.08273872611258448,0.08273872611258448,1.4140199553029657e-06,3.201772630062239e-06,0.0647721912107221,3.0664723332578357e-06,4.582281630125104,0.22133826180669253,81.53988799731461,154.3315368707032,80.76021678670283,0.03636996637689258,4.568265688564779,0.8498947133918087,0.09467717971167357,1.0446731446188982,0.43956847103705177,20.0
145,10,0.0647721912107221,0.9999885374783317,0.045226594807799114,22.649735117492423,0.08273872611258448,0.08273872611258448,1.4140199553029657e-06,3.201772630062239e-06,0.0647721912107221,3.0664723332578357e-06,4.582281630125104,0.22133826180669253,81.53988799731461,154.3315368707032,80.76021678670283,0.03636996637689258,4.568265688564779,0.8498947133918087,0.09467717971167357,1.0446731446188982,0.43956847103705177,20.0
146,1,0.06507679785779223,0.9992619205340899,0.03874874969183495,11.920415950408552,0.1520581905728678,0.1520581905728678,0.00044740323213406953,0.009525638700133917,0.06507679785779223,0.003643454777273857,3.4723308834573023,0.3151036472895584,51.68791927689571,74.51056921133036,31.132701221241945,0.09421275111410789,4.9836143546562415,0.804462298687904,0.04060189457731079,1.3346652083411616,0.3698258994403665,20.0
146,2,0.09386672073190848,0.9805254991034738,0.05589012191671743,11.920415950408552,0.16132917929528903,0.16132917929528903,0.004641496363514219,0.02319867190029685,0.09386672073190848,0.004950028619204542,3.4723308834573023,0.3151036472895584,51.68791927689571,74.51056921133036,31.132701221241945,0.09421275111410789,4.9836143546562415,0.804462298687904,0.04060189457731079,1.3346652083411616,0.3698258994403665,20.0
146,3,0.09492828745110651,0.9749190771948362,0.056522038745255784,11.920415950408552,0.16148828242979013,0.16148828242979013,0.0057106464673074685,0.024745324319142708,0.09492828745110651,0.004985473072245863,3.4723308834573023,0.3151036472895584,51.68791927689571,74.51056921133036,31.132701221241945,0.09421275111410789,4.9836143546562415,0.804462298687904,0.04060189457731079,1.3346652083411616,0.3698258994403665,20.0
146,4,0.0949421374606144,0.9747825435720541,0.056530282355934755,11.920415950408552,0.1614898026206865,0.1614898026206865,0.005733372707727396,0.024771830451919084,0.0949421374606144,0.004985900789739599,3.4723308834573023,0.3151036472895584,51.68791927689571,74.51056921133036,31.132701221241945,0.09421275111410789,4.9836143546562415,0.804462298687904,0.04060189457731079,1.3346652083411616,0.3698258994403665,20.0
146,5,0.09494224693444202,0.9747810008655158,0.05653034751109683,11.920415950408552,0.16148981265649387,0.16148981265649387,0.005733606276630259,0.024772071428508718,0.09494224693444202,0.004985904059115121,3.4723308834573023,0.3151036472895584,51.68791927689571,74.51056921133036,31.132701221241945,0.09421275111410789,4.9836143546562415,0.804462298687904,0.04060189457731079,1.3346652083411616,0.3698258994403665,20.0
146,6,0.094942247561667,0.9747809896299457,0.05653034788438249,11.920415950408552,0.1614898127074754,0.1614898127074754,0.005733607865230359,0.024772072936672856,0.094942247561667,0.004985904077510967,3.4723308834573023,0.3151036472895584,51.68791927689571,74.51056921133036,31.132701221241945,0.09421275111410789,4.9836143546562415,0.804462298687904,0.04060189457731079,1.3346652083411616,0.3698258994403665,20.0
146,7,0.09494224756451837,0.9747809895690388,0.056530347886079406,11.920415950408552,0.16148981270768778,0.16148981270768778,0.005733607873399412,0.024772072943966498,0.09494224756451837,0.00498590407759366,3.4723308834573023,0.3151036472895584,51.68791927689571,74.51056921133036,31.132701221241945,0.09421275111410789,4.9836143546562415,0.804462298687904,0.04060189457731079,1.3346652083411616,0.3698258994403665,20.0
146,8,0.09494224756452924,0.9747809895687729,0.05653034788608585,11.920415950408552,0.16148981270768853,0.16148981270768853,0.005733607873433577,0.02477207294399558,0.09494224756452924,0.004985904077593974,3.4723308834573023,0.3151036472895584,51.68791927689571,74.51056921133036,31.132701221241945,0.09421275111410789,4.9836143546562415,0.804462298687904,0.04060189457731079,1.3346652083411616,0.3698258994403665,20.0
146,9,0.09494224756452926,0.9747809895687721,0.05653034788608587,11.920415950408552,0.16148981270768853,0.16148981270768853,0.005733607873433699,0.024772072943995676,0.09494224756452926,0.004985904077593976,3.4723308834573023,0.3151036472895584,51.68791927689571,74.51056921133036,31.132701221241945,0.09421275111410789,4.9836143546562415,0.804462298687904,0.04060189457731079,1.3346652083411616,0.3698258994403665,20.0
146,10,0.09494224756452926,0.9747809895687721,0.05653034788608587,11.920415950408552,0.16148981270768853,0.16148981270768853,0.005733607873433699,0.024772072943995676,0.09494224756452926,0.004985904077593976,3.4723308834573023,0.3151036472895584,51.68791927689571,74.51056921133036,31.132701221241945,0.09421275111410789,4.9836143546562415,0.804462298687904,0.04060189457731079,1.3346652083411616,0.3698258994403665,20.0
147,1,0.08848266701978211,0.8881619200304901,0.04461559613185453,6.613853078192458,0.4889843919998992,0.4889843919998992,0.10296956286277979,0.2081224537154506,0.08848266701978211,2.2767678761502215e-05,4.740454649358396,0.8823942287786296,124.91497944839024,100.73204879531764,46.8537406492733,0.13072892204594058,5.780219336900744,1.4208219910478574,0.16047667857938763,0.6900988416751153,0.44859883684723223,20.0
147,2,0.08904135239620499,0.760772833373164,0.04489676286410358,6.613853078192458,0.48898439472641897,0.48898439472641897,0.13855828208900578,0.21570860846990422,0.08904135239620499,2.2768294114253832e-05,4.740454649358396,0.8823942287786296,124.91497944839024,100.73204879531764,46.8537406492733,0.13072892204594058,5.780219336900744,1.4208219910478574,0.16047667857938763,0.6900988416751153,0.44859883684723223,20.0
147,3,0.08904135239621104,0.7607728326614993,0.044896762864106626,6.613853078192458,0.48898439472641897,0.48898439472641897,0.13855828209012144,0.21570860847001352,0.08904135239621104,2.2768294114253832e-05,4.740454649358396,0.8823942287786296,124.91497944839024,100.73204879531764,46.8537406492733,0.13072892204594058,5.780219336900744,1.4208219910478574,0.16047667857938763,0.6900988416751153,0.44859883684723223,20.0
147,4,0.08904135239621104,0.7607728326614993,0.044896762864106626,6.613853078192458,0.48898439472641897,0.48898439472641897,0.13855828209012144,0.21570860847001352,0.08904135239621104,2.2768294114253832e-05,4.740454649358396,0.8823942287786296,124.91497944839024,100.73204879531764,46.8537406492733,0.13072892204594058,5.780219336900744,1.4208219910478574,0.16047667857938763,0.6900988416751153,0.44859883684723223,20.0
147,5,0.08904135239621104,0.7607728326614993,0.044896762864106626,6.613853078192458,0.48898439472641897,0.48898439472641897,0.13855828209012144,0.21570860847001352,0.08904135239621104,2.2768294114253832e-05,4.740454649358396,0.8823942287786296,124.91497944839024,100.73204879531764,46.8537406492733,0.13072892204594058,5.780219336900744,1.4208219910478574,0.16047667857938763,0.6900988416751153,0.44859883684723223,20.0
147,6,0.08904135239621104,0.7607728326614993,0.044896762864106626,6.613853078192458,0.48898439472641897,0.48898439472641897,0.13855828209012144,0.21570860847001352,0.08904135239621104,2.2768294114253832e-05,4.740454649358396,0.8823942287786296,124.91497944839024,100.73204879531764,46.8537406492733,0.13072892204594058,5.780219336900744,1.4208219910478574,0.16047667857938763,0.6900988416751153,0.44859883684723223,20.0
147,7,0.08904135239621104,0.7607728326614993,0.044896762864106626,6.613853078192458,0.48898439472641897,0.48898439472641897,0.13855828209012144,0.21570860847001352,0.08904135239621104,2.2768294114253832e-05,4.740454649358396,0.8823942287786296,124.91497944839024,100.73204879531764,46.8537406492733,0.13072892204594058,5.780219336900744,1.4208219910478574,0.16047667857938763,0.6900988416751153,0.44859883684723223,20.0
147,8,0.08904135239621104,0.7607728326614993,0.044896762864106626,6.613853078192458,0.48898439472641897,0.48898439472641897,0.13855828209012144,0.21570860847001352,0.08904135239621104,2.2768294114253832e-05,4.740454649358396,0.8823942287786296,124.91497944839024,100.73204879531764,46.8537406492733,0.13072892204594058,5.780219336900744,1.4208219910478574,0.16047667857938763,0.6900988416751153,0.44859883684723223,20.0
147,9,0.08904135239621104,0.7607728326614993,0.044896762864106626,6.613853078192458,0.48898439472641897,0.48898439472641897,0.13855828209012144,0.21570860847001352,0.08904135239621104,2.2768294114253832e-05,4.740454649358396,0.8823942287786296,124.91497944839024,100.73204879531764,46.8537406492733,0.13072892204594058,5.780219336900744,1.4208219910478574,0.16047667857938763,0.6900988416751153,0.44859883684723223,20.0
147,10,0.08904135239621104,0.7607728326614993,0.044896762864106626,6.613853078192458,0.48898439472641897,0.48898439472641897,0.13855828209012144,0.21570860847001352,0.08904135239621104,2.2768294114253832e-05,4.740454649358396,0.8823942287786296,124.91497944839024,100.73204879531764,46.8537406492733,0.13072892204594058,5.780219336900744,1.4208219910478574,0.16047667857938763,0.6900988416751153,0.44859883684723223,20.0
148,1,0.07598351600090542,0.9999999996887158,0.04669905587287869,27.956584498296106,0.07508264725849166,0.07508264725849166,4.635647507673364e-10,1.063401088328571e-06,0.07598351600090542,1.0781730119957964e-05,7.0447509185162485,0.2639058344418612,84.33589845937219,86.06844720603706,80.34319368873064,0.035093482593248924,5.764449048564728,0.34461635806839563,0.11304662166814444,0.7622373244593592,0.3441378214537816,20.0
148,2,0.09401328512666687,0.999959723444363,0.05778005430291107,27.956584498296106,0.0750854230598335,0.0750854230598335,4.874863504096887e-06,1.0592792835198528e-05,0.09401328512666687,1.1950482346650105e-05,7.0447509185162485,0.2639058344418612,84.33589845937219,86.06844720603706,80.34319368873064,0.035093482593248924,5.764449048564728,0.34461635806839563,0.11304662166814444,0.7622373244593592,0.3441378214537816,20.0
148,3,0.0940134480752656,0.9999554944038413,0.05778015439350069,27.956584498296106,0.07508542306006674,0.07508542306006674,5.364130939452322e-06,1.1170289833321209e-05,0.0940134480752656,1.19504824975322e-05,7.0447509185162485,0.2639058344418612,84.33589845937219,86.06844720603706,80.34319368873064,0.035093482593248924,5.764449048564728,0.34461635806839563,0.11304662166814444,0.7622373244593592,0.3441378214537816,20.0
148,4,0.09401344807527247,0.9999554944034,0.0577801543935049,27.956584498296106,0.07508542306006674,0.07508542306006674,5.364130976847187e-06,1.1170289868222425e-05,0.09401344807527247,1.1950482497532204e-05,7.0447509185162485,0.2639058344418612,84.33589845937219,86.06844720603706,80.34319368873064,0.035093482593248924,5.764449048564728,0.34461635806839563,0.11304662166814444,0.7622373244593592,0.3441378214537816,20.0
148,5,0.09401344807527247,0.9999554944034,0.0577801543935049,27.956584498296106,0.07508542306006674,0.07508542306006674,5.364130976847187e-06,1.1170289868222425e-05,0.09401344807527247,1.1950482497532204e-05,7.0447509185162485,0.2639058344418612,84.33589845937219,86.06844720603706,80.34319368873064,0.035093482593248924,5.764449048564728,0.34461635806839563,0.11304662166814444,0.7622373244593592,0.3441378214537816,20.0
148,6,0.09401344807527247,0.9999554944034,0.0577801543935049,27.956584498296106,0.07508542306006674,0.07508542306006674,5.364130976847187e-06,1.1170289868222425e-05,0.09401344807527247,1.1950482497532204e-05,7.0447509185162485,0.2639058344418612,84.33589845937219,86.06844720603706,80.34319368873064,0.035093482593248924,5.764449048564728,0.34461635806839563,0.11304662166814444,0.7622373244593592,0.3441378214537816,20.0
148,7,0.09401344807527247,0.9999554944034,0.0577801543935049,27.956584498296106,0.07508542306006674,0.07508542306006674,5.364130976847187e-06,1.1170289868222425e-05,0.09401344807527247,1.1950482497532204e-05,7.0447509185162485,0.2639058344418612,84.33589845937219,86.06844720603706,80.34319368873064,0.035093482593248924,5.764449048564728,0.34461635806839563,0.11304662166814444,0.7622373244593592,0.3441378214537816,20.0
148,8,0.09401344807527247,0.9999554944034,0.0577801543935049,27.956584498296106,0.07508542306006674,0.07508542306006674,5.364130976847187e-06,1.1170289868222425e-05,0.09401344807527247,1.1950482497532204e-05,7.0447509185162485,0.2639058344418612,84.33589845937219,86.06844720603706,80.34319368873064,0.035093482593248924,5.764449048564728,0.34461635806839563,0.11304662166814444,0.7622373244593592,0.3441378214537816,20.0
148,9,0.09401344807527247,0.9999554944034,0.0577801543935049,27.956584498296106,0.07508542306006674,0.07508542306006674,5.364130976847187e-06,1.1170289868222425e-05,0.09401344807527247,1.1950482497532204e-05,7.0447509185162485,0.2639058344418612,84.33589845937219,86.06844720603706,80.34319368873064,0.035093482593248924,5.764449048564728,0.34461635806839563,0.11304662166814444,0.7622373244593592,0.3441378214537816,20.0
148,10,0.09401344807527247,0.9999554944034,0.0577801543935049,27.956584498296106,0.07508542306006674,0.07508542306006674,5.364130976847187e-06,1.1170289868222425e-05,0.09401344807527247,1.1950482497532204e-05,7.0447509185162485,0.2639058344418612,84.33589845937219,86.06844720603706,80.34319368873064,0.035093482593248924,5.764449048564728,0.34461635806839563,0.11304662166814444,0.7622373244593592,0.3441378214537816,20.0
149,1,0.05331144938400666,0.9936631121377705,0.03557864746421732,33.69807476303568,0.2679081146389949,0.2679081146389949,0.008541876321922165,0.1495256533109232,0.05331144938400666,1.5381520147273914e-08,4.094188627228923,0.12893878890735028,90.6323902955738,166.81915955052617,55.38398109513742,0.1478989885289329,4.2803238386346525,1.02104364935394,0.17522239583637486,1.433643123007654,0.460801715532416,20.0
149,2,0.0574154062142492,0.9590797302562251,0.038313593444348135,33.69807476303568,0.2679081146389949,0.2679081146389949,0.045192955728711515,0.21173287066518015,0.0574154062142492,1.538152017061778e-08,4.094188627228923,0.12893878890735028,90.6323902955738,166.81915955052617,55.38398109513742,0.1478989885289329,4.2803238386346525,1.02104364935394,0.17522239583637486,1.433643123007654,0.460801715532416,20.0
149,3,0.0574154062142492,0.9590797302562251,0.038313593444348135,33.69807476303568,0.2679081146389949,0.2679081146389949,0.045192955728711515,0.21173287066518015,0.0574154062142492,1.538152017061778e-08,4.094188627228923,0.12893878890735028,90.6323902955738,166.81915955052617,55.38398109513742,0.1478989885289329,4.2803238386346525,1.02104364935394,0.17522239583637486,1.433643123007654,0.460801715532416,20.0
149,4,0.0574154062142492,0.9590797302562251,0.038313593444348135,33.69807476303568,0.2679081146389949,0.2679081146389949,0.045192955728711515,0.21173287066518015,0.0574154062142492,1.538152017061778e-08,4.094188627228923,0.12893878890735028,90.6323902955738,166.81915955052617,55.38398109513742,0.1478989885289329,4.2803238386346525,1.02104364935394,0.17522239583637486,1.433643123007654,0.460801715532416,20.0
149,5,0.0574154062142492,0.9590797302562251,0.038313593444348135,33.69807476303568,0.2679081146389949,0.2679081146389949,0.045192955728711515,0.21173287066518015,0.0574154062142492,1.538152017061778e-08,4.094188627228923,0.12893878890735028,90.6323902955738,166.81915955052617,55.38398109513742,0.1478989885289329,4.2803238386346525,1.02104364935394,0.17522239583637486,1.433643123007654,0.460801715532416,20.0
149,6,0.0574154062142492,0.9590797302562251,0.038313593444348135,33.69807476303568,0.2679081146389949,0.2679081146389949,0.045192955728711515,0.21173287066518015,0.0574154062142492,1.538152017061778e-08,4.094188627228923,0.12893878890735028,90.6323902955738,166.81915955052617,55.38398109513742,0.1478989885289329,4.2803238386346525,1.02104364935394,0.17522239583637486,1.433643123007654,0.460801715532416,20.0
149,7,0.0574154062142492,0.9590797302562251,0.038313593444348135,33.69807476303568,0.2679081146389949,0.2679081146389949,0.045192955728711515,0.21173287066518015,0.0574154062142492,1.538152017061778e-08,4.094188627228923,0.12893878890735028,90.6323902955738,166.81915955052617,55.38398109513742,0.1478989885289329,4.2803238386346525,1.02104364935394,0.17522239583637486,1.433643123007654,0.460801715532416,20.0
149,8,0.0574154062142492,0.9590797302562251,0.038313593444348135,33.69807476303568,0.2679081146389949,0.2679081146389949,0.045192955728711515,0.21173287066518015,0.0574154062142492,1.538152017061778e-08,4.094188627228923,0.12893878890735028,90.6323902955738,166.81915955052617,55.38398109513742,0.1478989885289329,4.2803238386346525,1.02104364935394,0.17522239583637486,1.433643123007654,0.460801715532416,20.0
149,9,0.0574154062142492,0.9590797302562251,0.038313593444348135,33.69807476303568,0.2679081146389949,0.2679081146389949,0.045192955728711515,0.21173287066518015,0.0574154062142492,1.538152017061778e-08,4.094188627228923,0.12893878890735028,90.6323902955738,166.81915955052617,55.38398109513742,0.1478989885289329,4.2803238386346525,1.02104364935394,0.17522239583637486,1.433643123007654,0.460801715532416,20.0
149,10,0.0574154062142492,0.9590797302562251,0.038313593444348135,33.69807476303568,0.2679081146389949,0.2679081146389949,0.045192955728711515,0.21173287066518015,0.0574154062142492,1.538152017061778e-08,4.094188627228923,0.12893878890735028,90.6323902955738,166.81915955052617,55.38398109513742,0.1478989885289329,4.2803238386346525,1.02104364935394,0.17522239583637486,1.433643123007654,0.460801715532416,20.0
150,1,0.018645614277452722,0.9598959513513101,0.015071537815642081,23.824596541875927,0.28144195419981755,0.28144195419981755,0.018397449118493548,0.08673790562437189,0.018645614277452722,0.0017646252905200311,3.6294150211694927,0.16837511194546217,45.20538493966246,178.08699719877094,97.63902370229194,0.1078338640327035,4.345789911607448,0.7247484831538509,0.08161932049322412,0.6610369993148497,0.36624224413375656,20.0
150,2,0.023519255668210712,0.8837411446466262,0.01900950793469354,23.824596541875927,0.2814419543512554,0.2814419543512554,0.048391199114292675,0.1291195067056732,0.023519255668210712,0.0017646253311357908,3.6294150211694927,0.16837511194546217,45.20538493966246,178.08699719877094,97.63902370229194,0.1078338640327035,4.345789911607448,0.7247484831538509,0.08161932049322412,0.6610369993148497,0.36624224413375656,20.0
150,3,0.023519255668684114,0.8837411445120422,0.019009507935075855,23.824596541875927,0.2814419543512554,0.2814419543512554,0.04839119912778589,0.12911950671251,0.023519255668684114,0.0017646253311357908,3.6294150211694927,0.16837511194546217,45.20538493966246,178.08699719877094,97.63902370229194,0.1078338640327035,4.345789911607448,0.7247484831538509,0.08161932049322412,0.6610369993148497,0.36624224413375656,20.0
150,4,0.023519255668684114,0.8837411445120422,0.019009507935075855,23.824596541875927,0.2814419543512554,0.2814419543512554,0.04839119912778589,0.12911950671251,0.023519255668684114,0.0017646253311357908,3.6294150211694927,0.16837511194546217,45.20538493966246,178.08699719877094,97.63902370229194,0.1078338640327035,4.345789911607448,0.7247484831538509,0.08161932049322412,0.6610369993148497,0.36624224413375656,20.0
150,5,0.023519255668684114,0.8837411445120422,0.019009507935075855,23.824596541875927,0.2814419543512554,0.2814419543512554,0.04839119912778589,0.12911950671251,0.023519255668684114,0.0017646253311357908,3.6294150211694927,0.16837511194546217,45.20538493966246,178.08699719877094,97.63902370229194,0.1078338640327035,4.345789911607448,0.7247484831538509,0.08161932049322412,0.6610369993148497,0.36624224413375656,20.0
150,6,0.023519255668684114,0.8837411445120422,0.019009507935075855,23.824596541875927,0.2814419543512554,0.2814419543512554,0.04839119912778589,0.12911950671251,0.023519255668684114,0.0017646253311357908,3.6294150211694927,0.16837511194546217,45.20538493966246,178.08699719877094,97.63902370229194,0.1078338640327035,4.345789911607448,0.7247484831538509,0.08161932049322412,0.6610369993148497,0.36624224413375656,20.0
150,7,0.023519255668684114,0.8837411445120422,0.019009507935075855,23.824596541875927,0.2814419543512554,0.2814419543512554,0.04839119912778589,0.12911950671251,0.023519255668684114,0.0017646253311357908,3.6294150211694927,0.16837511194546217,45.20538493966246,178.08699719877094,97.63902370229194,0.1078338640327035,4.345789911607448,0.7247484831538509,0.08161932049322412,0.6610369993148497,0.36624224413375656,20.0
150,8,0.023519255668684114,0.8837411445120422,0.019009507935075855,23.824596541875927,0.2814419543512554,0.2814419543512554,0.04839119912778589,0.12911950671251,0.023519255668684114,0.0017646253311357908,3.6294150211694927,0.16837511194546217,45.20538493966246,178.08699719877094,97.63902370229194,0.1078338640327035,4.345789911607448,0.7247484831538509,0.08161932049322412,0.6610369993148497,0.36624224413375656,20.0
150,9,0.023519255668684114,0.8837411445120422,0.019009507935075855,23.824596541875927,0.2814419543512554,0.2814419543512554,0.04839119912778589,0.12911950671251,0.023519255668684114,0.0017646253311357908,3.6294150211694927,0.16837511194546217,45.20538493966246,178.08699719877094,97.63902370229194,0.1078338640327035,4.345789911607448,0.7247484831538509,0.08161932049322412,0.6610369993148497,0.36624224413375656,20.0
150,10,0.023519255668684114,0.8837411445120422,0.019009507935075855,23.824596541875927,0.2814419543512554,0.2814419543512554,0.04839119912778589,0.12911950671251,0.023519255668684114,0.0017646253311357908,3.6294150211694927,0.16837511194546217,45.20538493966246,178.08699719877094,97.63902370229194,0.1078338640327035,4.345789911607448,0.7247484831538509,0.08161932049322412,0.6610369993148497,0.36624224413375656,20.0
151,1,0.004914078550732473,0.045205854893524036,0.0025448018412950824,8.211816917273264,0.11702720994721219,0.11702720994721219,0.14997526641416736,0.055829476399904064,0.004914078550732473,0.0897930008723391,3.247941087731963,0.49053829780365377,144.33390795304788,140.92894156038153,36.27002176907179,0.1321503390653842,2.279183458153931,0.20178825720332022,0.08866809169547178,1.175606322425737,0.4548404075987972,20.0
151,2,0.004914421561390505,0.040532508153912704,0.0025449794254030042,8.211816917273264,0.11702720994762794,0.11702720994762794,0.14999372873192363,0.05583402137902101,0.004914421561390505,0.08979300087266162,3.247941087731963,0.49053829780365377,144.33390795304788,140.92894156038153,36.27002176907179,0.1321503390653842,2.279183458153931,0.20178825720332022,0.08866809169547178,1.175606322425737,0.4548404075987972,20.0
151,3,0.004914421561390505,0.04053250815390411,0.0025449794254030042,8.211816917273264,0.11702720994762794,0.11702720994762794,0.14999372873192363,0.055834021379021014,0.004914421561390505,0.08979300087266162,3.247941087731963,0.49053829780365377,144.33390795304788,140.92894156038153,36.27002176907179,0.1321503390653842,2.279183458153931,0.20178825720332022,0.08866809169547178,1.175606322425737,0.4548404075987972,20.0
151,4,0.004914421561390505,0.04053250815390411,0.0025449794254030042,8.211816917273264,0.11702720994762794,0.11702720994762794,0.14999372873192363,0.055834021379021014,0.004914421561390505,0.08979300087266162,3.247941087731963,0.49053829780365377,144.33390795304788,140.92894156038153,36.27002176907179,0.1321503390653842,2.279183458153931,0.20178825720332022,0.08866809169547178,1.175606322425737,0.4548404075987972,20.0
151,5,0.004914421561390505,0.04053250815390411,0.0025449794254030042,8.211816917273264,0.11702720994762794,0.11702720994762794,0.14999372873192363,0.055834021379021014,0.004914421561390505,0.08979300087266162,3.247941087731963,0.49053829780365377,144.33390795304788,140.92894156038153,36.27002176907179,0.1321503390653842,2.279183458153931,0.20178825720332022,0.08866809169547178,1.175606322425737,0.4548404075987972,20.0
151,6,0.004914421561390505,0.04053250815390411,0.0025449794254030042,8.211816917273264,0.11702720994762794,0.11702720994762794,0.14999372873192363,0.055834021379021014,0.004914421561390505,0.08979300087266162,3.247941087731963,0.49053829780365377,144.33390795304788,140.92894156038153,36.27002176907179,0.1321503390653842,2.279183458153931,0.20178825720332022,0.08866809169547178,1.175606322425737,0.4548404075987972,20.0
151,7,0.004914421561390505,0.04053250815390411,0.0025449794254030042,8.211816917273264,0.11702720994762794,0.11702720994762794,0.14999372873192363,0.055834021379021014,0.004914421561390505,0.08979300087266162,3.247941087731963,0.49053829780365377,144.33390795304788,140.92894156038153,36.27002176907179,0.1321503390653842,2.279183458153931,0.20178825720332022,0.08866809169547178,1.175606322425737,0.4548404075987972,20.0
151,8,0.004914421561390505,0.04053250815390411,0.0025449794254030042,8.211816917273264,0.11702720994762794,0.11702720994762794,0.14999372873192363,0.055834021379021014,0.004914421561390505,0.08979300087266162,3.247941087731963,0.49053829780365377,144.33390795304788,140.92894156038153,36.27002176907179,0.1321503390653842,2.279183458153931,0.20178825720332022,0.08866809169547178,1.175606322425737,0.4548404075987972,20.0
151,9,0.004914421561390505,0.04053250815390411,0.0025449794254030042,8.211816917273264,0.11702720994762794,0.11702720994762794,0.14999372873192363,0.055834021379021014,0.004914421561390505,0.08979300087266162,3.247941087731963,0.49053829780365377,144.33390795304788,140.92894156038153,36.27002176907179,0.1321503390653842,2.279183458153931,0.20178825720332022,0.08866809169547178,1.175606322425737,0.4548404075987972,20.0
151,10,0.004914421561390505,0.04053250815390411,0.0025449794254030042,8.211816917273264,0.11702720994762794,0.11702720994762794,0.14999372873192363,0.055834021379021014,0.004914421561390505,0.08979300087266162,3.247941087731963,0.49053829780365377,144.33390795304788,140.92894156038153,36.27002176907179,0.1321503390653842,2.279183458153931,0.20178825720332022,0.08866809169547178,1.175606322425737,0.4548404075987972,20.0
152,1,0.02246479718470992,0.19254341741514328,0.010828652401950438,7.054557277605683,0.18351574473959903,0.18351574473959903,0.14983912957714415,0.15086422518629428,0.02246479718470992,0.009929966002898376,5.338428337243961,0.9193702174266849,143.55419469808066,97.0181078838712,55.55236110148199,0.08693804292252516,2.124376110845691,0.3611716536035513,0.12623090713239796,0.9377997819723829,0.4539805404565297,20.0
152,2,0.0224667179164077,0.16511025566980103,0.010829577266121965,7.054557277605683,0.1835157447399404,0.1835157447399404,0.14996443824376032,0.1508895546416183,0.0224667179164077,0.009929966003215654,5.338428337243961,0.9193702174266849,143.55419469808066,97.0181078838712,55.55236110148199,0.08693804292252516,2.124376110845691,0.3611716536035513,0.12623090713239796,0.9377997819723829,0.4539805404565297,20.0
152,3,0.0224667179164077,0.16511025566976623,0.010829577266121965,7.054557277605683,0.1835157447399404,0.1835157447399404,0.14996443824376032,0.1508895546416183,0.0224667179164077,0.009929966003215654,5.338428337243961,0.9193702174266849,143.55419469808066,97.0181078838712,55.55236110148199,0.08693804292252516,2.124376110845691,0.3611716536035513,0.12623090713239796,0.9377997819723829,0.4539805404565297,20.0
152,4,0.0224667179164077,0.16511025566976623,0.010829577266121965,7.054557277605683,0.1835157447399404,0.1835157447399404,0.14996443824376032,0.1508895546416183,0.0224667179164077,0.009929966003215654,5.338428337243961,0.9193702174266849,143.55419469808066,97.0181078838712,55.55236110148199,0.08693804292252516,2.124376110845691,0.3611716536035513,0.12623090713239796,0.9377997819723829,0.4539805404565297,20.0
152,5,0.0224667179164077,0.16511025566976623,0.010829577266121965,7.054557277605683,0.1835157447399404,0.1835157447399404,0.14996443824376032,0.1508895546416183,0.0224667179164077,0.009929966003215654,5.338428337243961,0.9193702174266849,143.55419469808066,97.0181078838712,55.55236110148199,0.08693804292252516,2.124376110845691,0.3611716536035513,0.12623090713239796,0.9377997819723829,0.4539805404565297,20.0
152,6,0.0224667179164077,0.16511025566976623,0.010829577266121965,7.054557277605683,0.1835157447399404,0.1835157447399404,0.14996443824376032,0.1508895546416183,0.0224667179164077,0.009929966003215654,5.338428337243961,0.9193702174266849,143.55419469808066,97.0181078838712,55.55236110148199,0.08693804292252516,2.124376110845691,0.3611716536035513,0.12623090713239796,0.9377997819723829,0.4539805404565297,20.0
152,7,0.0224667179164077,0.16511025566976623,0.010829577266121965,7.054557277605683,0.1835157447399404,0.1835157447399404,0.14996443824376032,0.1508895546416183,0.0224667179164077,0.009929966003215654,5.338428337243961,0.9193702174266849,143.55419469808066,97.0181078838712,55.55236110148199,0.08693804292252516,2.124376110845691,0.3611716536035513,0.12623090713239796,0.9377997819723829,0.4539805404565297,20.0
152,8,0.0224667179164077,0.16511025566976623,0.010829577266121965,7.054557277605683,0.1835157447399404,0.1835157447399404,0.14996443824376032,0.1508895546416183,0.0224667179164077,0.009929966003215654,5.338428337243961,0.9193702174266849,143.55419469808066,97.0181078838712,55.55236110148199,0.08693804292252516,2.124376110845691,0.3611716536035513,0.12623090713239796,0.9377997819723829,0.4539805404565297,20.0
152,9,0.0224667179164077,0.16511025566976623,0.010829577266121965,7.054557277605683,0.1835157447399404,0.1835157447399404,0.14996443824376032,0.1508895546416183,0.0224667179164077,0.009929966003215654,5.338428337243961,0.9193702174266849,143.55419469808066,97.0181078838712,55.55236110148199,0.08693804292252516,2.124376110845691,0.3611716536035513,0.12623090713239796,0.9377997819723829,0.4539805404565297,20.0
152,10,0.0224667179164077,0.16511025566976623,0.010829577266121965,7.054557277605683,0.1835157447399404,0.1835157447399404,0.14996443824376032,0.1508895546416183,0.0224667179164077,0.009929966003215654,5.338428337243961,0.9193702174266849,143.55419469808066,97.0181078838712,55.55236110148199,0.08693804292252516,2.124376110845691,0.3611716536035513,0.12623090713239796,0.9377997819723829,0.4539805404565297,20.0
153,1,0.039183047993137744,0.6081849527713703,0.02351687784506339,16.350843255681855,0.3880769243704162,0.3880769243704162,0.11187196938831907,0.15164405218172683,0.039183047993137744,0.005758909734051907,7.693273244111504,0.5228189468779547,100.37174044697053,146.2143305868934,34.74288167018036,0.14085429419359322,5.237947703314004,0.38667503454251073,0.06079200872721653,0.910454055129606,0.4658988369922149,20.0
153,2,0.040758153078319065,0.5149145369181294,0.02446188311154381,16.350843255681855,0.38807823599293495,0.38807823599293495,0.12839785976144497,0.16183644585346854,0.040758153078319065,0.005759135600364805,7.693273244111504,0.5228189468779547,100.37174044697053,146.2143305868934,34.74288167018036,0.14085429419359322,5.237947703314004,0.38667503454251073,0.06079200872721653,0.910454055129606,0.4658988369922149,20.0
153,3,0.040758153807869874,0.5149142263587065,0.02446188354914865,16.350843255681855,0.38807823599327707,0.38807823599327707,0.12839787253766832,0.16183645175620184,0.040758153807869874,0.005759135600439341,7.693273244111504,0.5228189468779547,100.37174044697053,146.2143305868934,34.74288167018036,0.14085429419359322,5.237947703314004,0.38667503454251073,0.06079200872721653,0.910454055129606,0.4658988369922149,20.0
153,4,0.04075815380786998,0.5149142263586245,0.02446188354914871,16.350843255681855,0.38807823599327707,0.38807823599327707,0.1283978725376705,0.1618364517562028,0.04075815380786998,0.005759135600439341,7.693273244111504,0.5228189468779547,100.37174044697053,146.2143305868934,34.74288167018036,0.14085429419359322,5.237947703314004,0.38667503454251073,0.06079200872721653,0.910454055129606,0.4658988369922149,20.0
153,5,0.04075815380786998,0.5149142263586245,0.02446188354914871,16.350843255681855,0.38807823599327707,0.38807823599327707,0.1283978725376705,0.1618364517562028,0.04075815380786998,0.005759135600439341,7.693273244111504,0.5228189468779547,100.37174044697053,146.2143305868934,34.74288167018036,0.14085429419359322,5.237947703314004,0.38667503454251073,0.06079200872721653,0.910454055129606,0.4658988369922149,20.0
153,6,0.04075815380786998,0.5149142263586245,0.02446188354914871,16.350843255681855,0.38807823599327707,0.38807823599327707,0.1283978725376705,0.1618364517562028,0.04075815380786998,0.005759135600439341,7.693273244111504,0.5228189468779547,100.37174044697053,146.2143305868934,34.74288167018036,0.14085429419359322,5.237947703314004,0.38667503454251073,0.06079200872721653,0.910454055129606,0.4658988369922149,20.0
153,7,0.04075815380786998,0.5149142263586245,0.02446188354914871,16.350843255681855,0.38807823599327707,0.38807823599327707,0.1283978725376705,0.1618364517562028,0.04075815380786998,0.005759135600439341,7.693273244111504,0.5228189468779547,100.37174044697053,146.2143305868934,34.74288167018036,0.14085429419359322,5.237947703314004,0.38667503454251073,0.06079200872721653,0.910454055129606,0.4658988369922149,20.0
153,8,0.04075815380786998,0.5149142263586245,0.02446188354914871,16.350843255681855,0.38807823599327707,0.38807823599327707,0.1283978725376705,0.1618364517562028,0.04075815380786998,0.005759135600439341,7.693273244111504,0.5228189468779547,100.37174044697053,146.2143305868934,34.74288167018036,0.14085429419359322,5.237947703314004,0.38667503454251073,0.06079200872721653,0.910454055129606,0.4658988369922149,20.0
153,9,0.04075815380786998,0.5149142263586245,0.02446188354914871,16.350843255681855,0.38807823599327707,0.38807823599327707,0.1283978725376705,0.1618364517562028,0.04075815380786998,0.005759135600439341,7.693273244111504,0.5228189468779547,100.37174044697053,146.2143305868934,34.74288167018036,0.14085429419359322,5.237947703314004,0.38667503454251073,0.06079200872721653,0.910454055129606,0.4658988369922149,20.0
153,10,0.04075815380786998,0.5149142263586245,0.02446188354914871,16.350843255681855,0.38807823599327707,0.38807823599327707,0.1283978725376705,0.1618364517562028,0.04075815380786998,0.005759135600439341,7.693273244111504,0.5228189468779547,100.37174044697053,146.2143305868934,34.74288167018036,0.14085429419359322,5.237947703314004,0.38667503454251073,0.06079200872721653,0.910454055129606,0.4658988369922149,20.0
154,1,0.2174162421263195,0.5230444846376606,0.046696473137251296,7.234206530632849,0.18290042021304567,0.18290042021304567,0.1483176461163676,0.23061297276357343,0.2174162421263195,0.0045657995224031986,2.4809301285546033,0.36877438751983216,195.72081846347007,42.26722075772312,16.806627872918675,0.09934009972442936,4.238577807019004,0.8787843061363056,0.15285234939544345,1.5045787239527217,0.4801902220256639,20.0
154,2,0.21748500639642998,0.4635816676562358,0.04671121920058924,7.234206530632849,0.1829005214405924,0.1829005214405924,0.14949724401526934,0.23094445608428862,0.21748500639642998,0.00456588101843255,2.4809301285546033,0.36877438751983216,195.72081846347007,42.26722075772312,16.806627872918675,0.09934009972442936,4.238577807019004,0.8787843061363056,0.15285234939544345,1.5045787239527217,0.4801902220256639,20.0
154,3,0.21748500639643273,0.46358164086452935,0.04671121920058983,7.234206530632849,0.1829005214405924,0.1829005214405924,0.14949724401539102,0.23094445608430617,0.21748500639643273,0.0045658810184325506,2.4809301285546033,0.36877438751983216,195.72081846347007,42.26722075772312,16.806627872918675,0.09934009972442936,4.238577807019004,0.8787843061363056,0.15285234939544345,1.5045787239527217,0.4801902220256639,20.0
154,4,0.21748500639643273,0.46358164086452935,0.04671121920058983,7.234206530632849,0.1829005214405924,0.1829005214405924,0.14949724401539102,0.23094445608430617,0.21748500639643273,0.0045658810184325506,2.4809301285546033,0.36877438751983216,195.72081846347007,42.26722075772312,16.806627872918675,0.09934009972442936,4.238577807019004,0.8787843061363056,0.15285234939544345,1.5045787239527217,0.4801902220256639,20.0
154,5,0.21748500639643273,0.46358164086452935,0.04671121920058983,7.234206530632849,0.1829005214405924,0.1829005214405924,0.14949724401539102,0.23094445608430617,0.21748500639643273,0.0045658810184325506,2.4809301285546033,0.36877438751983216,195.72081846347007,42.26722075772312,16.806627872918675,0.09934009972442936,4.238577807019004,0.8787843061363056,0.15285234939544345,1.5045787239527217,0.4801902220256639,20.0
154,6,0.21748500639643273,0.46358164086452935,0.04671121920058983,7.234206530632849,0.1829005214405924,0.1829005214405924,0.14949724401539102,0.23094445608430617,0.21748500639643273,0.0045658810184325506,2.4809301285546033,0.36877438751983216,195.72081846347007,42.26722075772312,16.806627872918675,0.09934009972442936,4.238577807019004,0.8787843061363056,0.15285234939544345,1.5045787239527217,0.4801902220256639,20.0
154,7,0.21748500639643273,0.46358164086452935,0.04671121920058983,7.234206530632849,0.1829005214405924,0.1829005214405924,0.14949724401539102,0.23094445608430617,0.21748500639643273,0.0045658810184325506,2.4809301285546033,0.36877438751983216,195.72081846347007,42.26722075772312,16.806627872918675,0.09934009972442936,4.238577807019004,0.8787843061363056,0.15285234939544345,1.5045787239527217,0.4801902220256639,20.0
154,8,0.21748500639643273,0.46358164086452935,0.04671121920058983,7.234206530632849,0.1829005214405924,0.1829005214405924,0.14949724401539102,0.23094445608430617,0.21748500639643273,0.0045658810184325506,2.4809301285546033,0.36877438751983216,195.72081846347007,42.26722075772312,16.806627872918675,0.09934009972442936,4.238577807019004,0.8787843061363056,0.15285234939544345,1.5045787239527217,0.4801902220256639,20.0
154,9,0.21748500639643273,0.46358164086452935,0.04671121920058983,7.234206530632849,0.1829005214405924,0.1829005214405924,0.14949724401539102,0.23094445608430617,0.21748500639643273,0.0045658810184325506,2.4809301285546033,0.36877438751983216,195.72081846347007,42.26722075772312,16.806627872918675,0.09934009972442936,4.238577807019004,0.8787843061363056,0.15285234939544345,1.5045787239527217,0.4801902220256639,20.0
154,10,0.21748500639643273,0.46358164086452935,0.04671121920058983,7.234206530632849,0.1829005214405924,0.1829005214405924,0.14949724401539102,0.23094445608430617,0.21748500639643273,0.0045658810184325506,2.4809301285546033,0.36877438751983216,195.72081846347007,42.26722075772312,16.806627872918675,0.09934009972442936,4.238577807019004,0.8787843061363056,0.15285234939544345,1.5045787239527217,0.4801902220256639,20.0
155,1,0.00461518918967885,0.9999999979873397,0.002379808308194726,9.26733508595247,0.17953752584107366,0.17953752584107366,5.48149793105043e-27,2.1102583619256226e-21,0.00461518918967885,0.006203886286941308,5.153847856449323,0.6074915881540204,80.90345296397633,48.82758271840186,59.048322200868434,0.030576873237296326,4.137166480364455,0.6823118946934621,0.1698509751944555,1.9124999745340387,0.42628386278123187,20.0
155,2,0.09503102660516109,0.9371624888975917,0.049077108031294364,9.26733508595247,0.22244195666958594,0.22244195666958594,0.01103739748200052,0.023287655278319632,0.09503102660516109,0.015118111979951979,5.153847856449323,0.6074915881540204,80.90345296397633,48.82758271840186,59.048322200868434,0.030576873237296326,4.137166480364455,0.6823118946934621,0.1698509751944555,1.9124999745340387,0.42628386278123187,20.0
155,3,0.11701413311835242,0.9004775882383567,0.060430708566271814,9.26733508595247,0.22336494575716878,0.22336494575716878,0.019709013367340666,0.03789214710616453,0.11701413311835242,0.01575864500377458,5.153847856449323,0.6074915881540204,80.90345296397633,48.82758271840186,59.048322200868434,0.030576873237296326,4.137166480364455,0.6823118946934621,0.1698509751944555,1.9124999745340387,0.42628386278123187,20.0
155,4,0.11724121729470043,0.898122310970018,0.06054795819728878,9.26733508595247,0.22336534600154573,0.22336534600154573,0.020064631455282683,0.03833423805993885,0.11724121729470043,0.01575911184285981,5.153847856449323,0.6074915881540204,80.90345296397633,48.82758271840186,59.048322200868434,0.030576873237296326,4.137166480364455,0.6823118946934621,0.1698509751944555,1.9124999745340387,0.42628386278123187,20.0
155,5,0.11724126837810739,0.8981208987998338,0.06054798456686483,9.26733508595247,0.22336534601637176,0.22336534601637176,0.020064781520035956,0.03833438678466872,0.11724126837810739,0.01575911186524948,5.153847856449323,0.6074915881540204,80.90345296397633,48.82758271840186,59.048322200868434,0.030576873237296326,4.137166480364455,0.6823118946934621,0.1698509751944555,1.9124999745340387,0.42628386278123187,20.0
155,6,0.11724126837928535,0.8981208987406475,0.06054798456747279,9.26733508595247,0.22336534601637187,0.22336534601637187,0.020064781524993257,0.03833438678889556,0.11724126837928535,0.015759111865249687,5.153847856449323,0.6074915881540204,80.90345296397633,48.82758271840186,59.048322200868434,0.030576873237296326,4.137166480364455,0.6823118946934621,0.1698509751944555,1.9124999745340387,0.42628386278123187,20.0
155,7,0.11724126837928535,0.898120898740647,0.06054798456747279,9.26733508595247,0.22336534601637187,0.22336534601637187,0.020064781524993296,0.03833438678889557,0.11724126837928535,0.015759111865249687,5.153847856449323,0.6074915881540204,80.90345296397633,48.82758271840186,59.048322200868434,0.030576873237296326,4.137166480364455,0.6823118946934621,0.1698509751944555,1.9124999745340387,0.42628386278123187,20.0
155,8,0.11724126837928535,0.898120898740647,0.06054798456747279,9.26733508595247,0.22336534601637187,0.22336534601637187,0.020064781524993296,0.03833438678889557,0.11724126837928535,0.015759111865249687,5.153847856449323,0.6074915881540204,80.90345296397633,48.82758271840186,59.048322200868434,0.030576873237296326,4.137166480364455,0.6823118946934621,0.1698509751944555,1.9124999745340387,0.42628386278123187,20.0
155,9,0.11724126837928535,0.898120898740647,0.06054798456747279,9.26733508595247,0.22336534601637187,0.22336534601637187,0.020064781524993296,0.03833438678889557,0.11724126837928535,0.015759111865249687,5.153847856449323,0.6074915881540204,80.90345296397633,48.82758271840186,59.048322200868434,0.030576873237296326,4.137166480364455,0.6823118946934621,0.1698509751944555,1.9124999745340387,0.42628386278123187,20.0
155,10,0.11724126837928535,0.898120898740647,0.06054798456747279,9.26733508595247,0.22336534601637187,0.22336534601637187,0.020064781524993296,0.03833438678889557,0.11724126837928535,0.015759111865249687,5.153847856449323,0.6074915881540204,80.90345296397633,48.82758271840186,59.048322200868434,0.030576873237296326,4.137166480364455,0.6823118946934621,0.1698509751944555,1.9124999745340387,0.42628386278123187,20.0
156,1,0.0403524625031685,0.9999999997944932,0.02378896660218279,5.26327648082788,0.14292941067887355,0.14292941067887355,4.7990623768261356e-15,7.808008609651033e-11,0.0403524625031685,0.027139511415891444,2.5245525641622355,0.6125449364203163,63.883335703042405,107.70235943319406,12.9673568988686,0.04685808502614672,3.209229727728598,1.36719302948048,0.17628961205849966,1.26679840823601,0.3423003781321439,20.0
156,2,0.07588239845914653,0.8539937508461014,0.044738907024346276,5.26327648082788,0.15385395176510255,0.15385395176510255,0.021402221947287196,0.02756727862650547,0.07588239845914653,0.03333904915340161,2.5245525641622355,0.6125449364203163,63.883335703042405,107.70235943319406,12.9673568988686,0.04685808502614672,3.209229727728598,1.36719302948048,0.17628961205849966,1.26679840823601,0.3423003781321439,20.0
156,3,0.07727907221246177,0.8339726163688311,0.04556226336886805,5.26327648082788,0.1538562389367047,0.1538562389367047,0.024565091744779822,0.030920996195030297,0.07727907221246177,0.0333421420274175,2.5245525641622355,0.6125449364203163,63.883335703042405,107.70235943319406,12.9673568988686,0.04685808502614672,3.209229727728598,1.36719302948048,0.17628961205849966,1.26679840823601,0.3423003781321439,20.0
156,4,0.07727914575739973,0.8339658082318008,0.045562306702384515,5.26327648082788,0.15385623894278305,0.15385623894278305,0.02456562543875418,0.030921345923562795,0.07727914575739973,0.033342142038537324,2.5245525641622355,0.6125449364203163,63.883335703042405,107.70235943319406,12.9673568988686,0.04685808502614672,3.209229727728598,1.36719302948048,0.17628961205849966,1.26679840823601,0.3423003781321439,20.0
156,5,0.07727914575748392,0.8339658082118325,0.0455623067024341,5.26327648082788,0.15385623894278305,0.15385623894278305,0.02456562543978315,0.030921345924080242,0.07727914575748392,0.03334214203853733,2.5245525641622355,0.6125449364203163,63.883335703042405,107.70235943319406,12.9673568988686,0.04685808502614672,3.209229727728598,1.36719302948048,0.17628961205849966,1.26679840823601,0.3423003781321439,20.0
156,6,0.07727914575748392,0.8339658082118325,0.0455623067024341,5.26327648082788,0.15385623894278305,0.15385623894278305,0.02456562543978315,0.030921345924080242,0.07727914575748392,0.03334214203853733,2.5245525641622355,0.6125449364203163,63.883335703042405,107.70235943319406,12.9673568988686,0.04685808502614672,3.209229727728598,1.36719302948048,0.17628961205849966,1.26679840823601,0.3423003781321439,20.0
156,7,0.07727914575748392,0.8339658082118325,0.0455623067024341,5.26327648082788,0.15385623894278305,0.15385623894278305,0.02456562543978315,0.030921345924080242,0.07727914575748392,0.03334214203853733,2.5245525641622355,0.6125449364203163,63.883335703042405,107.70235943319406,12.9673568988686,0.04685808502614672,3.209229727728598,1.36719302948048,0.17628961205849966,1.26679840823601,0.3423003781321439,20.0
156,8,0.07727914575748392,0.8339658082118325,0.0455623067024341,5.26327648082788,0.15385623894278305,0.15385623894278305,0.02456562543978315,0.030921345924080242,0.07727914575748392,0.03334214203853733,2.5245525641622355,0.6125449364203163,63.883335703042405,107.70235943319406,12.9673568988686,0.04685808502614672,3.209229727728598,1.36719302948048,0.17628961205849966,1.26679840823601,0.3423003781321439,20.0
156,9,0.07727914575748392,0.8339658082118325,0.0455623067024341,5.26327648082788,0.15385623894278305,0.15385623894278305,0.02456562543978315,0.030921345924080242,0.07727914575748392,0.03334214203853733,2.5245525641622355,0.6125449364203163,63.883335703042405,107.70235943319406,12.9673568988686,0.04685808502614672,3.209229727728598,1.36719302948048,0.17628961205849966,1.26679840823601,0.3423003781321439,20.0
156,10,0.07727914575748392,0.8339658082118325,0.0455623067024341,5.26327648082788,0.15385623894278305,0.15385623894278305,0.02456562543978315,0.030921345924080242,0.07727914575748392,0.03334214203853733,2.5245525641622355,0.6125449364203163,63.883335703042405,107.70235943319406,12.9673568988686,0.04685808502614672,3.209229727728598,1.36719302948048,0.17628961205849966,1.26679840823601,0.3423003781321439,20.0
157,1,0.15463842639867162,0.9963938080125941,0.06938243351941499,12.529830338807272,0.24515695748418223,0.24515695748418223,0.004146005407854386,0.04499193145230572,0.15463842639867162,0.003539296400413007,6.733932865580804,0.595197903911492,163.87606471708273,93.46354728010749,56.28474596788446,0.0802539086471248,5.361823009932085,0.9727121559487955,0.044997535132724586,0.880165998987859,0.4089223212053335,20.0
157,2,0.1721135772283458,0.9750422897960637,0.07722128807579447,12.529830338807272,0.24670372076306432,0.24670372076306432,0.012076610805333387,0.07515427456133705,0.1721135772283458,0.0037063876856345537,6.733932865580804,0.595197903911492,163.87606471708273,93.46354728010749,56.28474596788446,0.0802539086471248,5.361823009932085,0.9727121559487955,0.044997535132724586,0.880165998987859,0.4089223212053335,20.0
157,3,0.17213750845546957,0.9744186379748863,0.07723201972870831,12.529830338807272,0.24670445099801502,0.24670445099801502,0.012140319329429237,0.07523817839223246,0.17213750845546957,0.003706520884150869,6.733932865580804,0.595197903911492,163.87606471708273,93.46354728010749,56.28474596788446,0.0802539086471248,5.361823009932085,0.9727121559487955,0.044997535132724586,0.880165998987859,0.4089223212053335,20.0
157,4,0.1721375129971047,0.9744182907833454,0.0772320217651204,12.529830338807272,0.24670445109190506,0.24670445109190506,0.012140337876429198,0.07523819728526203,0.1721375129971047,0.0037065209059616664,6.733932865580804,0.595197903911492,163.87606471708273,93.46354728010749,56.28474596788446,0.0802539086471248,5.361823009932085,0.9727121559487955,0.044997535132724586,0.880165998987859,0.4089223212053335,20.0
157,5,0.1721375129974295,0.9744182907365342,0.07723202176526603,12.529830338807272,0.24670445109191053,0.24670445109191053,0.012140337878080124,0.07523819728673317,0.1721375129974295,0.0037065209059631253,6.733932865580804,0.595197903911492,163.87606471708273,93.46354728010749,56.28474596788446,0.0802539086471248,5.361823009932085,0.9727121559487955,0.044997535132724586,0.880165998987859,0.4089223212053335,20.0
157,6,0.17213751299742955,0.9744182907365314,0.07723202176526604,12.529830338807272,0.24670445109191053,0.24670445109191053,0.0121403378780802,0.07523819728673321,0.17213751299742955,0.0037065209059631257,6.733932865580804,0.595197903911492,163.87606471708273,93.46354728010749,56.28474596788446,0.0802539086471248,5.361823009932085,0.9727121559487955,0.044997535132724586,0.880165998987859,0.4089223212053335,20.0
157,7,0.17213751299742955,0.9744182907365314,0.07723202176526604,12.529830338807272,0.24670445109191053,0.24670445109191053,0.0121403378780802,0.07523819728673321,0.17213751299742955,0.0037065209059631257,6.733932865580804,0.595197903911492,163.87606471708273,93.46354728010749,56.28474596788446,0.0802539086471248,5.361823009932085,0.9727121559487955,0.044997535132724586,0.880165998987859,0.4089223212053335,20.0
157,8,0.17213751299742955,0.9744182907365314,0.07723202176526604,12.529830338807272,0.24670445109191053,0.24670445109191053,0.0121403378780802,0.07523819728673321,0.17213751299742955,0.0037065209059631257,6.733932865580804,0.595197903911492,163.87606471708273,93.46354728010749,56.28474596788446,0.0802539086471248,5.361823009932085,0.9727121559487955,0.044997535132724586,0.880165998987859,0.4089223212053335,20.0
157,9,0.17213751299742955,0.9744182907365314,0.07723202176526604,12.529830338807272,0.24670445109191053,0.24670445109191053,0.0121403378780802,0.07523819728673321,0.17213751299742955,0.0037065209059631257,6.733932865580804,0.595197903911492,163.87606471708273,93.46354728010749,56.28474596788446,0.0802539086471248,5.361823009932085,0.9727121559487955,0.044997535132724586,0.880165998987859,0.4089223212053335,20.0
157,10,0.17213751299742955,0.9744182907365314,0.07723202176526604,12.529830338807272,0.24670445109191053,0.24670445109191053,0.0121403378780802,0.07523819728673321,0.17213751299742955,0.0037065209059631257,6.733932865580804,0.595197903911492,163.87606471708273,93.46354728010749,56.28474596788446,0.0802539086471248,5.361823009932085,0.9727121559487955,0.044997535132724586,0.880165998987859,0.4089223212053335,20.0
158,1,0.029274973545134905,0.8986448036457859,0.02164874102138783,6.958129437225531,0.6131575693165698,0.6131575693165698,0.010882302805105302,0.05647746242419041,0.029274973545134905,0.00546909703737285,5.704761650365011,0.9955612085363486,34.8255109219012,89.66143634163441,66.26365496154503,0.13434677058536645,4.463470007307558,1.1223081852294212,0.07892039420926006,0.5126633995003519,0.40910780969982735,20.0
158,2,0.03896731250507081,0.9160174109322116,0.02881342096311497,6.958129437225531,0.6132170782308503,0.6132170782308503,0.03823921788079306,0.09823643929839652,0.03896731250507081,0.0054765959844712666,5.704761650365011,0.9955612085363486,34.8255109219012,89.66143634163441,66.26365496154503,0.13434677058536645,4.463470007307558,1.1223081852294212,0.07892039420926006,0.5126633995003519,0.40910780969982735,20.0
158,3,0.03896755088890739,0.9159909948713445,0.02881359707067675,6.958129437225531,0.6132170784288853,0.6132170784288853,0.038243268605510056,0.09823836641754116,0.03896755088890739,0.00547659594825296,5.704761650365011,0.9955612085363486,34.8255109219012,89.66143634163441,66.26365496154503,0.13434677058536645,4.463470007307558,1.1223081852294212,0.07892039420926006,0.5126633995003519,0.40910780969982735,20.0
158,4,0.038967550889440816,0.9159909947715107,0.02881359707107077,6.958129437225531,0.6132170784288853,0.6132170784288853,0.03824326861783916,0.0982383664223136,0.038967550889440816,0.0054765959482646785,5.704761650365011,0.9955612085363486,34.8255109219012,89.66143634163441,66.26365496154503,0.13434677058536645,4.463470007307558,1.1223081852294212,0.07892039420926006,0.5126633995003519,0.40910780969982735,20.0
158,5,0.038967550889440816,0.9159909947715108,0.02881359707107077,6.958129437225531,0.6132170784288853,0.6132170784288853,0.038243268617839145,0.0982383664223136,0.038967550889440816,0.0054765959482646785,5.704761650365011,0.9955612085363486,34.8255109219012,89.66143634163441,66.26365496154503,0.13434677058536645,4.463470007307558,1.1223081852294212,0.07892039420926006,0.5126633995003519,0.40910780969982735,20.0
158,6,0.038967550889440816,0.9159909947715108,0.02881359707107077,6.958129437225531,0.6132170784288853,0.6132170784288853,0.038243268617839145,0.0982383664223136,0.038967550889440816,0.0054765959482646785,5.704761650365011,0.9955612085363486,34.8255109219012,89.66143634163441,66.26365496154503,0.13434677058536645,4.463470007307558,1.1223081852294212,0.07892039420926006,0.5126633995003519,0.40910780969982735,20.0
158,7,0.038967550889440816,0.9159909947715108,0.02881359707107077,6.958129437225531,0.6132170784288853,0.6132170784288853,0.038243268617839145,0.0982383664223136,0.038967550889440816,0.0054765959482646785,5.704761650365011,0.9955612085363486,34.8255109219012,89.66143634163441,66.26365496154503,0.13434677058536645,4.463470007307558,1.1223081852294212,0.07892039420926006,0.5126633995003519,0.40910780969982735,20.0
158,8,0.038967550889440816,0.9159909947715108,0.02881359707107077,6.958129437225531,0.6132170784288853,0.6132170784288853,0.038243268617839145,0.0982383664223136,0.038967550889440816,0.0054765959482646785,5.704761650365011,0.9955612085363486,34.8255109219012,89.66143634163441,66.26365496154503,0.13434677058536645,4.463470007307558,1.1223081852294212,0.07892039420926006,0.5126633995003519,0.40910780969982735,20.0
158,9,0.038967550889440816,0.9159909947715108,0.02881359707107077,6.958129437225531,0.6132170784288853,0.6132170784288853,0.038243268617839145,0.0982383664223136,0.038967550889440816,0.0054765959482646785,5.704761650365011,0.9955612085363486,34.8255109219012,89.66143634163441,66.26365496154503,0.13434677058536645,4.463470007307558,1.1223081852294212,0.07892039420926006,0.5126633995003519,0.40910780969982735,20.0
158,10,0.038967550889440816,0.9159909947715108,0.02881359707107077,6.958129437225531,0.6132170784288853,0.6132170784288853,0.038243268617839145,0.0982383664223136,0.038967550889440816,0.0054765959482646785,5.704761650365011,0.9955612085363486,34.8255109219012,89.66143634163441,66.26365496154503,0.13434677058536645,4.463470007307558,1.1223081852294212,0.07892039420926006,0.5126633995003519,0.40910780969982735,20.0
159,1,0.0639488334636746,0.9997581259530416,0.04259601258636912,67.11893329252683,0.1062133660658523,0.1062133660658523,0.0004245914033683039,0.020967157945282044,0.0639488334636746,1.4407654941846771e-12,6.575088634861634,0.1015817936953724,121.2476155877354,196.5017984753769,85.37543353167074,0.07165093611179467,2.8990088573847568,0.6335104575831849,0.1278966083104717,1.6380281259456675,0.4558236399129778,20.0
159,2,0.07335481417532844,0.9987106132224349,0.04885942464540752,67.11893329252683,0.1062133660658533,0.1062133660658533,0.0022535592989587024,0.054516217385479994,0.07335481417532844,1.4413455298661314e-12,6.575088634861634,0.1015817936953724,121.2476155877354,196.5017984753769,85.37543353167074,0.07165093611179467,2.8990088573847568,0.6335104575831849,0.1278966083104717,1.6380281259456675,0.4558236399129778,20.0
159,3,0.07335481417532844,0.9987106132224337,0.04885942464540752,67.11893329252683,0.1062133660658533,0.1062133660658533,0.002253559298958738,0.054516217385480036,0.07335481417532844,1.4413455298661314e-12,6.575088634861634,0.1015817936953724,121.2476155877354,196.5017984753769,85.37543353167074,0.07165093611179467,2.8990088573847568,0.6335104575831849,0.1278966083104717,1.6380281259456675,0.4558236399129778,20.0
159,4,0.07335481417532844,0.9987106132224337,0.04885942464540752,67.11893329252683,0.1062133660658533,0.1062133660658533,0.002253559298958738,0.054516217385480036,0.07335481417532844,1.4413455298661314e-12,6.575088634861634,0.1015817936953724,121.2476155877354,196.5017984753769,85.37543353167074,0.07165093611179467,2.8990088573847568,0.6335104575831849,0.1278966083104717,1.6380281259456675,0.4558236399129778,20.0
159,5,0.07335481417532844,0.9987106132224337,0.04885942464540752,67.11893329252683,0.1062133660658533,0.1062133660658533,0.002253559298958738,0.054516217385480036,0.07335481417532844,1.4413455298661314e-12,6.575088634861634,0.1015817936953724,121.2476155877354,196.5017984753769,85.37543353167074,0.07165093611179467,2.8990088573847568,0.6335104575831849,0.1278966083104717,1.6380281259456675,0.4558236399129778,20.0
159,6,0.07335481417532844,0.9987106132224337,0.04885942464540752,67.11893329252683,0.1062133660658533,0.1062133660658533,0.002253559298958738,0.054516217385480036,0.07335481417532844,1.4413455298661314e-12,6.575088634861634,0.1015817936953724,121.2476155877354,196.5017984753769,85.37543353167074,0.07165093611179467,2.8990088573847568,0.6335104575831849,0.1278966083104717,1.6380281259456675,0.4558236399129778,20.0
159,7,0.07335481417532844,0.9987106132224337,0.04885942464540752,67.11893329252683,0.1062133660658533,0.1062133660658533,0.002253559298958738,0.054516217385480036,0.07335481417532844,1.4413455298661314e-12,6.575088634861634,0.1015817936953724,121.2476155877354,196.5017984753769,85.37543353167074,0.07165093611179467,2.8990088573847568,0.6335104575831849,0.1278966083104717,1.6380281259456675,0.4558236399129778,20.0
159,8,0.07335481417532844,0.9987106132224337,0.04885942464540752,67.11893329252683,0.1062133660658533,0.1062133660658533,0.002253559298958738,0.054516217385480036,0.07335481417532844,1.4413455298661314e-12,6.575088634861634,0.1015817936953724,121.2476155877354,196.5017984753769,85.37543353167074,0.07165093611179467,2.8990088573847568,0.6335104575831849,0.1278966083104717,1.6380281259456675,0.4558236399129778,20.0
159,9,0.07335481417532844,0.9987106132224337,0.04885942464540752,67.11893329252683,0.1062133660658533,0.1062133660658533,0.002253559298958738,0.054516217385480036,0.07335481417532844,1.4413455298661314e-12,6.575088634861634,0.1015817936953724,121.2476155877354,196.5017984753769,85.37543353167074,0.07165093611179467,2.8990088573847568,0.6335104575831849,0.1278966083104717,1.6380281259456675,0.4558236399129778,20.0
159,10,0.07335481417532844,0.9987106132224337,0.04885942464540752,67.11893329252683,0.1062133660658533,0.1062133660658533,0.002253559298958738,0.054516217385480036,0.07335481417532844,1.4413455298661314e-12,6.575088634861634,0.1015817936953724,121.2476155877354,196.5017984753769,85.37543353167074,0.07165093611179467,2.8990088573847568,0.6335104575831849,0.1278966083104717,1.6380281259456675,0.4558236399129778,20.0
160,1,0.10316819687204543,0.9887142858325724,0.05610080866622573,37.4296225081347,0.1095834359484783,0.1095834359484783,0.010840766998645389,0.07688861056745533,0.10316819687204543,5.7743265783008275e-06,3.220535331887027,0.08999802138403491,134.15323802545805,145.20602562927968,38.60992660171908,0.06335761647844562,4.250268166265817,0.8094035908422439,0.07255030299362418,1.1873330935713031,0.4146234838348079,20.0
160,2,0.11444814091269655,0.9748445171835851,0.062232560776263615,37.4296225081347,0.10958406069097945,0.10958406069097945,0.022776209160795424,0.11261111927493103,0.11444814091269655,5.999155430853879e-06,3.220535331887027,0.08999802138403491,134.15323802545805,145.20602562927968,38.60992660171908,0.06335761647844562,4.250268166265817,0.8094035908422439,0.07255030299362418,1.1873330935713031,0.4146234838348079,20.0
160,3,0.11444814529202016,0.9748438813944408,0.06223256315560572,37.4296225081347,0.10958406069105453,0.10958406069105453,0.022776244383553124,0.1126111497776621,0.11444814529202016,5.999155474177099e-06,3.220535331887027,0.08999802138403491,134.15323802545805,145.20602562927968,38.60992660171908,0.06335761647844562,4.250268166265817,0.8094035908422439,0.07255030299362418,1.1873330935713031,0.4146234838348079,20.0
160,4,0.1144481452920203,0.9748438813943591,0.06223256315560581,37.4296225081347,0.10958406069105453,0.10958406069105453,0.022776244383554974,0.11261114977766334,0.1144481452920203,5.999155474177099e-06,3.220535331887027,0.08999802138403491,134.15323802545805,145.20602562927968,38.60992660171908,0.06335761647844562,4.250268166265817,0.8094035908422439,0.07255030299362418,1.1873330935713031,0.4146234838348079,20.0
160,5,0.1144481452920203,0.9748438813943591,0.06223256315560581,37.4296225081347,0.10958406069105453,0.10958406069105453,0.022776244383554974,0.11261114977766334,0.1144481452920203,5.999155474177099e-06,3.220535331887027,0.08999802138403491,134.15323802545805,145.20602562927968,38.60992660171908,0.06335761647844562,4.250268166265817,0.8094035908422439,0.07255030299362418,1.1873330935713031,0.4146234838348079,20.0
160,6,0.1144481452920203,0.9748438813943591,0.06223256315560581,37.4296225081347,0.10958406069105453,0.10958406069105453,0.022776244383554974,0.11261114977766334,0.1144481452920203,5.999155474177099e-06,3.220535331887027,0.08999802138403491,134.15323802545805,145.20602562927968,38.60992660171908,0.06335761647844562,4.250268166265817,0.8094035908422439,0.07255030299362418,1.1873330935713031,0.4146234838348079,20.0
160,7,0.1144481452920203,0.9748438813943591,0.06223256315560581,37.4296225081347,0.10958406069105453,0.10958406069105453,0.022776244383554974,0.11261114977766334,0.1144481452920203,5.999155474177099e-06,3.220535331887027,0.08999802138403491,134.15323802545805,145.20602562927968,38.60992660171908,0.06335761647844562,4.250268166265817,0.8094035908422439,0.07255030299362418,1.1873330935713031,0.4146234838348079,20.0
160,8,0.1144481452920203,0.9748438813943591,0.06223256315560581,37.4296225081347,0.10958406069105453,0.10958406069105453,0.022776244383554974,0.11261114977766334,0.1144481452920203,5.999155474177099e-06,3.220535331887027,0.08999802138403491,134.15323802545805,145.20602562927968,38.60992660171908,0.06335761647844562,4.250268166265817,0.8094035908422439,0.07255030299362418,1.1873330935713031,0.4146234838348079,20.0
160,9,0.1144481452920203,0.9748438813943591,0.06223256315560581,37.4296225081347,0.10958406069105453,0.10958406069105453,0.022776244383554974,0.11261114977766334,0.1144481452920203,5.999155474177099e-06,3.220535331887027,0.08999802138403491,134.15323802545805,145.20602562927968,38.60992660171908,0.06335761647844562,4.250268166265817,0.8094035908422439,0.07255030299362418,1.1873330935713031,0.4146234838348079,20.0
160,10,0.1144481452920203,0.9748438813943591,0.06223256315560581,37.4296225081347,0.10958406069105453,0.10958406069105453,0.022776244383554974,0.11261114977766334,0.1144481452920203,5.999155474177099e-06,3.220535331887027,0.08999802138403491,134.15323802545805,145.20602562927968,38.60992660171908,0.06335761647844562,4.250268166265817,0.8094035908422439,0.07255030299362418,1.1873330935713031,0.4146234838348079,20.0
161,1,0.04049163551151275,0.5472008564589068,0.024367738000603944,8.788609832878288,0.2046346498568358,0.2046346498568358,0.13490216436013117,0.1818603091251752,0.04049163551151275,0.0010403473331967326,2.5800880455182176,0.39557856562973254,162.20962320966575,177.53057215140652,98.19780547065587,0.13045515615703449,3.0421055361094043,1.4719912350211384,0.05881069688587963,0.8418395122492066,0.3048821204791164,20.0
161,2,0.04089520281258154,0.4843142661359052,0.02461048667018486,8.788609832878288,0.20463466315049628,0.20463466315049628,0.1416898727433055,0.18580813398618554,0.04089520281258154,0.0010403516419621554,2.5800880455182176,0.39557856562973254,162.20962320966575,177.53057215140652,98.19780547065587,0.13045515615703449,3.0421055361094043,1.4719912350211384,0.05881069688587963,0.8418395122492066,0.3048821204791164,20.0
161,3,0.040895202813653914,0.4843142624063316,0.024610486670829747,8.788609832878288,0.20463466315049628,0.20463466315049628,0.14168987277337686,0.18580813399951565,0.040895202813653914,0.001040351641962159,2.5800880455182176,0.39557856562973254,162.20962320966575,177.53057215140652,98.19780547065587,0.13045515615703449,3.0421055361094043,1.4719912350211384,0.05881069688587963,0.8418395122492066,0.3048821204791164,20.0
161,4,0.040895202813653914,0.4843142624063316,0.024610486670829747,8.788609832878288,0.20463466315049628,0.20463466315049628,0.14168987277337686,0.18580813399951565,0.040895202813653914,0.001040351641962159,2.5800880455182176,0.39557856562973254,162.20962320966575,177.53057215140652,98.19780547065587,0.13045515615703449,3.0421055361094043,1.4719912350211384,0.05881069688587963,0.8418395122492066,0.3048821204791164,20.0
161,5,0.040895202813653914,0.4843142624063316,0.024610486670829747,8.788609832878288,0.20463466315049628,0.20463466315049628,0.14168987277337686,0.18580813399951565,0.040895202813653914,0.001040351641962159,2.5800880455182176,0.39557856562973254,162.20962320966575,177.53057215140652,98.19780547065587,0.13045515615703449,3.0421055361094043,1.4719912350211384,0.05881069688587963,0.8418395122492066,0.3048821204791164,20.0
161,6,0.040895202813653914,0.4843142624063316,0.024610486670829747,8.788609832878288,0.20463466315049628,0.20463466315049628,0.14168987277337686,0.18580813399951565,0.040895202813653914,0.001040351641962159,2.5800880455182176,0.39557856562973254,162.20962320966575,177.53057215140652,98.19780547065587,0.13045515615703449,3.0421055361094043,1.4719912350211384,0.05881069688587963,0.8418395122492066,0.3048821204791164,20.0
161,7,0.040895202813653914,0.4843142624063316,0.024610486670829747,8.788609832878288,0.20463466315049628,0.20463466315049628,0.14168987277337686,0.18580813399951565,0.040895202813653914,0.001040351641962159,2.5800880455182176,0.39557856562973254,162.20962320966575,177.53057215140652,98.19780547065587,0.13045515615703449,3.0421055361094043,1.4719912350211384,0.05881069688587963,0.8418395122492066,0.3048821204791164,20.0
161,8,0.040895202813653914,0.4843142624063316,0.024610486670829747,8.788609832878288,0.20463466315049628,0.20463466315049628,0.14168987277337686,0.18580813399951565,0.040895202813653914,0.001040351641962159,2.5800880455182176,0.39557856562973254,162.20962320966575,177.53057215140652,98.19780547065587,0.13045515615703449,3.0421055361094043,1.4719912350211384,0.05881069688587963,0.8418395122492066,0.3048821204791164,20.0
161,9,0.040895202813653914,0.4843142624063316,0.024610486670829747,8.788609832878288,0.20463466315049628,0.20463466315049628,0.14168987277337686,0.18580813399951565,0.040895202813653914,0.001040351641962159,2.5800880455182176,0.39557856562973254,162.20962320966575,177.53057215140652,98.19780547065587,0.13045515615703449,3.0421055361094043,1.4719912350211384,0.05881069688587963,0.8418395122492066,0.3048821204791164,20.0
161,10,0.040895202813653914,0.4843142624063316,0.024610486670829747,8.788609832878288,0.20463466315049628,0.20463466315049628,0.14168987277337686,0.18580813399951565,0.040895202813653914,0.001040351641962159,2.5800880455182176,0.39557856562973254,162.20962320966575,177.53057215140652,98.19780547065587,0.13045515615703449,3.0421055361094043,1.4719912350211384,0.05881069688587963,0.8418395122492066,0.3048821204791164,20.0
162,1,0.0359012960683826,0.9999999998764233,0.027024407419012977,42.95257048197037,0.0442662881143697,0.0442662881143697,5.164994429685263e-16,9.745611366593102e-11,0.0359012960683826,1.917398945718735e-06,5.812389274688897,0.14167254476885127,53.99006418038205,159.67995536084786,65.7686126635507,0.05468978577574217,5.301266944448697,0.4137351887014932,0.08714124966036928,1.7003398222253598,0.3069476590929965,20.0
162,2,0.049211308462062425,0.999992013648795,0.03704341056391938,42.95257048197037,0.04426748190526672,0.04426748190526672,1.3949950081316542e-06,2.010660130432291e-06,0.049211308462062425,2.4315478572302716e-06,5.812389274688897,0.14167254476885127,53.99006418038205,159.67995536084786,65.7686126635507,0.05468978577574217,5.301266944448697,0.4137351887014932,0.08714124966036928,1.7003398222253598,0.3069476590929965,20.0
162,3,0.0492114981427373,0.9999898825891957,0.037043553297946875,42.95257048197037,0.044267481905403014,0.044267481905403014,1.7652022478149872e-06,2.5395266815070006e-06,0.0492114981427373,2.4315479432975177e-06,5.812389274688897,0.14167254476885127,53.99006418038205,159.67995536084786,65.7686126635507,0.05468978577574217,5.301266944448697,0.4137351887014932,0.08714124966036928,1.7003398222253598,0.3069476590929965,20.0
162,4,0.04921149814275386,0.9999898825888667,0.037043553297959324,42.95257048197037,0.044267481905403014,0.044267481905403014,1.7652022999063952e-06,2.5395267465900997e-06,0.04921149814275386,2.4315479432975198e-06,5.812389274688897,0.14167254476885127,53.99006418038205,159.67995536084786,65.7686126635507,0.05468978577574217,5.301266944448697,0.4137351887014932,0.08714124966036928,1.7003398222253598,0.3069476590929965,20.0
162,5,0.04921149814275386,0.9999898825888667,0.037043553297959324,42.95257048197037,0.044267481905403014,0.044267481905403014,1.765202299906396e-06,2.539526746590101e-06,0.04921149814275386,2.4315479432975198e-06,5.812389274688897,0.14167254476885127,53.99006418038205,159.67995536084786,65.7686126635507,0.05468978577574217,5.301266944448697,0.4137351887014932,0.08714124966036928,1.7003398222253598,0.3069476590929965,20.0
162,6,0.04921149814275386,0.9999898825888667,0.037043553297959324,42.95257048197037,0.044267481905403014,0.044267481905403014,1.765202299906396e-06,2.539526746590101e-06,0.04921149814275386,2.4315479432975198e-06,5.812389274688897,0.14167254476885127,53.99006418038205,159.67995536084786,65.7686126635507,0.05468978577574217,5.301266944448697,0.4137351887014932,0.08714124966036928,1.7003398222253598,0.3069476590929965,20.0
162,7,0.04921149814275386,0.9999898825888667,0.037043553297959324,42.95257048197037,0.044267481905403014,0.044267481905403014,1.765202299906396e-06,2.539526746590101e-06,0.04921149814275386,2.4315479432975198e-06,5.812389274688897,0.14167254476885127,53.99006418038205,159.67995536084786,65.7686126635507,0.05468978577574217,5.301266944448697,0.4137351887014932,0.08714124966036928,1.7003398222253598,0.3069476590929965,20.0
162,8,0.04921149814275386,0.9999898825888667,0.037043553297959324,42.95257048197037,0.044267481905403014,0.044267481905403014,1.765202299906396e-06,2.539526746590101e-06,0.04921149814275386,2.4315479432975198e-06,5.812389274688897,0.14167254476885127,53.99006418038205,159.67995536084786,65.7686126635507,0.05468978577574217,5.301266944448697,0.4137351887014932,0.08714124966036928,1.7003398222253598,0.3069476590929965,20.0
162,9,0.04921149814275386,0.9999898825888667,0.037043553297959324,42.95257048197037,0.044267481905403014,0.044267481905403014,1.765202299906396e-06,2.539526746590101e-06,0.04921149814275386,2.4315479432975198e-06,5.812389274688897,0.14167254476885127,53.99006418038205,159.67995536084786,65.7686126635507,0.05468978577574217,5.301266944448697,0.4137351887014932,0.08714124966036928,1.7003398222253598,0.3069476590929965,20.0
162,10,0.04921149814275386,0.9999898825888667,0.037043553297959324,42.95257048197037,0.044267481905403014,0.044267481905403014,1.765202299906396e-06,2.539526746590101e-06,0.04921149814275386,2.4315479432975198e-06,5.812389274688897,0.14167254476885127,53.99006418038205,159.67995536084786,65.7686126635507,0.05468978577574217,5.301266944448697,0.4137351887014932,0.08714124966036928,1.7003398222253598,0.3069476590929965,20.0
163,1,0.07636665032504628,0.26277226016212624,0.021643607966270944,20.001461545019882,0.23125282443653639,0.23125282443653639,0.149989625006587,0.21537565583686502,0.07636665032504628,0.0001308268198101713,5.678914992511586,0.29264533361691447,198.05076229490547,32.832847871680876,53.53620096958325,0.06413395987032054,3.239365815852813,0.4436573564192129,0.16703414293699234,0.669215110880358,0.4634196054917812,20.0
163,2,0.07636677773442238,0.2346960874013671,0.021643644005924653,20.001461545019882,0.23125282443691617,0.23125282443691617,0.14999822111526087,0.2153768640420517,0.07636677773442238,0.0001308268201157117,5.678914992511586,0.29264533361691447,198.05076229490547,32.832847871680876,53.53620096958325,0.06413395987032054,3.239365815852813,0.4436573564192129,0.16703414293699234,0.669215110880358,0.4634196054917812,20.0
163,3,0.07636677773442238,0.2346960874013304,0.021643644005924653,20.001461545019882,0.23125282443691617,0.23125282443691617,0.14999822111526087,0.2153768640420517,0.07636677773442238,0.0001308268201157117,5.678914992511586,0.29264533361691447,198.05076229490547,32.832847871680876,53.53620096958325,0.06413395987032054,3.239365815852813,0.4436573564192129,0.16703414293699234,0.669215110880358,0.4634196054917812,20.0
163,4,0.07636677773442238,0.2346960874013304,0.021643644005924653,20.001461545019882,0.23125282443691617,0.23125282443691617,0.14999822111526087,0.2153768640420517,0.07636677773442238,0.0001308268201157117,5.678914992511586,0.29264533361691447,198.05076229490547,32.832847871680876,53.53620096958325,0.06413395987032054,3.239365815852813,0.4436573564192129,0.16703414293699234,0.669215110880358,0.4634196054917812,20.0
163,5,0.07636677773442238,0.2346960874013304,0.021643644005924653,20.001461545019882,0.23125282443691617,0.23125282443691617,0.14999822111526087,0.2153768640420517,0.07636677773442238,0.0001308268201157117,5.678914992511586,0.29264533361691447,198.05076229490547,32.832847871680876,53.53620096958325,0.06413395987032054,3.239365815852813,0.4436573564192129,0.16703414293699234,0.669215110880358,0.4634196054917812,20.0
163,6,0.07636677773442238,0.2346960874013304,0.021643644005924653,20.001461545019882,0.23125282443691617,0.23125282443691617,0.14999822111526087,0.2153768640420517,0.07636677773442238,0.0001308268201157117,5.678914992511586,0.29264533361691447,198.05076229490547,32.832847871680876,53.53620096958325,0.06413395987032054,3.239365815852813,0.4436573564192129,0.16703414293699234,0.669215110880358,0.4634196054917812,20.0
163,7,0.07636677773442238,0.2346960874013304,0.021643644005924653,20.001461545019882,0.23125282443691617,0.23125282443691617,0.14999822111526087,0.2153768640420517,0.07636677773442238,0.0001308268201157117,5.678914992511586,0.29264533361691447,198.05076229490547,32.832847871680876,53.53620096958325,0.06413395987032054,3.239365815852813,0.4436573564192129,0.16703414293699234,0.669215110880358,0.4634196054917812,20.0
163,8,0.07636677773442238,0.2346960874013304,0.021643644005924653,20.001461545019882,0.23125282443691617,0.23125282443691617,0.14999822111526087,0.2153768640420517,0.07636677773442238,0.0001308268201157117,5.678914992511586,0.29264533361691447,198.05076229490547,32.832847871680876,53.53620096958325,0.06413395987032054,3.239365815852813,0.4436573564192129,0.16703414293699234,0.669215110880358,0.4634196054917812,20.0
163,9,0.07636677773442238,0.2346960874013304,0.021643644005924653,20.001461545019882,0.23125282443691617,0.23125282443691617,0.14999822111526087,0.2153768640420517,0.07636677773442238,0.0001308268201157117,5.678914992511586,0.29264533361691447,198.05076229490547,32.832847871680876,53.53620096958325,0.06413395987032054,3.239365815852813,0.4436573564192129,0.16703414293699234,0.669215110880358,0.4634196054917812,20.0
163,10,0.07636677773442238,0.2346960874013304,0.021643644005924653,20.001461545019882,0.23125282443691617,0.23125282443691617,0.14999822111526087,0.2153768640420517,0.07636677773442238,0.0001308268201157117,5.678914992511586,0.29264533361691447,198.05076229490547,32.832847871680876,53.53620096958325,0.06413395987032054,3.239365815852813,0.4436573564192129,0.16703414293699234,0.669215110880358,0.4634196054917812,20.0
164,1,0.042070237370626984,0.9999999400082075,0.03057992960384494,9.961060925170647,0.2036299633964886,0.2036299633964886,1.232161860970168e-07,0.0010456219839750378,0.042070237370626984,6.733395612324808e-09,6.547996331297813,0.7852940540532242,59.19692405190682,113.74806030192325,97.06143302159659,0.09025108981703148,2.6546799158560246,1.2290847877086057,0.18342271568223878,0.7407858380917781,0.3479651606904672,20.0
164,2,0.05606478203991966,0.9999969754825407,0.040751239392282645,9.961060925170647,0.20362996345946707,0.20362996345946707,6.861022444460606e-06,0.011701587348478542,0.05606478203991966,6.763945347094163e-09,6.547996331297813,0.7852940540532242,59.19692405190682,113.74806030192325,97.06143302159659,0.09025108981703148,2.6546799158560246,1.2290847877086057,0.18342271568223878,0.7407858380917781,0.3479651606904672,20.0
164,3,0.056064782040079704,0.9999969754165463,0.04075123939239877,9.961060925170647,0.20362996345946707,0.20362996345946707,6.861026449596067e-06,0.011701587350681142,0.056064782040079704,6.763945347094163e-09,6.547996331297813,0.7852940540532242,59.19692405190682,113.74806030192325,97.06143302159659,0.09025108981703148,2.6546799158560246,1.2290847877086057,0.18342271568223878,0.7407858380917781,0.3479651606904672,20.0
164,4,0.056064782040079704,0.9999969754165463,0.04075123939239877,9.961060925170647,0.20362996345946707,0.20362996345946707,6.861026449596067e-06,0.011701587350681142,0.056064782040079704,6.763945347094163e-09,6.547996331297813,0.7852940540532242,59.19692405190682,113.74806030192325,97.06143302159659,0.09025108981703148,2.6546799158560246,1.2290847877086057,0.18342271568223878,0.7407858380917781,0.3479651606904672,20.0
164,5,0.056064782040079704,0.9999969754165463,0.04075123939239877,9.961060925170647,0.20362996345946707,0.20362996345946707,6.861026449596067e-06,0.011701587350681142,0.056064782040079704,6.763945347094163e-09,6.547996331297813,0.7852940540532242,59.19692405190682,113.74806030192325,97.06143302159659,0.09025108981703148,2.6546799158560246,1.2290847877086057,0.18342271568223878,0.7407858380917781,0.3479651606904672,20.0
164,6,0.056064782040079704,0.9999969754165463,0.04075123939239877,9.961060925170647,0.20362996345946707,0.20362996345946707,6.861026449596067e-06,0.011701587350681142,0.056064782040079704,6.763945347094163e-09,6.547996331297813,0.7852940540532242,59.19692405190682,113.74806030192325,97.06143302159659,0.09025108981703148,2.6546799158560246,1.2290847877086057,0.18342271568223878,0.7407858380917781,0.3479651606904672,20.0
164,7,0.056064782040079704,0.9999969754165463,0.04075123939239877,9.961060925170647,0.20362996345946707,0.20362996345946707,6.861026449596067e-06,0.011701587350681142,0.056064782040079704,6.763945347094163e-09,6.547996331297813,0.7852940540532242,59.19692405190682,113.74806030192325,97.06143302159659,0.09025108981703148,2.6546799158560246,1.2290847877086057,0.18342271568223878,0.7407858380917781,0.3479651606904672,20.0
164,8,0.056064782040079704,0.9999969754165463,0.04075123939239877,9.961060925170647,0.20362996345946707,0.20362996345946707,6.861026449596067e-06,0.011701587350681142,0.056064782040079704,6.763945347094163e-09,6.547996331297813,0.7852940540532242,59.19692405190682,113.74806030192325,97.06143302159659,0.09025108981703148,2.6546799158560246,1.2290847877086057,0.18342271568223878,0.7407858380917781,0.3479651606904672,20.0
164,9,0.056064782040079704,0.9999969754165463,0.04075123939239877,9.961060925170647,0.20362996345946707,0.20362996345946707,6.861026449596067e-06,0.011701587350681142,0.056064782040079704,6.763945347094163e-09,6.547996331297813,0.7852940540532242,59.19692405190682,113.74806030192325,97.06143302159659,0.09025108981703148,2.6546799158560246,1.2290847877086057,0.18342271568223878,0.7407858380917781,0.3479651606904672,20.0
164,10,0.056064782040079704,0.9999969754165463,0.04075123939239877,9.961060925170647,0.20362996345946707,0.20362996345946707,6.861026449596067e-06,0.011701587350681142,0.056064782040079704,6.763945347094163e-09,6.547996331297813,0.7852940540532242,59.19692405190682,113.74806030192325,97.06143302159659,0.09025108981703148,2.6546799158560246,1.2290847877086057,0.18342271568223878,0.7407858380917781,0.3479651606904672,20.0
165,1,0.07322984774733944,0.9999999960110013,0.04605070421657915,11.574073225395116,0.16433732917796584,0.16433732917796584,7.90036807879346e-09,1.2823956670715983e-05,0.07322984774733944,6.478725568429402e-05,6.244190966723632,0.6384544579682835,96.18018951167898,161.9308012895577,34.9197220985881,0.1467423090854352,5.156675159685475,0.9429067261578421,0.11392303877763137,1.560879362957204,0.3533150049565161,20.0
165,2,0.08847359782333374,0.9997759072974448,0.05563676001536568,11.574073225395116,0.1643454271980776,0.1643454271980776,2.2836668297273552e-05,8.395886752602329e-05,0.08847359782333374,6.677965748100316e-05,6.244190966723632,0.6384544579682835,96.18018951167898,161.9308012895577,34.9197220985881,0.1467423090854352,5.156675159685475,0.9429067261578421,0.11392303877763137,1.560879362957204,0.3533150049565161,20.0
165,3,0.08847370518652922,0.9997696544720969,0.0556368274812396,11.574073225395116,0.1643454271982548,0.1643454271982548,2.3384229040144196e-05,8.45111416509571e-05,0.08847370518652922,6.677965755000268e-05,6.244190966723632,0.6384544579682835,96.18018951167898,161.9308012895577,34.9197220985881,0.1467423090854352,5.156675159685475,0.9429067261578421,0.11392303877763137,1.560879362957204,0.3533150049565161,20.0
165,4,0.0884737051865301,0.9997696544719367,0.05563682748124014,11.574073225395116,0.1643454271982548,0.1643454271982548,2.338422904850945e-05,8.451114165729271e-05,0.0884737051865301,6.677965755000268e-05,6.244190966723632,0.6384544579682835,96.18018951167898,161.9308012895577,34.9197220985881,0.1467423090854352,5.156675159685475,0.9429067261578421,0.11392303877763137,1.560879362957204,0.3533150049565161,20.0
165,5,0.0884737051865301,0.9997696544719367,0.05563682748124014,11.574073225395116,0.1643454271982548,0.1643454271982548,2.338422904850945e-05,8.451114165729271e-05,0.0884737051865301,6.677965755000268e-05,6.244190966723632,0.6384544579682835,96.18018951167898,161.9308012895577,34.9197220985881,0.1467423090854352,5.156675159685475,0.9429067261578421,0.11392303877763137,1.560879362957204,0.3533150049565161,20.0
165,6,0.0884737051865301,0.9997696544719367,0.05563682748124014,11.574073225395116,0.1643454271982548,0.1643454271982548,2.338422904850945e-05,8.451114165729271e-05,0.0884737051865301,6.677965755000268e-05,6.244190966723632,0.6384544579682835,96.18018951167898,161.9308012895577,34.9197220985881,0.1467423090854352,5.156675159685475,0.9429067261578421,0.11392303877763137,1.560879362957204,0.3533150049565161,20.0
165,7,0.0884737051865301,0.9997696544719367,0.05563682748124014,11.574073225395116,0.1643454271982548,0.1643454271982548,2.338422904850945e-05,8.451114165729271e-05,0.0884737051865301,6.677965755000268e-05,6.244190966723632,0.6384544579682835,96.18018951167898,161.9308012895577,34.9197220985881,0.1467423090854352,5.156675159685475,0.9429067261578421,0.11392303877763137,1.560879362957204,0.3533150049565161,20.0
165,8,0.0884737051865301,0.9997696544719367,0.05563682748124014,11.574073225395116,0.1643454271982548,0.1643454271982548,2.338422904850945e-05,8.451114165729271e-05,0.0884737051865301,6.677965755000268e-05,6.244190966723632,0.6384544579682835,96.18018951167898,161.9308012895577,34.9197220985881,0.1467423090854352,5.156675159685475,0.9429067261578421,0.11392303877763137,1.560879362957204,0.3533150049565161,20.0
165,9,0.0884737051865301,0.9997696544719367,0.05563682748124014,11.574073225395116,0.1643454271982548,0.1643454271982548,2.338422904850945e-05,8.451114165729271e-05,0.0884737051865301,6.677965755000268e-05,6.244190966723632,0.6384544579682835,96.18018951167898,161.9308012895577,34.9197220985881,0.1467423090854352,5.156675159685475,0.9429067261578421,0.11392303877763137,1.560879362957204,0.3533150049565161,20.0
165,10,0.0884737051865301,0.9997696544719367,0.05563682748124014,11.574073225395116,0.1643454271982548,0.1643454271982548,2.338422904850945e-05,8.451114165729271e-05,0.0884737051865301,6.677965755000268e-05,6.244190966723632,0.6384544579682835,96.18018951167898,161.9308012895577,34.9197220985881,0.1467423090854352,5.156675159685475,0.9429067261578421,0.11392303877763137,1.560879362957204,0.3533150049565161,20.0
166,1,0.02489744296117543,0.9929304804867911,0.01961446400667892,5.903347451121228,0.15253978420179684,0.15253978420179684,0.0033040893511699404,0.01660186507061502,0.02489744296117543,0.0023966723843168577,3.3267178108374296,0.8589111467676255,42.37471566028557,174.20220247396904,57.62900717742632,0.07481128122902185,3.262260422208514,1.4272372676547647,0.027200957179732976,1.116626748666322,0.43449777935160777,20.0
166,2,0.03654554850549001,0.9744484359390245,0.0287903366050699,5.903347451121228,0.1569649355468162,0.1569649355468162,0.01004512718379181,0.03230080734508371,0.03654554850549001,0.003019881660651912,3.3267178108374296,0.8589111467676255,42.37471566028557,174.20220247396904,57.62900717742632,0.07481128122902185,3.262260422208514,1.4272372676547647,0.027200957179732976,1.116626748666322,0.43449777935160777,20.0
166,3,0.036733057402953184,0.9719103941828354,0.028938020672254965,5.903347451121228,0.15698818152271582,0.15698818152271582,0.010563220331764355,0.03288823237957007,0.036733057402953184,0.003024381432366172,3.3267178108374296,0.8589111467676255,42.37471566028557,174.20220247396904,57.62900717742632,0.07481128122902185,3.262260422208514,1.4272372676547647,0.027200957179732976,1.116626748666322,0.43449777935160777,20.0
166,4,0.036733881680212126,0.9718934303266633,0.028938669841730758,5.903347451121228,0.15698824864381306,0.15698824864381306,0.010566323399335328,0.03289129922666494,0.036733881680212126,0.003024396515021513,3.3267178108374296,0.8589111467676255,42.37471566028557,174.20220247396904,57.62900717742632,0.07481128122902185,3.262260422208514,1.4272372676547647,0.027200957179732976,1.116626748666322,0.43449777935160777,20.0
166,5,0.03673388382330077,0.9718933755777633,0.02893867152948644,5.903347451121228,0.1569882487811064,0.1569882487811064,0.010566332837606713,0.032891307911629884,0.03673388382330077,0.003024396548820159,3.3267178108374296,0.8589111467676255,42.37471566028557,174.20220247396904,57.62900717742632,0.07481128122902185,3.262260422208514,1.4272372676547647,0.027200957179732976,1.116626748666322,0.43449777935160777,20.0
166,6,0.03673388382737882,0.971893375458127,0.028938671532697958,5.903347451121228,0.156988248781329,0.156988248781329,0.010566332857453347,0.03289130792906359,0.03673388382737882,0.0030243965488785346,3.3267178108374296,0.8589111467676255,42.37471566028557,174.20220247396904,57.62900717742632,0.07481128122902185,3.262260422208514,1.4272372676547647,0.027200957179732976,1.116626748666322,0.43449777935160777,20.0
166,7,0.03673388382738507,0.9718933754579242,0.028938671532702884,5.903347451121228,0.15698824878132933,0.15698824878132933,0.010566332857486075,0.03289130792909139,0.03673388382738507,0.003024396548878618,3.3267178108374296,0.8589111467676255,42.37471566028557,174.20220247396904,57.62900717742632,0.07481128122902185,3.262260422208514,1.4272372676547647,0.027200957179732976,1.116626748666322,0.43449777935160777,20.0
166,8,0.036733883827385086,0.971893375457924,0.0289386715327029,5.903347451121228,0.15698824878132933,0.15698824878132933,0.010566332857486121,0.03289130792909142,0.036733883827385086,0.0030243965488786183,3.3267178108374296,0.8589111467676255,42.37471566028557,174.20220247396904,57.62900717742632,0.07481128122902185,3.262260422208514,1.4272372676547647,0.027200957179732976,1.116626748666322,0.43449777935160777,20.0
166,9,0.036733883827385086,0.971893375457924,0.0289386715327029,5.903347451121228,0.15698824878132933,0.15698824878132933,0.010566332857486121,0.03289130792909142,0.036733883827385086,0.0030243965488786183,3.3267178108374296,0.8589111467676255,42.37471566028557,174.20220247396904,57.62900717742632,0.07481128122902185,3.262260422208514,1.4272372676547647,0.027200957179732976,1.116626748666322,0.43449777935160777,20.0
166,10,0.036733883827385086,0.971893375457924,0.0289386715327029,5.903347451121228,0.15698824878132933,0.15698824878132933,0.010566332857486121,0.03289130792909142,0.036733883827385086,0.0030243965488786183,3.3267178108374296,0.8589111467676255,42.37471566028557,174.20220247396904,57.62900717742632,0.07481128122902185,3.262260422208514,1.4272372676547647,0.027200957179732976,1.116626748666322,0.43449777935160777,20.0
167,1,0.11463313824213567,0.8824597035363997,0.05288042766435986,12.254557556022052,0.24194639674915147,0.24194639674915147,0.07275106481095779,0.1752572433234331,0.11463313824213567,0.00042040954716888334,6.041941037080784,0.5350855425488935,138.5511485622728,56.746616189711496,79.10981909727906,0.11208528531439306,4.549646443261753,0.7199482592119111,0.06801397998663715,1.3722311871485262,0.49960040985344056,20.0
167,2,0.11941447963738058,0.808253956119392,0.055084748334904746,12.254557556022052,0.24197240220391114,0.24197240220391114,0.10070417466705316,0.19807734297569538,0.11941447963738058,0.000425899754706966,6.041941037080784,0.5350855425488935,138.5511485622728,56.746616189711496,79.10981909727906,0.11208528531439306,4.549646443261753,0.7199482592119111,0.06801397998663715,1.3722311871485262,0.49960040985344056,20.0
167,3,0.11941450436110819,0.8082423181475387,0.05508475972933154,12.254557556022052,0.2419724022514765,0.2419724022514765,0.1007045099995764,0.19807750608977778,0.11941450436110819,0.00042589976948915467,6.041941037080784,0.5350855425488935,138.5511485622728,56.746616189711496,79.10981909727906,0.11208528531439306,4.549646443261753,0.7199482592119111,0.06801397998663715,1.3722311871485262,0.49960040985344056,20.0
167,4,0.11941450436112276,0.8082423181259696,0.05508475972933825,12.254557556022052,0.24197240225147656,0.24197240225147656,0.1007045099998234,0.1980775060898824,0.11941450436112276,0.0004258997694891622,6.041941037080784,0.5350855425488935,138.5511485622728,56.746616189711496,79.10981909727906,0.11208528531439306,4.549646443261753,0.7199482592119111,0.06801397998663715,1.3722311871485262,0.49960040985344056,20.0
167,5,0.11941450436112276,0.8082423181259696,0.05508475972933825,12.254557556022052,0.24197240225147656,0.24197240225147656,0.1007045099998234,0.1980775060898824,0.11941450436112276,0.0004258997694891622,6.041941037080784,0.5350855425488935,138.5511485622728,56.746616189711496,79.10981909727906,0.11208528531439306,4.549646443261753,0.7199482592119111,0.06801397998663715,1.3722311871485262,0.49960040985344056,20.0
167,6,0.11941450436112276,0.8082423181259696,0.05508475972933825,12.254557556022052,0.24197240225147656,0.24197240225147656,0.1007045099998234,0.1980775060898824,0.11941450436112276,0.0004258997694891622,6.041941037080784,0.5350855425488935,138.5511485622728,56.746616189711496,79.10981909727906,0.11208528531439306,4.549646443261753,0.7199482592119111,0.06801397998663715,1.3722311871485262,0.49960040985344056,20.0
167,7,0.11941450436112276,0.8082423181259696,0.05508475972933825,12.254557556022052,0.24197240225147656,0.24197240225147656,0.1007045099998234,0.1980775060898824,0.11941450436112276,0.0004258997694891622,6.041941037080784,0.5350855425488935,138.5511485622728,56.746616189711496,79.10981909727906,0.11208528531439306,4.549646443261753,0.7199482592119111,0.06801397998663715,1.3722311871485262,0.49960040985344056,20.0
167,8,0.11941450436112276,0.8082423181259696,0.05508475972933825,12.254557556022052,0.24197240225147656,0.24197240225147656,0.1007045099998234,0.1980775060898824,0.11941450436112276,0.0004258997694891622,6.041941037080784,0.5350855425488935,138.5511485622728,56.746616189711496,79.10981909727906,0.11208528531439306,4.549646443261753,0.7199482592119111,0.06801397998663715,1.3722311871485262,0.49960040985344056,20.0
167,9,0.11941450436112276,0.8082423181259696,0.05508475972933825,12.254557556022052,0.24197240225147656,0.24197240225147656,0.1007045099998234,0.1980775060898824,0.11941450436112276,0.0004258997694891622,6.041941037080784,0.5350855425488935,138.5511485622728,56.746616189711496,79.10981909727906,0.11208528531439306,4.549646443261753,0.7199482592119111,0.06801397998663715,1.3722311871485262,0.49960040985344056,20.0
167,10,0.11941450436112276,0.8082423181259696,0.05508475972933825,12.254557556022052,0.24197240225147656,0.24197240225147656,0.1007045099998234,0.1980775060898824,0.11941450436112276,0.0004258997694891622,6.041941037080784,0.5350855425488935,138.5511485622728,56.746616189711496,79.10981909727906,0.11208528531439306,4.549646443261753,0.7199482592119111,0.06801397998663715,1.3722311871485262,0.49960040985344056,20.0
168,1,0.05092770707140001,0.6690585158937139,0.030052441872072254,15.9112008027001,0.16544894740387703,0.16544894740387703,0.0859879667124402,0.10171265069604578,0.05092770707140001,0.01573558547799435,3.158377227037363,0.21918574037432725,117.22505006287462,102.60798276029963,95.10567090059814,0.12782426726913104,3.315288064060356,1.0347558753017807,0.021362650016383627,1.0983158054525517,0.33609102071109653,20.0
168,2,0.05557773648698879,0.615884950347699,0.032796216229074554,15.9112008027001,0.16651572992849134,0.16651572992849134,0.09898947989743366,0.11382750445531983,0.05557773648698879,0.015894369810537164,3.158377227037363,0.21918574037432725,117.22505006287462,102.60798276029963,95.10567090059814,0.12782426726913104,3.315288064060356,1.0347558753017807,0.021362650016383627,1.0983158054525517,0.33609102071109653,20.0
168,3,0.05559345616008458,0.6155178399116754,0.03280549117488372,15.9112008027001,0.16651883426410996,0.16651883426410996,0.09904703071525803,0.11387565380778293,0.05559345616008458,0.015894925176910504,3.158377227037363,0.21918574037432725,117.22505006287462,102.60798276029963,95.10567090059814,0.12782426726913104,3.315288064060356,1.0347558753017807,0.021362650016383627,1.0983158054525517,0.33609102071109653,20.0
168,4,0.055593493276747445,0.6155166736050033,0.03280551307393758,15.9112008027001,0.16651884107047255,0.16651884107047255,0.09904718213893642,0.11387577531100199,0.055593493276747445,0.015894926514433857,3.158377227037363,0.21918574037432725,117.22505006287462,102.60798276029963,95.10567090059814,0.12782426726913104,3.315288064060356,1.0347558753017807,0.021362650016383627,1.0983158054525517,0.33609102071109653,20.0
168,5,0.055593493348452296,0.6155166709365449,0.03280551311624318,15.9112008027001,0.16651884108302908,0.16651884108302908,0.09904718245073017,0.11387577555497573,0.055593493348452296,0.015894926517052592,3.158377227037363,0.21918574037432725,117.22505006287462,102.60798276029963,95.10567090059814,0.12782426726913104,3.315288064060356,1.0347558753017807,0.021362650016383627,1.0983158054525517,0.33609102071109653,20.0
168,6,0.05559349334857347,0.6155166709314941,0.032805513116314675,15.9112008027001,0.16651884108304965,0.16651884108304965,0.09904718245128032,0.11387577555539881,0.05559349334857347,0.015894926517057057,3.158377227037363,0.21918574037432725,117.22505006287462,102.60798276029963,95.10567090059814,0.12782426726913104,3.315288064060356,1.0347558753017807,0.021362650016383627,1.0983158054525517,0.33609102071109653,20.0
168,7,0.05559349334857366,0.6155166709314857,0.032805513116314786,15.9112008027001,0.16651884108304968,0.16651884108304968,0.0990471824512812,0.11387577555539947,0.05559349334857366,0.015894926517057064,3.158377227037363,0.21918574037432725,117.22505006287462,102.60798276029963,95.10567090059814,0.12782426726913104,3.315288064060356,1.0347558753017807,0.021362650016383627,1.0983158054525517,0.33609102071109653,20.0
168,8,0.05559349334857366,0.6155166709314857,0.032805513116314786,15.9112008027001,0.16651884108304968,0.16651884108304968,0.0990471824512812,0.11387577555539947,0.05559349334857366,0.015894926517057064,3.158377227037363,0.21918574037432725,117.22505006287462,102.60798276029963,95.10567090059814,0.12782426726913104,3.315288064060356,1.0347558753017807,0.021362650016383627,1.0983158054525517,0.33609102071109653,20.0
168,9,0.05559349334857366,0.6155166709314857,0.032805513116314786,15.9112008027001,0.16651884108304968,0.16651884108304968,0.0990471824512812,0.11387577555539947,0.05559349334857366,0.015894926517057064,3.158377227037363,0.21918574037432725,117.22505006287462,102.60798276029963,95.10567090059814,0.12782426726913104,3.315288064060356,1.0347558753017807,0.021362650016383627,1.0983158054525517,0.33609102071109653,20.0
168,10,0.05559349334857366,0.6155166709314857,0.032805513116314786,15.9112008027001,0.16651884108304968,0.16651884108304968,0.0990471824512812,0.11387577555539947,0.05559349334857366,0.015894926517057064,3.158377227037363,0.21918574037432725,117.22505006287462,102.60798276029963,95.10567090059814,0.12782426726913104,3.315288064060356,1.0347558753017807,0.021362650016383627,1.0983158054525517,0.33609102071109653,20.0
169,1,0.2062057599988048,0.9996219029847745,0.08021426199596851,5.604823431277399,0.1230987274471755,0.1230987274471755,0.0008989539802054906,0.02860124052755339,0.2062057599988048,0.00456345955678481,2.7357626643122277,0.5679512922458151,174.6234902903837,33.58858310716505,90.40819450273283,0.10050860645338505,3.5617545525080683,1.4849638340528764,0.18226049872582814,1.256753294355282,0.30777155847088744,20.0
169,2,0.2257221136184093,0.9878788696103646,0.08780222094189707,5.604823431277399,0.12309980904959499,0.12309980904959499,0.005138483513288795,0.07961848429724065,0.2257221136184093,0.004564299426145712,2.7357626643122277,0.5679512922458151,174.6234902903837,33.58858310716505,90.40819450273283,0.10050860645338505,3.5617545525080683,1.4849638340528764,0.18226049872582814,1.256753294355282,0.30777155847088744,20.0
169,3,0.22572211381818427,0.9878778919366924,0.08780222101945485,5.604823431277399,0.12309980904959505,0.12309980904959505,0.005138486996305954,0.07961848620583553,0.22572211381818427,0.004564299426145792,2.7357626643122277,0.5679512922458151,174.6234902903837,33.58858310716505,90.40819450273283,0.10050860645338505,3.5617545525080683,1.4849638340528764,0.18226049872582814,1.256753294355282,0.30777155847088744,20.0
169,4,0.22572211381818427,0.9878778919366924,0.08780222101945485,5.604823431277399,0.12309980904959505,0.12309980904959505,0.005138486996305954,0.07961848620583553,0.22572211381818427,0.004564299426145792,2.7357626643122277,0.5679512922458151,174.6234902903837,33.58858310716505,90.40819450273283,0.10050860645338505,3.5617545525080683,1.4849638340528764,0.18226049872582814,1.256753294355282,0.30777155847088744,20.0
169,5,0.22572211381818427,0.9878778919366924,0.08780222101945485,5.604823431277399,0.12309980904959505,0.12309980904959505,0.005138486996305954,0.07961848620583553,0.22572211381818427,0.004564299426145792,2.7357626643122277,0.5679512922458151,174.6234902903837,33.58858310716505,90.40819450273283,0.10050860645338505,3.5617545525080683,1.4849638340528764,0.18226049872582814,1.256753294355282,0.30777155847088744,20.0
169,6,0.22572211381818427,0.9878778919366924,0.08780222101945485,5.604823431277399,0.12309980904959505,0.12309980904959505,0.005138486996305954,0.07961848620583553,0.22572211381818427,0.004564299426145792,2.7357626643122277,0.5679512922458151,174.6234902903837,33.58858310716505,90.40819450273283,0.10050860645338505,3.5617545525080683,1.4849638340528764,0.18226049872582814,1.256753294355282,0.30777155847088744,20.0
169,7,0.22572211381818427,0.9878778919366924,0.08780222101945485,5.604823431277399,0.12309980904959505,0.12309980904959505,0.005138486996305954,0.07961848620583553,0.22572211381818427,0.004564299426145792,2.7357626643122277,0.5679512922458151,174.6234902903837,33.58858310716505,90.40819450273283,0.10050860645338505,3.5617545525080683,1.4849638340528764,0.18226049872582814,1.256753294355282,0.30777155847088744,20.0
169,8,0.22572211381818427,0.9878778919366924,0.08780222101945485,5.604823431277399,0.12309980904959505,0.12309980904959505,0.005138486996305954,0.07961848620583553,0.22572211381818427,0.004564299426145792,2.7357626643122277,0.5679512922458151,174.6234902903837,33.58858310716505,90.40819450273283,0.10050860645338505,3.5617545525080683,1.4849638340528764,0.18226049872582814,1.256753294355282,0.30777155847088744,20.0
169,9,0.22572211381818427,0.9878778919366924,0.08780222101945485,5.604823431277399,0.12309980904959505,0.12309980904959505,0.005138486996305954,0.07961848620583553,0.22572211381818427,0.004564299426145792,2.7357626643122277,0.5679512922458151,174.6234902903837,33.58858310716505,90.40819450273283,0.10050860645338505,3.5617545525080683,1.4849638340528764,0.18226049872582814,1.256753294355282,0.30777155847088744,20.0
169,10,0.22572211381818427,0.9878778919366924,0.08780222101945485,5.604823431277399,0.12309980904959505,0.12309980904959505,0.005138486996305954,0.07961848620583553,0.22572211381818427,0.004564299426145792,2.7357626643122277,0.5679512922458151,174.6234902903837,33.58858310716505,90.40819450273283,0.10050860645338505,3.5617545525080683,1.4849638340528764,0.18226049872582814,1.256753294355282,0.30777155847088744,20.0
170,1,0.060538881409591204,0.8593605791852063,0.03627325528306118,15.080558232607032,0.16491086549059852,0.16491086549059852,0.10109770054200552,0.23506852884996665,0.060538881409591204,2.4744926044268887e-08,3.2762747004476838,0.2544435061205792,142.78143622989674,197.25516320156092,46.354067476609785,0.11363343363838618,3.753717476877207,0.855246130101134,0.1743079410721307,1.1667986023479509,0.3578454838978382,20.0
170,2,0.06112466212995873,0.7571381414217058,0.036623664243854444,15.080558232607032,0.16491086549059855,0.16491086549059855,0.13141465161469637,0.24647147731506058,0.06112466212995873,2.474492604760437e-08,3.2762747004476838,0.2544435061205792,142.78143622989674,197.25516320156092,46.354067476609785,0.11363343363838618,3.753717476877207,0.855246130101134,0.1743079410721307,1.1667986023479509,0.3578454838978382,20.0
170,3,0.06112466212995873,0.7571381414217058,0.036623664243854444,15.080558232607032,0.16491086549059855,0.16491086549059855,0.13141465161469637,0.24647147731506058,0.06112466212995873,2.474492604760437e-08,3.2762747004476838,0.2544435061205792,142.78143622989674,197.25516320156092,46.354067476609785,0.11363343363838618,3.753717476877207,0.855246130101134,0.1743079410721307,1.1667986023479509,0.3578454838978382,20.0
170,4,0.06112466212995873,0.7571381414217058,0.036623664243854444,15.080558232607032,0.16491086549059855,0.16491086549059855,0.13141465161469637,0.24647147731506058,0.06112466212995873,2.474492604760437e-08,3.2762747004476838,0.2544435061205792,142.78143622989674,197.25516320156092,46.354067476609785,0.11363343363838618,3.753717476877207,0.855246130101134,0.1743079410721307,1.1667986023479509,0.3578454838978382,20.0
170,5,0.06112466212995873,0.7571381414217058,0.036623664243854444,15.080558232607032,0.16491086549059855,0.16491086549059855,0.13141465161469637,0.24647147731506058,0.06112466212995873,2.474492604760437e-08,3.2762747004476838,0.2544435061205792,142.78143622989674,197.25516320156092,46.354067476609785,0.11363343363838618,3.753717476877207,0.855246130101134,0.1743079410721307,1.1667986023479509,0.3578454838978382,20.0
170,6,0.06112466212995873,0.7571381414217058,0.036623664243854444,15.080558232607032,0.16491086549059855,0.16491086549059855,0.13141465161469637,0.24647147731506058,0.06112466212995873,2.474492604760437e-08,3.2762747004476838,0.2544435061205792,142.78143622989674,197.25516320156092,46.354067476609785,0.11363343363838618,3.753717476877207,0.855246130101134,0.1743079410721307,1.1667986023479509,0.3578454838978382,20.0
170,7,0.06112466212995873,0.7571381414217058,0.036623664243854444,15.080558232607032,0.16491086549059855,0.16491086549059855,0.13141465161469637,0.24647147731506058,0.06112466212995873,2.474492604760437e-08,3.2762747004476838,0.2544435061205792,142.78143622989674,197.25516320156092,46.354067476609785,0.11363343363838618,3.753717476877207,0.855246130101134,0.1743079410721307,1.1667986023479509,0.3578454838978382,20.0
170,8,0.06112466212995873,0.7571381414217058,0.036623664243854444,15.080558232607032,0.16491086549059855,0.16491086549059855,0.13141465161469637,0.24647147731506058,0.06112466212995873,2.474492604760437e-08,3.2762747004476838,0.2544435061205792,142.78143622989674,197.25516320156092,46.354067476609785,0.11363343363838618,3.753717476877207,0.855246130101134,0.1743079410721307,1.1667986023479509,0.3578454838978382,20.0
170,9,0.06112466212995873,0.7571381414217058,0.036623664243854444,15.080558232607032,0.16491086549059855,0.16491086549059855,0.13141465161469637,0.24647147731506058,0.06112466212995873,2.474492604760437e-08,3.2762747004476838,0.2544435061205792,142.78143622989674,197.25516320156092,46.354067476609785,0.11363343363838618,3.753717476877207,0.855246130101134,0.1743079410721307,1.1667986023479509,0.3578454838978382,20.0
170,10,0.06112466212995873,0.7571381414217058,0.036623664243854444,15.080558232607032,0.16491086549059855,0.16491086549059855,0.13141465161469637,0.24647147731506058,0.06112466212995873,2.474492604760437e-08,3.2762747004476838,0.2544435061205792,142.78143622989674,197.25516320156092,46.354067476609785,0.11363343363838618,3.753717476877207,0.855246130101134,0.1743079410721307,1.1667986023479509,0.3578454838978382,20.0
171,1,0.09513262681217924,0.9999908545922277,0.053127751552105966,15.355973341537306,0.10042136726468102,0.10042136726468102,9.995509543440006e-06,0.0006857712434002573,0.09513262681217924,0.0025012908695497193,6.456115779747327,0.4611866668906308,103.75995689489133,114.76497354030576,41.88049360589952,0.0809715575567154,4.105389753656906,0.6579980840395948,0.045802882260979366,1.4168762920861004,0.3209074454011032,20.0
171,2,0.11579435723456553,0.9878959171931534,0.06466633035739917,15.355973341537306,0.10246029060474501,0.10246029060474501,0.0018295696681406343,0.0041948691163369205,0.11579435723456553,0.002841978905857415,6.456115779747327,0.4611866668906308,103.75995689489133,114.76497354030576,41.88049360589952,0.0809715575567154,4.105389753656906,0.6579980840395948,0.045802882260979366,1.4168762920861004,0.3209074454011032,20.0
171,3,0.11600774952532333,0.9863549394080978,0.06478547358115742,15.355973341537306,0.1024647135593237,0.1024647135593237,0.0020561161330633834,0.004530262603201158,0.11600774952532333,0.0028432107719824832,6.456115779747327,0.4611866668906308,103.75995689489133,114.76497354030576,41.88049360589952,0.0809715575567154,4.105389753656906,0.6579980840395948,0.045802882260979366,1.4168762920861004,0.3209074454011032,20.0
171,4,0.11600804663044817,0.9863502167296994,0.06478563944334838,15.355973341537306,0.10246471701883512,0.10246471701883512,0.002056674397665955,0.004530953892117326,0.11600804663044817,0.0028432120389004947,6.456115779747327,0.4611866668906308,103.75995689489133,114.76497354030576,41.88049360589952,0.0809715575567154,4.105389753656906,0.6579980840395948,0.045802882260979366,1.4168762920861004,0.3209074454011032,20.0
171,5,0.11600804679682612,0.9863502124252512,0.06478563953622296,15.355973341537306,0.10246471702024151,0.10246471702024151,0.0020566748263934685,0.0045309543639292646,0.11600804679682612,0.0028432120395151905,6.456115779747327,0.4611866668906308,103.75995689489133,114.76497354030576,41.88049360589952,0.0809715575567154,4.105389753656906,0.6579980840395948,0.045802882260979366,1.4168762920861004,0.3209074454011032,20.0
171,6,0.11600804679687812,0.9863502124233469,0.06478563953625198,15.355973341537306,0.10246471702024187,0.10246471702024187,0.002056674826558622,0.004530954364096094,0.11600804679687812,0.002843212039515367,6.456115779747327,0.4611866668906308,103.75995689489133,114.76497354030576,41.88049360589952,0.0809715575567154,4.105389753656906,0.6579980840395948,0.045802882260979366,1.4168762920861004,0.3209074454011032,20.0
171,7,0.11600804679687812,0.9863502124233464,0.064785639536252,15.355973341537306,0.10246471702024187,0.10246471702024187,0.0020566748265586614,0.004530954364096131,0.11600804679687812,0.002843212039515367,6.456115779747327,0.4611866668906308,103.75995689489133,114.76497354030576,41.88049360589952,0.0809715575567154,4.105389753656906,0.6579980840395948,0.045802882260979366,1.4168762920861004,0.3209074454011032,20.0
171,8,0.11600804679687812,0.9863502124233464,0.064785639536252,15.355973341537306,0.10246471702024187,0.10246471702024187,0.0020566748265586614,0.004530954364096131,0.11600804679687812,0.002843212039515367,6.456115779747327,0.4611866668906308,103.75995689489133,114.76497354030576,41.88049360589952,0.0809715575567154,4.105389753656906,0.6579980840395948,0.045802882260979366,1.4168762920861004,0.3209074454011032,20.0
171,9,0.11600804679687812,0.9863502124233464,0.064785639536252,15.355973341537306,0.10246471702024187,0.10246471702024187,0.0020566748265586614,0.004530954364096131,0.11600804679687812,0.002843212039515367,6.456115779747327,0.4611866668906308,103.75995689489133,114.76497354030576,41.88049360589952,0.0809715575567154,4.105389753656906,0.6579980840395948,0.045802882260979366,1.4168762920861004,0.3209074454011032,20.0
171,10,0.11600804679687812,0.9863502124233464,0.064785639536252,15.355973341537306,0.10246471702024187,0.10246471702024187,0.0020566748265586614,0.004530954364096131,0.11600804679687812,0.002843212039515367,6.456115779747327,0.4611866668906308,103.75995689489133,114.76497354030576,41.88049360589952,0.0809715575567154,4.105389753656906,0.6579980840395948,0.045802882260979366,1.4168762920861004,0.3209074454011032,20.0
172,1,0.050737474233875896,0.9936517950596565,0.0348493118774469,9.809849545838432,0.09400129057075912,0.09400129057075912,0.006798720163994345,0.06928261908277995,0.050737474233875896,5.808215053485868e-08,2.394193087035358,0.30186946964380684,77.97357456184696,160.6568202811662,54.412326904058965,0.08949343172130958,5.058398949973809,0.4035289995361818,0.16395986960631342,1.9709666376537625,0.43829740154210384,20.0
172,2,0.05930129208308676,0.9725379237623014,0.04072806661207692,9.809849545838432,0.09400129057136139,0.09400129057136139,0.02473974246388923,0.12224002918842873,0.05930129208308676,5.808310078740935e-08,2.394193087035358,0.30186946964380684,77.97357456184696,160.6568202811662,54.412326904058965,0.08949343172130958,5.058398949973809,0.4035289995361818,0.16395986960631342,1.9709666376537625,0.43829740154210384,20.0
172,3,0.0593012920830869,0.9725379237610513,0.040728066612077014,9.809849545838432,0.09400129057136139,0.09400129057136139,0.024739742463900198,0.12224002918843144,0.0593012920830869,5.808310078740935e-08,2.394193087035358,0.30186946964380684,77.97357456184696,160.6568202811662,54.412326904058965,0.08949343172130958,5.058398949973809,0.4035289995361818,0.16395986960631342,1.9709666376537625,0.43829740154210384,20.0
172,4,0.0593012920830869,0.9725379237610513,0.040728066612077014,9.809849545838432,0.09400129057136139,0.09400129057136139,0.024739742463900198,0.12224002918843144,0.0593012920830869,5.808310078740935e-08,2.394193087035358,0.30186946964380684,77.97357456184696,160.6568202811662,54.412326904058965,0.08949343172130958,5.058398949973809,0.4035289995361818,0.16395986960631342,1.9709666376537625,0.43829740154210384,20.0
172,5,0.0593012920830869,0.9725379237610513,0.040728066612077014,9.809849545838432,0.09400129057136139,0.09400129057136139,0.024739742463900198,0.12224002918843144,0.0593012920830869,5.808310078740935e-08,2.394193087035358,0.30186946964380684,77.97357456184696,160.6568202811662,54.412326904058965,0.08949343172130958,5.058398949973809,0.4035289995361818,0.16395986960631342,1.9709666376537625,0.43829740154210384,20.0
172,6,0.0593012920830869,0.9725379237610513,0.040728066612077014,9.809849545838432,0.09400129057136139,0.09400129057136139,0.024739742463900198,0.12224002918843144,0.0593012920830869,5.808310078740935e-08,2.394193087035358,0.30186946964380684,77.97357456184696,160.6568202811662,54.412326904058965,0.08949343172130958,5.058398949973809,0.4035289995361818,0.16395986960631342,1.9709666376537625,0.43829740154210384,20.0
172,7,0.0593012920830869,0.9725379237610513,0.040728066612077014,9.809849545838432,0.09400129057136139,0.09400129057136139,0.024739742463900198,0.12224002918843144,0.0593012920830869,5.808310078740935e-08,2.394193087035358,0.30186946964380684,77.97357456184696,160.6568202811662,54.412326904058965,0.08949343172130958,5.058398949973809,0.4035289995361818,0.16395986960631342,1.9709666376537625,0.43829740154210384,20.0
172,8,0.0593012920830869,0.9725379237610513,0.040728066612077014,9.809849545838432,0.09400129057136139,0.09400129057136139,0.024739742463900198,0.12224002918843144,0.0593012920830869,5.808310078740935e-08,2.394193087035358,0.30186946964380684,77.97357456184696,160.6568202811662,54.412326904058965,0.08949343172130958,5.058398949973809,0.4035289995361818,0.16395986960631342,1.9709666376537625,0.43829740154210384,20.0
172,9,0.0593012920830869,0.9725379237610513,0.040728066612077014,9.809849545838432,0.09400129057136139,0.09400129057136139,0.024739742463900198,0.12224002918843144,0.0593012920830869,5.808310078740935e-08,2.394193087035358,0.30186946964380684,77.97357456184696,160.6568202811662,54.412326904058965,0.08949343172130958,5.058398949973809,0.4035289995361818,0.16395986960631342,1.9709666376537625,0.43829740154210384,20.0
172,10,0.0593012920830869,0.9725379237610513,0.040728066612077014,9.809849545838432,0.09400129057136139,0.09400129057136139,0.024739742463900198,0.12224002918843144,0.0593012920830869,5.808310078740935e-08,2.394193087035358,0.30186946964380684,77.97357456184696,160.6568202811662,54.412326904058965,0.08949343172130958,5.058398949973809,0.4035289995361818,0.16395986960631342,1.9709666376537625,0.43829740154210384,20.0
173,1,0.007527331442700577,0.0382647214587643,0.0028490603788799934,7.248483383463831,0.12569212710700498,0.12569212710700498,0.1499997524336612,0.0686102560183518,0.007527331442700577,0.07346106902905235,2.0285944475236715,0.3307508475552589,171.9178690037485,105.77772305337105,11.481064773598105,0.09816703796964625,2.11135537638443,0.3552806721282255,0.12618654732481022,0.9294681047167594,0.4405367103898372,20.0
173,2,0.007527333805162066,0.03454418407778149,0.002849061272471765,7.248483383463831,0.12569212710700778,0.12569212710700778,0.1499999630509497,0.06861028488087986,0.007527333805162066,0.07346106902905575,2.0285944475236715,0.3307508475552589,171.9178690037485,105.77772305337105,11.481064773598105,0.09816703796964625,2.11135537638443,0.3552806721282255,0.12618654732481022,0.9294681047167594,0.4405367103898372,20.0
173,3,0.007527333805162066,0.03454418407778145,0.002849061272471765,7.248483383463831,0.12569212710700778,0.12569212710700778,0.1499999630509497,0.06861028488087986,0.007527333805162066,0.07346106902905575,2.0285944475236715,0.3307508475552589,171.9178690037485,105.77772305337105,11.481064773598105,0.09816703796964625,2.11135537638443,0.3552806721282255,0.12618654732481022,0.9294681047167594,0.4405367103898372,20.0
173,4,0.007527333805162066,0.03454418407778145,0.002849061272471765,7.248483383463831,0.12569212710700778,0.12569212710700778,0.1499999630509497,0.06861028488087986,0.007527333805162066,0.07346106902905575,2.0285944475236715,0.3307508475552589,171.9178690037485,105.77772305337105,11.481064773598105,0.09816703796964625,2.11135537638443,0.3552806721282255,0.12618654732481022,0.9294681047167594,0.4405367103898372,20.0
173,5,0.007527333805162066,0.03454418407778145,0.002849061272471765,7.248483383463831,0.12569212710700778,0.12569212710700778,0.1499999630509497,0.06861028488087986,0.007527333805162066,0.07346106902905575,2.0285944475236715,0.3307508475552589,171.9178690037485,105.77772305337105,11.481064773598105,0.09816703796964625,2.11135537638443,0.3552806721282255,0.12618654732481022,0.9294681047167594,0.4405367103898372,20.0
173,6,0.007527333805162066,0.03454418407778145,0.002849061272471765,7.248483383463831,0.12569212710700778,0.12569212710700778,0.1499999630509497,0.06861028488087986,0.007527333805162066,0.07346106902905575,2.0285944475236715,0.3307508475552589,171.9178690037485,105.77772305337105,11.481064773598105,0.09816703796964625,2.11135537638443,0.3552806721282255,0.12618654732481022,0.9294681047167594,0.4405367103898372,20.0
173,7,0.007527333805162066,0.03454418407778145,0.002849061272471765,7.248483383463831,0.12569212710700778,0.12569212710700778,0.1499999630509497,0.06861028488087986,0.007527333805162066,0.07346106902905575,2.0285944475236715,0.3307508475552589,171.9178690037485,105.77772305337105,11.481064773598105,0.09816703796964625,2.11135537638443,0.3552806721282255,0.12618654732481022,0.9294681047167594,0.4405367103898372,20.0
173,8,0.007527333805162066,0.03454418407778145,0.002849061272471765,7.248483383463831,0.12569212710700778,0.12569212710700778,0.1499999630509497,0.06861028488087986,0.007527333805162066,0.07346106902905575,2.0285944475236715,0.3307508475552589,171.9178690037485,105.77772305337105,11.481064773598105,0.09816703796964625,2.11135537638443,0.3552806721282255,0.12618654732481022,0.9294681047167594,0.4405367103898372,20.0
173,9,0.007527333805162066,0.03454418407778145,0.002849061272471765,7.248483383463831,0.12569212710700778,0.12569212710700778,0.1499999630509497,0.06861028488087986,0.007527333805162066,0.07346106902905575,2.0285944475236715,0.3307508475552589,171.9178690037485,105.77772305337105,11.481064773598105,0.09816703796964625,2.11135537638443,0.3552806721282255,0.12618654732481022,0.9294681047167594,0.4405367103898372,20.0
173,10,0.007527333805162066,0.03454418407778145,0.002849061272471765,7.248483383463831,0.12569212710700778,0.12569212710700778,0.1499999630509497,0.06861028488087986,0.007527333805162066,0.07346106902905575,2.0285944475236715,0.3307508475552589,171.9178690037485,105.77772305337105,11.481064773598105,0.09816703796964625,2.11135537638443,0.3552806721282255,0.12618654732481022,0.9294681047167594,0.4405367103898372,20.0
174,1,0.11004740233284944,0.9999999999342926,0.04549399315681209,7.76062819434504,0.16605683547293337,0.16605683547293337,3.7169847037224296e-12,5.753628511233409e-10,0.11004740233284944,0.06449757589248507,4.9832279452038115,0.7657240223254437,181.51316188260708,108.36087018120064,33.83106027433078,0.025609079491414815,5.060588492945406,0.37868894259595476,0.1937388488992268,1.8818576223272654,0.4848606857340235,20.0
174,2,0.14084680689185966,0.7205666717979714,0.05822879830104618,7.76062819434504,0.16931383149445017,0.16931383149445017,0.022903135331777943,0.028191433023506962,0.14084680689185966,0.06794512714909398,4.9832279452038115,0.7657240223254437,181.51316188260708,108.36087018120064,33.83106027433078,0.025609079491414815,5.060588492945406,0.37868894259595476,0.1937388488992268,1.8818576223272654,0.4848606857340235,20.0
174,3,0.14092893842078888,0.714565733194738,0.058262744757408315,7.76062819434504,0.16931383344754383,0.16931383344754383,0.023193280926502188,0.028478855632271496,0.14092893842078888,0.06794513184269246,4.9832279452038115,0.7657240223254437,181.51316188260708,108.36087018120064,33.83106027433078,0.025609079491414815,5.060588492945406,0.37868894259595476,0.1937388488992268,1.8818576223272654,0.4848606857340235,20.0
174,4,0.14092893842293144,0.7145657293223767,0.058262744758293454,7.76062819434504,0.16931383344754383,0.16931383344754383,0.02319328094704521,0.02847885564541148,0.14092893842293144,0.06794513184269246,4.9832279452038115,0.7657240223254437,181.51316188260708,108.36087018120064,33.83106027433078,0.025609079491414815,5.060588492945406,0.37868894259595476,0.1937388488992268,1.8818576223272654,0.4848606857340235,20.0
174,5,0.14092893842293144,0.7145657293223767,0.058262744758293454,7.76062819434504,0.16931383344754383,0.16931383344754383,0.02319328094704521,0.02847885564541148,0.14092893842293144,0.06794513184269246,4.9832279452038115,0.7657240223254437,181.51316188260708,108.36087018120064,33.83106027433078,0.025609079491414815,5.060588492945406,0.37868894259595476,0.1937388488992268,1.8818576223272654,0.4848606857340235,20.0
174,6,0.14092893842293144,0.7145657293223767,0.058262744758293454,7.76062819434504,0.16931383344754383,0.16931383344754383,0.02319328094704521,0.02847885564541148,0.14092893842293144,0.06794513184269246,4.9832279452038115,0.7657240223254437,181.51316188260708,108.36087018120064,33.83106027433078,0.025609079491414815,5.060588492945406,0.37868894259595476,0.1937388488992268,1.8818576223272654,0.4848606857340235,20.0
174,7,0.14092893842293144,0.7145657293223767,0.058262744758293454,7.76062819434504,0.16931383344754383,0.16931383344754383,0.02319328094704521,0.02847885564541148,0.14092893842293144,0.06794513184269246,4.9832279452038115,0.7657240223254437,181.51316188260708,108.36087018120064,33.83106027433078,0.025609079491414815,5.060588492945406,0.37868894259595476,0.1937388488992268,1.8818576223272654,0.4848606857340235,20.0
174,8,0.14092893842293144,0.7145657293223767,0.058262744758293454,7.76062819434504,0.16931383344754383,0.16931383344754383,0.02319328094704521,0.02847885564541148,0.14092893842293144,0.06794513184269246,4.9832279452038115,0.7657240223254437,181.51316188260708,108.36087018120064,33.83106027433078,0.025609079491414815,5.060588492945406,0.37868894259595476,0.1937388488992268,1.8818576223272654,0.4848606857340235,20.0
174,9,0.14092893842293144,0.7145657293223767,0.058262744758293454,7.76062819434504,0.16931383344754383,0.16931383344754383,0.02319328094704521,0.02847885564541148,0.14092893842293144,0.06794513184269246,4.9832279452038115,0.7657240223254437,181.51316188260708,108.36087018120064,33.83106027433078,0.025609079491414815,5.060588492945406,0.37868894259595476,0.1937388488992268,1.8818576223272654,0.4848606857340235,20.0
174,10,0.14092893842293144,0.7145657293223767,0.058262744758293454,7.76062819434504,0.16931383344754383,0.16931383344754383,0.02319328094704521,0.02847885564541148,0.14092893842293144,0.06794513184269246,4.9832279452038115,0.7657240223254437,181.51316188260708,108.36087018120064,33.83106027433078,0.025609079491414815,5.060588492945406,0.37868894259595476,0.1937388488992268,1.8818576223272654,0.4848606857340235,20.0
175,1,2.2139457560898505e-05,0.9999997194666578,1.6594309591808804e-05,6.695309694174378,0.06347957952823104,0.06347957952823104,1.7463285519250097e-44,2.1117635007039433e-34,2.2139457560898505e-05,7.642578926099016e-05,5.51558916363733,0.9888720533405192,33.446735269781904,62.166422080509044,99.19768795545377,0.0210840492746642,2.600813107547522,0.875182815249198,0.18684558162705744,1.7757812445232972,0.3922893704625052,20.0
175,2,0.018569142018270413,0.998920948379225,0.013944222059938786,6.695309694174378,0.10252408328865277,0.10252408328865277,0.00012049214956636968,0.00031410534069888557,0.018569142018270413,0.006753352241989824,5.51558916363733,0.9888720533405192,33.446735269781904,62.166422080509044,99.19768795545377,0.0210840492746642,2.600813107547522,0.875182815249198,0.18684558162705744,1.7757812445232972,0.3922893704625052,20.0
175,3,0.04110431682893204,0.9676620605131936,0.030867994322316267,6.695309694174378,0.10841680948119899,0.10841680948119899,0.006532369521871248,0.010269579054626412,0.04110431682893204,0.010110433784676352,5.51558916363733,0.9888720533405192,33.446735269781904,62.166422080509044,99.19768795545377,0.0210840492746642,2.600813107547522,0.875182815249198,0.18684558162705744,1.7757812445232972,0.3922893704625052,20.0
175,4,0.04440669620844476,0.9562602056290477,0.03334794770535125,6.695309694174378,0.10843874178655417,0.10843874178655417,0.009538760821255363,0.01459053068917781,0.04440669620844476,0.01013936374505432,5.51558916363733,0.9888720533405192,33.446735269781904,62.166422080509044,99.19768795545377,0.0210840492746642,2.600813107547522,0.875182815249198,0.18684558162705744,1.7757812445232972,0.3922893704625052,20.0
175,5,0.04441511001771855,0.956163838207677,0.03335426464748483,6.695309694174378,0.10843874512649669,0.10843874512649669,0.009559305021681844,0.014613926828217765,0.04441511001771855,0.010139369955741976,5.51558916363733,0.9888720533405192,33.446735269781904,62.166422080509044,99.19768795545377,0.0210840492746642,2.600813107547522,0.875182815249198,0.18684558162705744,1.7757812445232972,0.3922893704625052,20.0
175,6,0.04441511099223137,0.9561638182904478,0.033354265379008846,6.695309694174378,0.10843874512655846,0.10843874512655846,0.009559308804596347,0.014613930542114293,0.04441511099223137,0.010139369955881758,5.51558916363733,0.9888720533405192,33.446735269781904,62.166422080509044,99.19768795545377,0.0210840492746642,2.600813107547522,0.875182815249198,0.18684558162705744,1.7757812445232972,0.3922893704625052,20.0
175,7,0.044415110992246064,0.9561638182900161,0.033354265379019886,6.695309694174378,0.10843874512655846,0.10843874512655846,0.00955930880467246,0.014613930542181469,0.044415110992246064,0.010139369955881758,5.51558916363733,0.9888720533405192,33.446735269781904,62.166422080509044,99.19768795545377,0.0210840492746642,2.600813107547522,0.875182815249198,0.18684558162705744,1.7757812445232972,0.3922893704625052,20.0
175,8,0.044415110992246064,0.9561638182900161,0.033354265379019886,6.695309694174378,0.10843874512655846,0.10843874512655846,0.00955930880467246,0.014613930542181469,0.044415110992246064,0.010139369955881758,5.51558916363733,0.9888720533405192,33.446735269781904,62.166422080509044,99.19768795545377,0.0210840492746642,2.600813107547522,0.875182815249198,0.18684558162705744,1.7757812445232972,0.3922893704625052,20.0
175,9,0.044415110992246064,0.9561638182900161,0.033354265379019886,6.695309694174378,0.10843874512655846,0.10843874512655846,0.00955930880467246,0.014613930542181469,0.044415110992246064,0.010139369955881758,5.51558916363733,0.9888720533405192,33.446735269781904,62.166422080509044,99.19768795545377,0.0210840492746642,2.600813107547522,0.875182815249198,0.18684558162705744,1.7757812445232972,0.3922893704625052,20.0
175,10,0.044415110992246064,0.9561638182900161,0.033354265379019886,6.695309694174378,0.10843874512655846,0.10843874512655846,0.00955930880467246,0.014613930542181469,0.044415110992246064,0.010139369955881758,5.51558916363733,0.9888720533405192,33.446735269781904,62.166422080509044,99.19768795545377,0.0210840492746642,2.600813107547522,0.875182815249198,0.18684558162705744,1.7757812445232972,0.3922893704625052,20.0
176,1,0.1320197195792143,0.9942988561219293,0.0649380901481428,6.321164805089161,0.04131688331632841,0.04131688331632841,0.007608352758424527,0.04750983628772071,0.1320197195792143,0.00041070783330994634,3.04890941307334,0.6286849478598676,146.99279291803498,132.57518058120053,29.150228020457686,0.0427046232821218,2.4689558596061194,0.5024325789845027,0.133331406663927,1.3220453950370237,0.31704518049894465,20.0
176,2,0.14562146452573416,0.9835247130220863,0.07162617903334356,6.321164805089161,0.04131730367824325,0.04131730367824325,0.019308559415176473,0.08311273174500397,0.14562146452573416,0.00041163264139529044,3.04890941307334,0.6286849478598676,146.99279291803498,132.57518058120053,29.150228020457686,0.0427046232821218,2.4689558596061194,0.5024325789845027,0.133331406663927,1.3220453950370237,0.31704518049894465,20.0
176,3,0.14562146474687682,0.9835235779651748,0.0716261791419519,6.321164805089161,0.04131730367824329,0.04131730367824329,0.01930856448883883,0.08311273400478061,0.14562146474687682,0.00041163264139540396,3.04890941307334,0.6286849478598676,146.99279291803498,132.57518058120053,29.150228020457686,0.0427046232821218,2.4689558596061194,0.5024325789845027,0.133331406663927,1.3220453950370237,0.31704518049894465,20.0
176,4,0.14562146474687682,0.9835235779651748,0.0716261791419519,6.321164805089161,0.04131730367824329,0.04131730367824329,0.01930856448883883,0.08311273400478061,0.14562146474687682,0.00041163264139540396,3.04890941307334,0.6286849478598676,146.99279291803498,132.57518058120053,29.150228020457686,0.0427046232821218,2.4689558596061194,0.5024325789845027,0.133331406663927,1.3220453950370237,0.31704518049894465,20.0
176,5,0.14562146474687682,0.9835235779651748,0.0716261791419519,6.321164805089161,0.04131730367824329,0.04131730367824329,0.01930856448883883,0.08311273400478061,0.14562146474687682,0.00041163264139540396,3.04890941307334,0.6286849478598676,146.99279291803498,132.57518058120053,29.150228020457686,0.0427046232821218,2.4689558596061194,0.5024325789845027,0.133331406663927,1.3220453950370237,0.31704518049894465,20.0
176,6,0.14562146474687682,0.9835235779651748,0.0716261791419519,6.321164805089161,0.04131730367824329,0.04131730367824329,0.01930856448883883,0.08311273400478061,0.14562146474687682,0.00041163264139540396,3.04890941307334,0.6286849478598676,146.99279291803498,132.57518058120053,29.150228020457686,0.0427046232821218,2.4689558596061194,0.5024325789845027,0.133331406663927,1.3220453950370237,0.31704518049894465,20.0
176,7,0.14562146474687682,0.9835235779651748,0.0716261791419519,6.321164805089161,0.04131730367824329,0.04131730367824329,0.01930856448883883,0.08311273400478061,0.14562146474687682,0.00041163264139540396,3.04890941307334,0.6286849478598676,146.99279291803498,132.57518058120053,29.150228020457686,0.0427046232821218,2.4689558596061194,0.5024325789845027,0.133331406663927,1.3220453950370237,0.31704518049894465,20.0
176,8,0.14562146474687682,0.9835235779651748,0.0716261791419519,6.321164805089161,0.04131730367824329,0.04131730367824329,0.01930856448883883,0.08311273400478061,0.14562146474687682,0.00041163264139540396,3.04890941307334,0.6286849478598676,146.99279291803498,132.57518058120053,29.150228020457686,0.0427046232821218,2.4689558596061194,0.5024325789845027,0.133331406663927,1.3220453950370237,0.31704518049894465,20.0
176,9,0.14562146474687682,0.9835235779651748,0.0716261791419519,6.321164805089161,0.04131730367824329,0.04131730367824329,0.01930856448883883,0.08311273400478061,0.14562146474687682,0.00041163264139540396,3.04890941307334,0.6286849478598676,146.99279291803498,132.57518058120053,29.150228020457686,0.0427046232821218,2.4689558596061194,0.5024325789845027,0.133331406663927,1.3220453950370237,0.31704518049894465,20.0
176,10,0.14562146474687682,0.9835235779651748,0.0716261791419519,6.321164805089161,0.04131730367824329,0.04131730367824329,0.01930856448883883,0.08311273400478061,0.14562146474687682,0.00041163264139540396,3.04890941307334,0.6286849478598676,146.99279291803498,132.57518058120053,29.150228020457686,0.0427046232821218,2.4689558596061194,0.5024325789845027,0.133331406663927,1.3220453950370237,0.31704518049894465,20.0
177,1,0.18444633713702147,0.999962028083939,0.06606749773522858,8.09497950476785,0.20231181552725402,0.20231181552725402,4.6843920899885284e-05,0.0012648267480489062,0.18444633713702147,0.025375310807485167,3.39282497435118,0.46966994284838304,154.44226574774808,76.79834213486319,20.6293198601765,0.06977259645318507,3.9370927016943775,1.0655628221595912,0.07441512798291239,1.615514825812289,0.37227132531215296,20.0
177,2,0.22623471159354888,0.8840763579050351,0.08103598701306551,8.09497950476785,0.2075681301565521,0.2075681301565521,0.012774544326864472,0.0203913761808033,0.22623471159354888,0.027183281493332344,3.39282497435118,0.46966994284838304,154.44226574774808,76.79834213486319,20.6293198601765,0.06977259645318507,3.9370927016943775,1.0655628221595912,0.07441512798291239,1.615514825812289,0.37227132531215296,20.0
177,3,0.2265194887367089,0.8788065335154497,0.08113796090613819,8.09497950476785,0.20757318959353208,0.20757318959353208,0.013221313073486025,0.020909014694304368,0.2265194887367089,0.027186382343906187,3.39282497435118,0.46966994284838304,154.44226574774808,76.79834213486319,20.6293198601765,0.06977259645318507,3.9370927016943775,1.0655628221595912,0.07441512798291239,1.615514825812289,0.37227132531215296,20.0
177,4,0.22651956472972837,0.8788005337313766,0.08113798811196496,8.09497950476785,0.20757319019517145,0.20757319019517145,0.013221542132314709,0.020909217660309877,0.22651956472972837,0.027186382830271985,3.39282497435118,0.46966994284838304,154.44226574774808,76.79834213486319,20.6293198601765,0.06977259645318507,3.9370927016943775,1.0655628221595912,0.07441512798291239,1.615514825812289,0.37227132531215296,20.0
177,5,0.22651956473341936,0.8788005329897349,0.08113798811328615,8.09497950476785,0.20757319019519033,0.20757319019519033,0.013221542147964489,0.02090921767212066,0.22651956473341936,0.027186382830289946,3.39282497435118,0.46966994284838304,154.44226574774808,76.79834213486319,20.6293198601765,0.06977259645318507,3.9370927016943775,1.0655628221595912,0.07441512798291239,1.615514825812289,0.37227132531215296,20.0
177,6,0.22651956473341942,0.8788005329897115,0.08113798811328618,8.09497950476785,0.20757319019519033,0.20757319019519033,0.01322154214796479,0.02090921767212088,0.22651956473341942,0.027186382830289946,3.39282497435118,0.46966994284838304,154.44226574774808,76.79834213486319,20.6293198601765,0.06977259645318507,3.9370927016943775,1.0655628221595912,0.07441512798291239,1.615514825812289,0.37227132531215296,20.0
177,7,0.22651956473341942,0.8788005329897115,0.08113798811328618,8.09497950476785,0.20757319019519033,0.20757319019519033,0.01322154214796479,0.02090921767212088,0.22651956473341942,0.027186382830289946,3.39282497435118,0.46966994284838304,154.44226574774808,76.79834213486319,20.6293198601765,0.06977259645318507,3.9370927016943775,1.0655628221595912,0.07441512798291239,1.615514825812289,0.37227132531215296,20.0
177,8,0.22651956473341942,0.8788005329897115,0.08113798811328618,8.09497950476785,0.20757319019519033,0.20757319019519033,0.01322154214796479,0.02090921767212088,0.22651956473341942,0.027186382830289946,3.39282497435118,0.46966994284838304,154.44226574774808,76.79834213486319,20.6293198601765,0.06977259645318507,3.9370927016943775,1.0655628221595912,0.07441512798291239,1.615514825812289,0.37227132531215296,20.0
177,9,0.22651956473341942,0.8788005329897115,0.08113798811328618,8.09497950476785,0.20757319019519033,0.20757319019519033,0.01322154214796479,0.02090921767212088,0.22651956473341942,0.027186382830289946,3.39282497435118,0.46966994284838304,154.44226574774808,76.79834213486319,20.6293198601765,0.06977259645318507,3.9370927016943775,1.0655628221595912,0.07441512798291239,1.615514825812289,0.37227132531215296,20.0
177,10,0.22651956473341942,0.8788005329897115,0.08113798811328618,8.09497950476785,0.20757319019519033,0.20757319019519033,0.01322154214796479,0.02090921767212088,0.22651956473341942,0.027186382830289946,3.39282497435118,0.46966994284838304,154.44226574774808,76.79834213486319,20.6293198601765,0.06977259645318507,3.9370927016943775,1.0655628221595912,0.07441512798291239,1.615514825812289,0.37227132531215296,20.0
178,1,0.046571449569694896,0.9997706711266853,0.03322826199988732,6.270683486152556,0.10350616935516117,0.10350616935516117,0.0003094591779080712,0.008495120397585511,0.046571449569694896,1.0170707927769803e-06,2.9760904158024397,0.7071577640497395,70.34426050528558,187.4313928032446,37.56911331734322,0.07825446186113966,5.296378392757429,0.46961327043360407,0.13637565446232994,1.8669729950059983,0.47286030846414623,20.0
178,2,0.059065815185503794,0.9983635954570751,0.042141722002889626,6.270683486152556,0.10350619039941829,0.10350619039941829,0.0020546986081184195,0.024914604172239292,0.059065815185503794,1.0394140413877742e-06,2.9760904158024397,0.7071577640497395,70.34426050528558,187.4313928032446,37.56911331734322,0.07825446186113966,5.296378392757429,0.46961327043360407,0.13637565446232994,1.8669729950059983,0.47286030846414623,20.0
178,3,0.05906581522257467,0.9983635563064555,0.04214172202929794,6.270683486152556,0.10350619039941829,0.10350619039941829,0.0020546998466593647,0.024914604693359592,0.05906581522257467,1.0394140413878256e-06,2.9760904158024397,0.7071577640497395,70.34426050528558,187.4313928032446,37.56911331734322,0.07825446186113966,5.296378392757429,0.46961327043360407,0.13637565446232994,1.8669729950059983,0.47286030846414623,20.0
178,4,0.05906581522257467,0.9983635563064555,0.04214172202929794,6.270683486152556,0.10350619039941829,0.10350619039941829,0.0020546998466593647,0.024914604693359592,0.05906581522257467,1.0394140413878256e-06,2.9760904158024397,0.7071577640497395,70.34426050528558,187.4313928032446,37.56911331734322,0.07825446186113966,5.296378392757429,0.46961327043360407,0.13637565446232994,1.8669729950059983,0.47286030846414623,20.0
178,5,0.05906581522257467,0.9983635563064555,0.04214172202929794,6.270683486152556,0.10350619039941829,0.10350619039941829,0.0020546998466593647,0.024914604693359592,0.05906581522257467,1.0394140413878256e-06,2.9760904158024397,0.7071577640497395,70.34426050528558,187.4313928032446,37.56911331734322,0.07825446186113966,5.296378392757429,0.46961327043360407,0.13637565446232994,1.8669729950059983,0.47286030846414623,20.0
178,6,0.05906581522257467,0.9983635563064555,0.04214172202929794,6.270683486152556,0.10350619039941829,0.10350619039941829,0.0020546998466593647,0.024914604693359592,0.05906581522257467,1.0394140413878256e-06,2.9760904158024397,0.7071577640497395,70.34426050528558,187.4313928032446,37.56911331734322,0.07825446186113966,5.296378392757429,0.46961327043360407,0.13637565446232994,1.8669729950059983,0.47286030846414623,20.0
178,7,0.05906581522257467,0.9983635563064555,0.04214172202929794,6.270683486152556,0.10350619039941829,0.10350619039941829,0.0020546998466593647,0.024914604693359592,0.05906581522257467,1.0394140413878256e-06,2.9760904158024397,0.7071577640497395,70.34426050528558,187.4313928032446,37.56911331734322,0.07825446186113966,5.296378392757429,0.46961327043360407,0.13637565446232994,1.8669729950059983,0.47286030846414623,20.0
178,8,0.05906581522257467,0.9983635563064555,0.04214172202929794,6.270683486152556,0.10350619039941829,0.10350619039941829,0.0020546998466593647,0.024914604693359592,0.05906581522257467,1.0394140413878256e-06,2.9760904158024397,0.7071577640497395,70.34426050528558,187.4313928032446,37.56911331734322,0.07825446186113966,5.296378392757429,0.46961327043360407,0.13637565446232994,1.8669729950059983,0.47286030846414623,20.0
178,9,0.05906581522257467,0.9983635563064555,0.04214172202929794,6.270683486152556,0.10350619039941829,0.10350619039941829,0.0020546998466593647,0.024914604693359592,0.05906581522257467,1.0394140413878256e-06,2.9760904158024397,0.7071577640497395,70.34426050528558,187.4313928032446,37.56911331734322,0.07825446186113966,5.296378392757429,0.46961327043360407,0.13637565446232994,1.8669729950059983,0.47286030846414623,20.0
178,10,0.05906581522257467,0.9983635563064555,0.04214172202929794,6.270683486152556,0.10350619039941829,0.10350619039941829,0.0020546998466593647,0.024914604693359592,0.05906581522257467,1.0394140413878256e-06,2.9760904158024397,0.7071577640497395,70.34426050528558,187.4313928032446,37.56911331734322,0.07825446186113966,5.296378392757429,0.46961327043360407,0.13637565446232994,1.8669729950059983,0.47286030846414623,20.0
179,1,0.11592106416141368,0.999998813443799,0.06149600341135762,18.682099764617966,0.09676993363530663,0.09676993363530663,1.8861476621542806e-06,0.00018968389902717262,0.11592106416141368,0.0006661736109830597,4.845025708727935,0.2824860391946443,145.83967374065602,118.73327568431547,68.67718504465495,0.09190076396654205,4.440735660196802,1.0469797470545217,0.05966568877167698,1.7891923349001007,0.36758683523940267,20.0
179,2,0.13213124092367545,0.9971106893305898,0.07009546254662484,18.682099764617966,0.0969742334234818,0.0969742334234818,0.0003505326676669589,0.0009491084961287578,0.13213124092367545,0.0007052152754150656,4.845025708727935,0.2824860391946443,145.83967374065602,118.73327568431547,68.67718504465495,0.09190076396654205,4.440735660196802,1.0469797470545217,0.05966568877167698,1.7891923349001007,0.36758683523940267,20.0
179,3,0.13214113699502378,0.9969528941650891,0.07010071066584257,18.682099764617966,0.09697424338538449,0.09697424338538449,0.0003678030859326014,0.0009729405763347367,0.13214113699502378,0.0007052184284743229,4.845025708727935,0.2824860391946443,145.83967374065602,118.73327568431547,68.67718504465495,0.09190076396654205,4.440735660196802,1.0469797470545217,0.05966568877167698,1.7891923349001007,0.36758683523940267,20.0
179,4,0.13214113722642637,0.9969528843635304,0.07010071078854105,18.682099764617966,0.09697424338548591,0.09697424338548591,0.00036780381158493575,0.000972941400624993,0.13214113722642637,0.0007052184285165759,4.845025708727935,0.2824860391946443,145.83967374065602,118.73327568431547,68.67718504465495,0.09190076396654205,4.440735660196802,1.0469797470545217,0.05966568877167698,1.7891923349001007,0.36758683523940267,20.0
179,5,0.1321411372264277,0.996952884363421,0.07010071078854174,18.682099764617966,0.09697424338548591,0.09697424338548591,0.0003678038115908098,0.0009729414006308395,0.1321411372264277,0.000705218428516576,4.845025708727935,0.2824860391946443,145.83967374065602,118.73327568431547,68.67718504465495,0.09190076396654205,4.440735660196802,1.0469797470545217,0.05966568877167698,1.7891923349001007,0.36758683523940267,20.0
179,6,0.1321411372264277,0.996952884363421,0.07010071078854174,18.682099764617966,0.09697424338548591,0.09697424338548591,0.0003678038115908098,0.0009729414006308395,0.1321411372264277,0.000705218428516576,4.845025708727935,0.2824860391946443,145.83967374065602,118.73327568431547,68.67718504465495,0.09190076396654205,4.440735660196802,1.0469797470545217,0.05966568877167698,1.7891923349001007,0.36758683523940267,20.0
179,7,0.1321411372264277,0.996952884363421,0.07010071078854174,18.682099764617966,0.09697424338548591,0.09697424338548591,0.0003678038115908098,0.0009729414006308395,0.1321411372264277,0.000705218428516576,4.845025708727935,0.2824860391946443,145.83967374065602,118.73327568431547,68.67718504465495,0.09190076396654205,4.440735660196802,1.0469797470545217,0.05966568877167698,1.7891923349001007,0.36758683523940267,20.0
179,8,0.1321411372264277,0.996952884363421,0.07010071078854174,18.682099764617966,0.09697424338548591,0.09697424338548591,0.0003678038115908098,0.0009729414006308395,0.1321411372264277,0.000705218428516576,4.845025708727935,0.2824860391946443,145.83967374065602,118.73327568431547,68.67718504465495,0.09190076396654205,4.440735660196802,1.0469797470545217,0.05966568877167698,1.7891923349001007,0.36758683523940267,20.0
179,9,0.1321411372264277,0.996952884363421,0.07010071078854174,18.682099764617966,0.09697424338548591,0.09697424338548591,0.0003678038115908098,0.0009729414006308395,0.1321411372264277,0.000705218428516576,4.845025708727935,0.2824860391946443,145.83967374065602,118.73327568431547,68.67718504465495,0.09190076396654205,4.440735660196802,1.0469797470545217,0.05966568877167698,1.7891923349001007,0.36758683523940267,20.0
179,10,0.1321411372264277,0.996952884363421,0.07010071078854174,18.682099764617966,0.09697424338548591,0.09697424338548591,0.0003678038115908098,0.0009729414006308395,0.1321411372264277,0.000705218428516576,4.845025708727935,0.2824860391946443,145.83967374065602,118.73327568431547,68.67718504465495,0.09190076396654205,4.440735660196802,1.0469797470545217,0.05966568877167698,1.7891923349001007,0.36758683523940267,20.0
180,1,0.051521629462066065,0.5789756653006991,0.027405549119426147,14.919284537683929,0.16976618966046828,0.16976618966046828,0.1332317661217115,0.21971069583797612,0.051521629462066065,0.00028495779818909513,5.142866461242434,0.3781896513459251,132.4315255344616,90.58898702317956,82.95011862747187,0.08755856767322472,4.484001581010439,0.2862652435163068,0.1157104485006906,0.9701000660403478,0.40106063977697193,20.0
180,2,0.05191391913737984,0.492675226096781,0.027614018545665767,14.919284537683929,0.16976618969808244,0.16976618969808244,0.14292421135153116,0.22394843221430405,0.05191391913737984,0.00028495782551226403,5.142866461242434,0.3781896513459251,132.4315255344616,90.58898702317956,82.95011862747187,0.08755856767322472,4.484001581010439,0.2862652435163068,0.1157104485006906,0.9701000660403478,0.40106063977697193,20.0
180,3,0.05191391913738017,0.49267522608070646,0.02761401854566594,14.919284537683929,0.16976618969808244,0.16976618969808244,0.14292421135155173,0.22394843221430888,0.05191391913738017,0.00028495782551226403,5.142866461242434,0.3781896513459251,132.4315255344616,90.58898702317956,82.95011862747187,0.08755856767322472,4.484001581010439,0.2862652435163068,0.1157104485006906,0.9701000660403478,0.40106063977697193,20.0
180,4,0.05191391913738017,0.49267522608070646,0.02761401854566594,14.919284537683929,0.16976618969808244,0.16976618969808244,0.14292421135155173,0.22394843221430888,0.05191391913738017,0.00028495782551226403,5.142866461242434,0.3781896513459251,132.4315255344616,90.58898702317956,82.95011862747187,0.08755856767322472,4.484001581010439,0.2862652435163068,0.1157104485006906,0.9701000660403478,0.40106063977697193,20.0
180,5,0.05191391913738017,0.49267522608070646,0.02761401854566594,14.919284537683929,0.16976618969808244,0.16976618969808244,0.14292421135155173,0.22394843221430888,0.05191391913738017,0.00028495782551226403,5.142866461242434,0.3781896513459251,132.4315255344616,90.58898702317956,82.95011862747187,0.08755856767322472,4.484001581010439,0.2862652435163068,0.1157104485006906,0.9701000660403478,0.40106063977697193,20.0
180,6,0.05191391913738017,0.49267522608070646,0.02761401854566594,14.919284537683929,0.16976618969808244,0.16976618969808244,0.14292421135155173,0.22394843221430888,0.05191391913738017,0.00028495782551226403,5.142866461242434,0.3781896513459251,132.4315255344616,90.58898702317956,82.95011862747187,0.08755856767322472,4.484001581010439,0.2862652435163068,0.1157104485006906,0.9701000660403478,0.40106063977697193,20.0
180,7,0.05191391913738017,0.49267522608070646,0.02761401854566594,14.919284537683929,0.16976618969808244,0.16976618969808244,0.14292421135155173,0.22394843221430888,0.05191391913738017,0.00028495782551226403,5.142866461242434,0.3781896513459251,132.4315255344616,90.58898702317956,82.95011862747187,0.08755856767322472,4.484001581010439,0.2862652435163068,0.1157104485006906,0.9701000660403478,0.40106063977697193,20.0
180,8,0.05191391913738017,0.49267522608070646,0.02761401854566594,14.919284537683929,0.16976618969808244,0.16976618969808244,0.14292421135155173,0.22394843221430888,0.05191391913738017,0.00028495782551226403,5.142866461242434,0.3781896513459251,132.4315255344616,90.58898702317956,82.95011862747187,0.08755856767322472,4.484001581010439,0.2862652435163068,0.1157104485006906,0.9701000660403478,0.40106063977697193,20.0
180,9,0.05191391913738017,0.49267522608070646,0.02761401854566594,14.919284537683929,0.16976618969808244,0.16976618969808244,0.14292421135155173,0.22394843221430888,0.05191391913738017,0.00028495782551226403,5.142866461242434,0.3781896513459251,132.4315255344616,90.58898702317956,82.95011862747187,0.08755856767322472,4.484001581010439,0.2862652435163068,0.1157104485006906,0.9701000660403478,0.40106063977697193,20.0
180,10,0.05191391913738017,0.49267522608070646,0.02761401854566594,14.919284537683929,0.16976618969808244,0.16976618969808244,0.14292421135155173,0.22394843221430888,0.05191391913738017,0.00028495782551226403,5.142866461242434,0.3781896513459251,132.4315255344616,90.58898702317956,82.95011862747187,0.08755856767322472,4.484001581010439,0.2862652435163068,0.1157104485006906,0.9701000660403478,0.40106063977697193,20.0
181,1,0.042206371273708486,0.22001038319613267,0.014366651086224003,8.466015495818457,0.17099063451010138,0.17099063451010138,0.14904491675547224,0.14481340710041754,0.042206371273708486,0.014018156415716704,4.543217329788089,0.5806012152609845,113.69712483621687,59.00194314746676,10.194796628988495,0.145750332064016,2.2593021527237704,0.33015265601187394,0.1355003387836554,1.3048466749717176,0.38296962322505046,20.0
181,2,0.04223021716816382,0.1803283860510115,0.014374759851780796,8.466015495818457,0.17099064177278442,0.17099064177278442,0.14978701087766974,0.1449614128090762,0.04223021716816382,0.01401816396536975,4.543217329788089,0.5806012152609845,113.69712483621687,59.00194314746676,10.194796628988495,0.145750332064016,2.2593021527237704,0.33015265601187394,0.1355003387836554,1.3048466749717176,0.38296962322505046,20.0
181,3,0.04223021716817194,0.1803283848999039,0.01437475985178356,8.466015495818457,0.17099064177278442,0.17099064177278442,0.14978701087811347,0.14496141280913544,0.04223021716817194,0.014018163965369751,4.543217329788089,0.5806012152609845,113.69712483621687,59.00194314746676,10.194796628988495,0.145750332064016,2.2593021527237704,0.33015265601187394,0.1355003387836554,1.3048466749717176,0.38296962322505046,20.0
181,4,0.04223021716817194,0.1803283848999039,0.01437475985178356,8.466015495818457,0.17099064177278442,0.17099064177278442,0.14978701087811347,0.14496141280913544,0.04223021716817194,0.014018163965369751,4.543217329788089,0.5806012152609845,113.69712483621687,59.00194314746676,10.194796628988495,0.145750332064016,2.2593021527237704,0.33015265601187394,0.1355003387836554,1.3048466749717176,0.38296962322505046,20.0
181,5,0.04223021716817194,0.1803283848999039,0.01437475985178356,8.466015495818457,0.17099064177278442,0.17099064177278442,0.14978701087811347,0.14496141280913544,0.04223021716817194,0.014018163965369751,4.543217329788089,0.5806012152609845,113.69712483621687,59.00194314746676,10.194796628988495,0.145750332064016,2.2593021527237704,0.33015265601187394,0.1355003387836554,1.3048466749717176,0.38296962322505046,20.0
181,6,0.04223021716817194,0.1803283848999039,0.01437475985178356,8.466015495818457,0.17099064177278442,0.17099064177278442,0.14978701087811347,0.14496141280913544,0.04223021716817194,0.014018163965369751,4.543217329788089,0.5806012152609845,113.69712483621687,59.00194314746676,10.194796628988495,0.145750332064016,2.2593021527237704,0.33015265601187394,0.1355003387836554,1.3048466749717176,0.38296962322505046,20.0
181,7,0.04223021716817194,0.1803283848999039,0.01437475985178356,8.466015495818457,0.17099064177278442,0.17099064177278442,0.14978701087811347,0.14496141280913544,0.04223021716817194,0.014018163965369751,4.543217329788089,0.5806012152609845,113.69712483621687,59.00194314746676,10.194796628988495,0.145750332064016,2.2593021527237704,0.33015265601187394,0.1355003387836554,1.3048466749717176,0.38296962322505046,20.0
181,8,0.04223021716817194,0.1803283848999039,0.01437475985178356,8.466015495818457,0.17099064177278442,0.17099064177278442,0.14978701087811347,0.14496141280913544,0.04223021716817194,0.014018163965369751,4.543217329788089,0.5806012152609845,113.69712483621687,59.00194314746676,10.194796628988495,0.145750332064016,2.2593021527237704,0.33015265601187394,0.1355003387836554,1.3048466749717176,0.38296962322505046,20.0
181,9,0.04223021716817194,0.1803283848999039,0.01437475985178356,8.466015495818457,0.17099064177278442,0.17099064177278442,0.14978701087811347,0.14496141280913544,0.04223021716817194,0.014018163965369751,4.543217329788089,0.5806012152609845,113.69712483621687,59.00194314746676,10.194796628988495,0.145750332064016,2.2593021527237704,0.33015265601187394,0.1355003387836554,1.3048466749717176,0.38296962322505046,20.0
181,10,0.04223021716817194,0.1803283848999039,0.01437475985178356,8.466015495818457,0.17099064177278442,0.17099064177278442,0.14978701087811347,0.14496141280913544,0.04223021716817194,0.014018163965369751,4.543217329788089,0.5806012152609845,113.69712483621687,59.00194314746676,10.194796628988495,0.145750332064016,2.2593021527237704,0.33015265601187394,0.1355003387836554,1.3048466749717176,0.38296962322505046,20.0
182,1,0.1056344351797512,0.9999999999086501,0.0525439669630513,21.687622158872646,0.08216312745998515,0.08216312745998515,1.0909746403554076e-22,1.1690515545441297e-16,0.1056344351797512,0.006943336228047153,2.8972759089145406,0.13854474390190794,84.6649948294118,51.41056780708881,52.26255201222024,0.03300150666259544,4.671432086551673,1.4072594961685,0.15702864367789598,1.034354293149777,0.3455062077734699,20.0
182,2,0.14097648115548694,0.9660436521901871,0.07012427778764509,21.687622158872646,0.08601068650049501,0.08601068650049501,0.005232199466904891,0.008318600830166483,0.14097648115548694,0.00804449808393503,2.8972759089145406,0.13854474390190794,84.6649948294118,51.41056780708881,52.26255201222024,0.03300150666259544,4.671432086551673,1.4072594961685,0.15702864367789598,1.034354293149777,0.3455062077734699,20.0
182,3,0.1420256378328398,0.9613638153512923,0.07064608688834156,21.687622158872646,0.08601129519628545,0.08601129519628545,0.005990283016117168,0.009475341271494173,0.1420256378328398,0.00804485755874782,2.8972759089145406,0.13854474390190794,84.6649948294118,51.41056780708881,52.26255201222024,0.03300150666259544,4.671432086551673,1.4072594961685,0.15702864367789598,1.034354293149777,0.3455062077734699,20.0
182,4,0.14202572459381888,0.9613625708266519,0.07064613002880753,21.687622158872646,0.08601129520226067,0.08601129520226067,0.00599043069390697,0.009475519567990242,0.14202572459381888,0.008044857563552754,2.8972759089145406,0.13854474390190794,84.6649948294118,51.41056780708881,52.26255201222024,0.03300150666259544,4.671432086551673,1.4072594961685,0.15702864367789598,1.034354293149777,0.3455062077734699,20.0
182,5,0.142025724594361,0.9613625708120831,0.07064613002907705,21.687622158872646,0.08601129520226068,0.08601129520226068,0.00599043069531225,0.009475519569452794,0.142025724594361,0.008044857563552764,2.8972759089145406,0.13854474390190794,84.6649948294118,51.41056780708881,52.26255201222024,0.03300150666259544,4.671432086551673,1.4072594961685,0.15702864367789598,1.034354293149777,0.3455062077734699,20.0
182,6,0.142025724594361,0.9613625708120831,0.07064613002907705,21.687622158872646,0.08601129520226068,0.08601129520226068,0.005990430695312251,0.009475519569452794,0.142025724594361,0.008044857563552764,2.8972759089145406,0.13854474390190794,84.6649948294118,51.41056780708881,52.26255201222024,0.03300150666259544,4.671432086551673,1.4072594961685,0.15702864367789598,1.034354293149777,0.3455062077734699,20.0
182,7,0.142025724594361,0.9613625708120831,0.07064613002907705,21.687622158872646,0.08601129520226068,0.08601129520226068,0.005990430695312251,0.009475519569452794,0.142025724594361,0.008044857563552764,2.8972759089145406,0.13854474390190794,84.6649948294118,51.41056780708881,52.26255201222024,0.03300150666259544,4.671432086551673,1.4072594961685,0.15702864367789598,1.034354293149777,0.3455062077734699,20.0
182,8,0.142025724594361,0.9613625708120831,0.07064613002907705,21.687622158872646,0.08601129520226068,0.08601129520226068,0.005990430695312251,0.009475519569452794,0.142025724594361,0.008044857563552764,2.8972759089145406,0.13854474390190794,84.6649948294118,51.41056780708881,52.26255201222024,0.03300150666259544,4.671432086551673,1.4072594961685,0.15702864367789598,1.034354293149777,0.3455062077734699,20.0
182,9,0.142025724594361,0.9613625708120831,0.07064613002907705,21.687622158872646,0.08601129520226068,0.08601129520226068,0.005990430695312251,0.009475519569452794,0.142025724594361,0.008044857563552764,2.8972759089145406,0.13854474390190794,84.6649948294118,51.41056780708881,52.26255201222024,0.03300150666259544,4.671432086551673,1.4072594961685,0.15702864367789598,1.034354293149777,0.3455062077734699,20.0
182,10,0.142025724594361,0.9613625708120831,0.07064613002907705,21.687622158872646,0.08601129520226068,0.08601129520226068,0.005990430695312251,0.009475519569452794,0.142025724594361,0.008044857563552764,2.8972759089145406,0.13854474390190794,84.6649948294118,51.41056780708881,52.26255201222024,0.03300150666259544,4.671432086551673,1.4072594961685,0.15702864367789598,1.034354293149777,0.3455062077734699,20.0
183,1,0.034620336743518915,0.22933170442082706,0.014837318705834332,6.960647945815446,0.1184624094444221,0.1184624094444221,0.1453773488755596,0.1192555349615901,0.034620336743518915,0.03886590633727062,4.762307634806831,0.797410745814571,147.90090450676985,71.55865904576459,54.56946733381059,0.1018011341961868,2.9072404257582165,0.21831552092361034,0.0475696728865503,0.8631078826596437,0.3183564647111141,20.0
183,2,0.03489896077675444,0.20285617771169884,0.014956707988858462,6.960647945815446,0.11846753251993128,0.11846753251993128,0.14745899068311896,0.12046779711814132,0.03489896077675444,0.0388686076151647,4.762307634806831,0.797410745814571,147.90090450676985,71.55865904576459,54.56946733381059,0.1018011341961868,2.9072404257582165,0.21831552092361034,0.0475696728865503,0.8631078826596437,0.3183564647111141,20.0
183,3,0.03489896319799386,0.20285535843536448,0.014956709026249083,6.960647945815446,0.11846753255448265,0.11846753255448265,0.1474590136541567,0.12046780884613939,0.03489896319799386,0.03886860763532532,4.762307634806831,0.797410745814571,147.90090450676985,71.55865904576459,54.56946733381059,0.1018011341961868,2.9072404257582165,0.21831552092361034,0.0475696728865503,0.8631078826596437,0.3183564647111141,20.0
183,4,0.0348989631980042,0.2028553584298813,0.014956709026253512,6.960647945815446,0.1184675325544828,0.1184675325544828,0.1474590136542645,0.12046780884619164,0.0348989631980042,0.038868607635325396,4.762307634806831,0.797410745814571,147.90090450676985,71.55865904576459,54.56946733381059,0.1018011341961868,2.9072404257582165,0.21831552092361034,0.0475696728865503,0.8631078826596437,0.3183564647111141,20.0
183,5,0.0348989631980042,0.2028553584298813,0.014956709026253512,6.960647945815446,0.1184675325544828,0.1184675325544828,0.1474590136542645,0.12046780884619164,0.0348989631980042,0.038868607635325396,4.762307634806831,0.797410745814571,147.90090450676985,71.55865904576459,54.56946733381059,0.1018011341961868,2.9072404257582165,0.21831552092361034,0.0475696728865503,0.8631078826596437,0.3183564647111141,20.0
183,6,0.0348989631980042,0.2028553584298813,0.014956709026253512,6.960647945815446,0.1184675325544828,0.1184675325544828,0.1474590136542645,0.12046780884619164,0.0348989631980042,0.038868607635325396,4.762307634806831,0.797410745814571,147.90090450676985,71.55865904576459,54.56946733381059,0.1018011341961868,2.9072404257582165,0.21831552092361034,0.0475696728865503,0.8631078826596437,0.3183564647111141,20.0
183,7,0.0348989631980042,0.2028553584298813,0.014956709026253512,6.960647945815446,0.1184675325544828,0.1184675325544828,0.1474590136542645,0.12046780884619164,0.0348989631980042,0.038868607635325396,4.762307634806831,0.797410745814571,147.90090450676985,71.55865904576459,54.56946733381059,0.1018011341961868,2.9072404257582165,0.21831552092361034,0.0475696728865503,0.8631078826596437,0.3183564647111141,20.0
183,8,0.0348989631980042,0.2028553584298813,0.014956709026253512,6.960647945815446,0.1184675325544828,0.1184675325544828,0.1474590136542645,0.12046780884619164,0.0348989631980042,0.038868607635325396,4.762307634806831,0.797410745814571,147.90090450676985,71.55865904576459,54.56946733381059,0.1018011341961868,2.9072404257582165,0.21831552092361034,0.0475696728865503,0.8631078826596437,0.3183564647111141,20.0
183,9,0.0348989631980042,0.2028553584298813,0.014956709026253512,6.960647945815446,0.1184675325544828,0.1184675325544828,0.1474590136542645,0.12046780884619164,0.0348989631980042,0.038868607635325396,4.762307634806831,0.797410745814571,147.90090450676985,71.55865904576459,54.56946733381059,0.1018011341961868,2.9072404257582165,0.21831552092361034,0.0475696728865503,0.8631078826596437,0.3183564647111141,20.0
183,10,0.0348989631980042,0.2028553584298813,0.014956709026253512,6.960647945815446,0.1184675325544828,0.1184675325544828,0.1474590136542645,0.12046780884619164,0.0348989631980042,0.038868607635325396,4.762307634806831,0.797410745814571,147.90090450676985,71.55865904576459,54.56946733381059,0.1018011341961868,2.9072404257582165,0.21831552092361034,0.0475696728865503,0.8631078826596437,0.3183564647111141,20.0
184,1,0.02154483311615984,0.9999999998323733,0.01766174452035819,14.014135134009637,0.030698776251793746,0.030698776251793746,9.436635474926243e-27,1.120355942627143e-19,0.02154483311615984,0.0007121998510148948,6.207864073585375,0.531537744668227,40.86048032582855,190.10276440226596,86.808421370006,0.031696057012030404,2.7067784506801975,0.7964830180782454,0.09256018014504586,1.8601706634326334,0.36142030653029406,20.0
184,2,0.03254332508677505,0.9970415931930549,0.02667793940932072,14.014135134009637,0.031192190433474525,0.031192190433474525,0.0006009327512656374,0.0008912952059717079,0.03254332508677505,0.0009600414994462135,6.207864073585375,0.531537744668227,40.86048032582855,190.10276440226596,86.808421370006,0.031696057012030404,2.7067784506801975,0.7964830180782454,0.09256018014504586,1.8601706634326334,0.36142030653029406,20.0
184,3,0.03266020864459746,0.9960363531304511,0.02677373532806232,14.014135134009637,0.03119219196793871,0.03119219196793871,0.0008075585894479076,0.001194258074270693,0.03266020864459746,0.000960042948280453,6.207864073585375,0.531537744668227,40.86048032582855,190.10276440226596,86.808421370006,0.031696057012030404,2.7067784506801975,0.7964830180782454,0.09256018014504586,1.8601706634326334,0.36142030653029406,20.0
184,4,0.03266020890615103,0.9960363477793986,0.0267737355423877,14.014135134009637,0.031192191967938876,0.031192191967938876,0.0008075595750025645,0.0011942592676334853,0.03266020890615103,0.0009600429482806611,6.207864073585375,0.531537744668227,40.86048032582855,190.10276440226596,86.808421370006,0.031696057012030404,2.7067784506801975,0.7964830180782454,0.09256018014504586,1.8601706634326334,0.36142030653029406,20.0
184,5,0.03266020890615106,0.9960363477793979,0.02677373554238772,14.014135134009637,0.031192191967938876,0.031192191967938876,0.0008075595750026899,0.0011942592676336215,0.03266020890615106,0.0009600429482806611,6.207864073585375,0.531537744668227,40.86048032582855,190.10276440226596,86.808421370006,0.031696057012030404,2.7067784506801975,0.7964830180782454,0.09256018014504586,1.8601706634326334,0.36142030653029406,20.0
184,6,0.03266020890615106,0.9960363477793979,0.02677373554238772,14.014135134009637,0.031192191967938876,0.031192191967938876,0.0008075595750026899,0.0011942592676336215,0.03266020890615106,0.0009600429482806611,6.207864073585375,0.531537744668227,40.86048032582855,190.10276440226596,86.808421370006,0.031696057012030404,2.7067784506801975,0.7964830180782454,0.09256018014504586,1.8601706634326334,0.36142030653029406,20.0
184,7,0.03266020890615106,0.9960363477793979,0.02677373554238772,14.014135134009637,0.031192191967938876,0.031192191967938876,0.0008075595750026899,0.0011942592676336215,0.03266020890615106,0.0009600429482806611,6.207864073585375,0.531537744668227,40.86048032582855,190.10276440226596,86.808421370006,0.031696057012030404,2.7067784506801975,0.7964830180782454,0.09256018014504586,1.8601706634326334,0.36142030653029406,20.0
184,8,0.03266020890615106,0.9960363477793979,0.02677373554238772,14.014135134009637,0.031192191967938876,0.031192191967938876,0.0008075595750026899,0.0011942592676336215,0.03266020890615106,0.0009600429482806611,6.207864073585375,0.531537744668227,40.86048032582855,190.10276440226596,86.808421370006,0.031696057012030404,2.7067784506801975,0.7964830180782454,0.09256018014504586,1.8601706634326334,0.36142030653029406,20.0
184,9,0.03266020890615106,0.9960363477793979,0.02677373554238772,14.014135134009637,0.031192191967938876,0.031192191967938876,0.0008075595750026899,0.0011942592676336215,0.03266020890615106,0.0009600429482806611,6.207864073585375,0.531537744668227,40.86048032582855,190.10276440226596,86.808421370006,0.031696057012030404,2.7067784506801975,0.7964830180782454,0.09256018014504586,1.8601706634326334,0.36142030653029406,20.0
184,10,0.03266020890615106,0.9960363477793979,0.02677373554238772,14.014135134009637,0.031192191967938876,0.031192191967938876,0.0008075595750026899,0.0011942592676336215,0.03266020890615106,0.0009600429482806611,6.207864073585375,0.531537744668227,40.86048032582855,190.10276440226596,86.808421370006,0.031696057012030404,2.7067784506801975,0.7964830180782454,0.09256018014504586,1.8601706634326334,0.36142030653029406,20.0
185,1,0.07372756968485386,0.758680352571336,0.035148142428083985,7.929219785123008,0.3006117968671785,0.3006117968671785,0.07471266957652767,0.10850445973945368,0.07372756968485386,0.010660124433488946,5.742752007026948,0.7930311727820477,72.57601134573451,53.05856249473234,31.42260286323919,0.0732432906687451,3.061871160458785,0.7401025389964992,0.04871693745468514,0.5939991667465294,0.4470501778556788,20.0
185,2,0.08221857757824959,0.6393880839658816,0.039195039438647494,7.929219785123008,0.30270774469779005,0.30270774469779005,0.10251001417262898,0.1285879085254273,0.08221857757824959,0.01103345256466961,5.742752007026948,0.7930311727820477,72.57601134573451,53.05856249473234,31.42260286323919,0.0732432906687451,3.061871160458785,0.7401025389964992,0.04871693745468514,0.5939991667465294,0.4470501778556788,20.0
185,3,0.08223684743008883,0.6384575708463648,0.03920374549886187,7.929219785123008,0.30271072659701853,0.30271072659701853,0.10260755830937256,0.1286424398602478,0.08223684743008883,0.011034127842179813,5.742752007026948,0.7930311727820477,72.57601134573451,53.05856249473234,31.42260286323919,0.0732432906687451,3.061871160458785,0.7401025389964992,0.04871693745468514,0.5939991667465294,0.4470501778556788,20.0
185,4,0.08223686545843867,0.6384561735653919,0.03920375408926248,7.929219785123008,0.3027107290561314,0.3027107290561314,0.10260767043173921,0.12864249791101956,0.08223686545843867,0.01103412846576068,5.742752007026948,0.7930311727820477,72.57601134573451,53.05856249473234,31.42260286323919,0.0732432906687451,3.061871160458785,0.7401025389964992,0.04871693745468514,0.5939991667465294,0.4470501778556788,20.0
185,5,0.08223686547048942,0.6384561723864705,0.03920375409500436,7.929219785123008,0.3027107290576087,0.3027107290576087,0.10260767051329232,0.128642497951452,0.08223686547048942,0.011034128466162078,5.742752007026948,0.7930311727820477,72.57601134573451,53.05856249473234,31.42260286323919,0.0732432906687451,3.061871160458785,0.7401025389964992,0.04871693745468514,0.5939991667465294,0.4470501778556788,20.0
185,6,0.0822368654704957,0.6384561723857533,0.03920375409500735,7.929219785123008,0.3027107290576094,0.3027107290576094,0.10260767051333726,0.12864249795147367,0.0822368654704957,0.011034128466162285,5.742752007026948,0.7930311727820477,72.57601134573451,53.05856249473234,31.42260286323919,0.0732432906687451,3.061871160458785,0.7401025389964992,0.04871693745468514,0.5939991667465294,0.4470501778556788,20.0
185,7,0.08223686547049572,0.6384561723857528,0.03920375409500735,7.929219785123008,0.3027107290576094,0.3027107290576094,0.1026076705133373,0.12864249795147367,0.08223686547049572,0.011034128466162285,5.742752007026948,0.7930311727820477,72.57601134573451,53.05856249473234,31.42260286323919,0.0732432906687451,3.061871160458785,0.7401025389964992,0.04871693745468514,0.5939991667465294,0.4470501778556788,20.0
185,8,0.08223686547049572,0.6384561723857528,0.03920375409500735,7.929219785123008,0.3027107290576094,0.3027107290576094,0.1026076705133373,0.12864249795147367,0.08223686547049572,0.011034128466162285,5.742752007026948,0.7930311727820477,72.57601134573451,53.05856249473234,31.42260286323919,0.0732432906687451,3.061871160458785,0.7401025389964992,0.04871693745468514,0.5939991667465294,0.4470501778556788,20.0
185,9,0.08223686547049572,0.6384561723857528,0.03920375409500735,7.929219785123008,0.3027107290576094,0.3027107290576094,0.1026076705133373,0.12864249795147367,0.08223686547049572,0.011034128466162285,5.742752007026948,0.7930311727820477,72.57601134573451,53.05856249473234,31.42260286323919,0.0732432906687451,3.061871160458785,0.7401025389964992,0.04871693745468514,0.5939991667465294,0.4470501778556788,20.0
185,10,0.08223686547049572,0.6384561723857528,0.03920375409500735,7.929219785123008,0.3027107290576094,0.3027107290576094,0.1026076705133373,0.12864249795147367,0.08223686547049572,0.011034128466162285,5.742752007026948,0.7930311727820477,72.57601134573451,53.05856249473234,31.42260286323919,0.0732432906687451,3.061871160458785,0.7401025389964992,0.04871693745468514,0.5939991667465294,0.4470501778556788,20.0
186,1,0.0672057182757856,0.31599798027325593,0.022838128468515306,7.772952881444412,0.23686950842082782,0.23686950842082782,0.14898075678380235,0.18351211584191274,0.0672057182757856,0.0021401100243308283,4.687936097541712,0.6746131061920586,155.67931013787944,74.19772664908213,16.38041156200692,0.10915432347431267,3.1789987516521396,0.5210816475636311,0.10634159988513538,1.206656322410487,0.49804136034479746,20.0
186,2,0.0672397829023519,0.2736690974776471,0.022849693330397082,7.772952881444412,0.2368695426054535,0.2368695426054535,0.14967772493395368,0.1837237652499031,0.0672397829023519,0.002140128005010016,4.687936097541712,0.6746131061920586,155.67931013787944,74.19772664908213,16.38041156200692,0.10915432347431267,3.1789987516521396,0.5210816475636311,0.10634159988513538,1.206656322410487,0.49804136034479746,20.0
186,3,0.06723978290237886,0.27366909294042624,0.02284969333040623,7.772952881444412,0.2368695426054535,0.2368695426054535,0.1496777249348905,0.18372376525010362,0.06723978290237886,0.002140128005010024,4.687936097541712,0.6746131061920586,155.67931013787944,74.19772664908213,16.38041156200692,0.10915432347431267,3.1789987516521396,0.5210816475636311,0.10634159988513538,1.206656322410487,0.49804136034479746,20.0
186,4,0.06723978290237886,0.27366909294042624,0.02284969333040623,7.772952881444412,0.2368695426054535,0.2368695426054535,0.1496777249348905,0.18372376525010362,0.06723978290237886,0.002140128005010024,4.687936097541712,0.6746131061920586,155.67931013787944,74.19772664908213,16.38041156200692,0.10915432347431267,3.1789987516521396,0.5210816475636311,0.10634159988513538,1.206656322410487,0.49804136034479746,20.0
186,5,0.06723978290237886,0.27366909294042624,0.02284969333040623,7.772952881444412,0.2368695426054535,0.2368695426054535,0.1496777249348905,0.18372376525010362,0.06723978290237886,0.002140128005010024,4.687936097541712,0.6746131061920586,155.67931013787944,74.19772664908213,16.38041156200692,0.10915432347431267,3.1789987516521396,0.5210816475636311,0.10634159988513538,1.206656322410487,0.49804136034479746,20.0
186,6,0.06723978290237886,0.27366909294042624,0.02284969333040623,7.772952881444412,0.2368695426054535,0.2368695426054535,0.1496777249348905,0.18372376525010362,0.06723978290237886,0.002140128005010024,4.687936097541712,0.6746131061920586,155.67931013787944,74.19772664908213,16.38041156200692,0.10915432347431267,3.1789987516521396,0.5210816475636311,0.10634159988513538,1.206656322410487,0.49804136034479746,20.0
186,7,0.06723978290237886,0.27366909294042624,0.02284969333040623,7.772952881444412,0.2368695426054535,0.2368695426054535,0.1496777249348905,0.18372376525010362,0.06723978290237886,0.002140128005010024,4.687936097541712,0.6746131061920586,155.67931013787944,74.19772664908213,16.38041156200692,0.10915432347431267,3.1789987516521396,0.5210816475636311,0.10634159988513538,1.206656322410487,0.49804136034479746,20.0
186,8,0.06723978290237886,0.27366909294042624,0.02284969333040623,7.772952881444412,0.2368695426054535,0.2368695426054535,0.1496777249348905,0.18372376525010362,0.06723978290237886,0.002140128005010024,4.687936097541712,0.6746131061920586,155.67931013787944,74.19772664908213,16.38041156200692,0.10915432347431267,3.1789987516521396,0.5210816475636311,0.10634159988513538,1.206656322410487,0.49804136034479746,20.0
186,9,0.06723978290237886,0.27366909294042624,0.02284969333040623,7.772952881444412,0.2368695426054535,0.2368695426054535,0.1496777249348905,0.18372376525010362,0.06723978290237886,0.002140128005010024,4.687936097541712,0.6746131061920586,155.67931013787944,74.19772664908213,16.38041156200692,0.10915432347431267,3.1789987516521396,0.5210816475636311,0.10634159988513538,1.206656322410487,0.49804136034479746,20.0
186,10,0.06723978290237886,0.27366909294042624,0.02284969333040623,7.772952881444412,0.2368695426054535,0.2368695426054535,0.1496777249348905,0.18372376525010362,0.06723978290237886,0.002140128005010024,4.687936097541712,0.6746131061920586,155.67931013787944,74.19772664908213,16.38041156200692,0.10915432347431267,3.1789987516521396,0.5210816475636311,0.10634159988513538,1.206656322410487,0.49804136034479746,20.0
187,1,0.04617006804255313,0.9992687373781906,0.0326002873012839,7.828264450383067,0.12923092971562822,0.12923092971562822,0.0007891744503288168,0.020619727307210425,0.04617006804255313,9.560189404470665e-06,5.994035092786812,0.9650142486117178,61.40596231376041,127.64673141475619,68.09070398007972,0.06154809807066364,3.1973039202879865,0.49491473419017484,0.09825865570003471,1.2164518489413036,0.4816255235488373,20.0
187,2,0.05952578311061219,0.9956275765768434,0.04202846624099951,7.828264450383067,0.1292318566219708,0.1292318566219708,0.004457693052296876,0.05031434092466324,0.05952578311061219,1.0086986247016177e-05,5.994035092786812,0.9650142486117178,61.40596231376041,127.64673141475619,68.09070398007972,0.06154809807066364,3.1973039202879865,0.49491473419017484,0.09825865570003471,1.2164518489413036,0.4816255235488373,20.0
187,3,0.05952578973421222,0.9956262256305918,0.04202847091228637,7.828264450383067,0.12923185662197995,0.12923185662197995,0.004457793377787516,0.050314404972032406,0.05952578973421222,1.0086986254219299e-05,5.994035092786812,0.9650142486117178,61.40596231376041,127.64673141475619,68.09070398007972,0.06154809807066364,3.1973039202879865,0.49491473419017484,0.09825865570003471,1.2164518489413036,0.4816255235488373,20.0
187,4,0.05952578973421225,0.9956262256305772,0.042028470912286384,7.828264450383067,0.12923185662197995,0.12923185662197995,0.004457793377788194,0.05031440497203273,0.05952578973421225,1.0086986254219299e-05,5.994035092786812,0.9650142486117178,61.40596231376041,127.64673141475619,68.09070398007972,0.06154809807066364,3.1973039202879865,0.49491473419017484,0.09825865570003471,1.2164518489413036,0.4816255235488373,20.0
187,5,0.05952578973421225,0.9956262256305772,0.042028470912286384,7.828264450383067,0.12923185662197995,0.12923185662197995,0.004457793377788194,0.05031440497203273,0.05952578973421225,1.0086986254219299e-05,5.994035092786812,0.9650142486117178,61.40596231376041,127.64673141475619,68.09070398007972,0.06154809807066364,3.1973039202879865,0.49491473419017484,0.09825865570003471,1.2164518489413036,0.4816255235488373,20.0
187,6,0.05952578973421225,0.9956262256305772,0.042028470912286384,7.828264450383067,0.12923185662197995,0.12923185662197995,0.004457793377788194,0.05031440497203273,0.05952578973421225,1.0086986254219299e-05,5.994035092786812,0.9650142486117178,61.40596231376041,127.64673141475619,68.09070398007972,0.06154809807066364,3.1973039202879865,0.49491473419017484,0.09825865570003471,1.2164518489413036,0.4816255235488373,20.0
187,7,0.05952578973421225,0.9956262256305772,0.042028470912286384,7.828264450383067,0.12923185662197995,0.12923185662197995,0.004457793377788194,0.05031440497203273,0.05952578973421225,1.0086986254219299e-05,5.994035092786812,0.9650142486117178,61.40596231376041,127.64673141475619,68.09070398007972,0.06154809807066364,3.1973039202879865,0.49491473419017484,0.09825865570003471,1.2164518489413036,0.4816255235488373,20.0
187,8,0.05952578973421225,0.9956262256305772,0.042028470912286384,7.828264450383067,0.12923185662197995,0.12923185662197995,0.004457793377788194,0.05031440497203273,0.05952578973421225,1.0086986254219299e-05,5.994035092786812,0.9650142486117178,61.40596231376041,127.64673141475619,68.09070398007972,0.06154809807066364,3.1973039202879865,0.49491473419017484,0.09825865570003471,1.2164518489413036,0.4816255235488373,20.0
187,9,0.05952578973421225,0.9956262256305772,0.042028470912286384,7.828264450383067,0.12923185662197995,0.12923185662197995,0.004457793377788194,0.05031440497203273,0.05952578973421225,1.0086986254219299e-05,5.994035092786812,0.9650142486117178,61.40596231376041,127.64673141475619,68.09070398007972,0.06154809807066364,3.1973039202879865,0.49491473419017484,0.09825865570003471,1.2164518489413036,0.4816255235488373,20.0
187,10,0.05952578973421225,0.9956262256305772,0.042028470912286384,7.828264450383067,0.12923185662197995,0.12923185662197995,0.004457793377788194,0.05031440497203273,0.05952578973421225,1.0086986254219299e-05,5.994035092786812,0.9650142486117178,61.40596231376041,127.64673141475619,68.09070398007972,0.06154809807066364,3.1973039202879865,0.49491473419017484,0.09825865570003471,1.2164518489413036,0.4816255235488373,20.0
188,1,0.010248877064678733,0.21647193799878764,0.006928788028752534,5.027442924532816,0.24459987430099872,0.24459987430099872,0.1479752155658043,0.12003114331451405,0.010248877064678733,0.02941397052077687,2.098164149831654,0.7437160215641057,102.91349610449227,183.78804381119045,73.6745115489781,0.13345652790495058,3.5552714121571967,0.5719739167165323,0.11764255482550917,0.7900592805268538,0.364334792310576,20.0
188,2,0.010268483315493213,0.1764940717224882,0.006942033201364554,5.027442924532816,0.24459987430100277,0.24459987430100277,0.14945712317981805,0.12040829324595902,0.010268483315493213,0.02941397052077996,2.098164149831654,0.7437160215641057,102.91349610449227,183.78804381119045,73.6745115489781,0.13345652790495058,3.5552714121571967,0.5719739167165323,0.11764255482550917,0.7900592805268538,0.364334792310576,20.0
188,3,0.010268483315493213,0.17649407172248774,0.006942033201364554,5.027442924532816,0.24459987430100277,0.24459987430100277,0.14945712317981805,0.12040829324595902,0.010268483315493213,0.02941397052077996,2.098164149831654,0.7437160215641057,102.91349610449227,183.78804381119045,73.6745115489781,0.13345652790495058,3.5552714121571967,0.5719739167165323,0.11764255482550917,0.7900592805268538,0.364334792310576,20.0
188,4,0.010268483315493213,0.17649407172248774,0.006942033201364554,5.027442924532816,0.24459987430100277,0.24459987430100277,0.14945712317981805,0.12040829324595902,0.010268483315493213,0.02941397052077996,2.098164149831654,0.7437160215641057,102.91349610449227,183.78804381119045,73.6745115489781,0.13345652790495058,3.5552714121571967,0.5719739167165323,0.11764255482550917,0.7900592805268538,0.364334792310576,20.0
188,5,0.010268483315493213,0.17649407172248774,0.006942033201364554,5.027442924532816,0.24459987430100277,0.24459987430100277,0.14945712317981805,0.12040829324595902,0.010268483315493213,0.02941397052077996,2.098164149831654,0.7437160215641057,102.91349610449227,183.78804381119045,73.6745115489781,0.13345652790495058,3.5552714121571967,0.5719739167165323,0.11764255482550917,0.7900592805268538,0.364334792310576,20.0
188,6,0.010268483315493213,0.17649407172248774,0.006942033201364554,5.027442924532816,0.24459987430100277,0.24459987430100277,0.14945712317981805,0.12040829324595902,0.010268483315493213,0.02941397052077996,2.098164149831654,0.7437160215641057,102.91349610449227,183.78804381119045,73.6745115489781,0.13345652790495058,3.5552714121571967,0.5719739167165323,0.11764255482550917,0.7900592805268538,0.364334792310576,20.0
188,7,0.010268483315493213,0.17649407172248774,0.006942033201364554,5.027442924532816,0.24459987430100277,0.24459987430100277,0.14945712317981805,0.12040829324595902,0.010268483315493213,0.02941397052077996,2.098164149831654,0.7437160215641057,102.91349610449227,183.78804381119045,73.6745115489781,0.13345652790495058,3.5552714121571967,0.5719739167165323,0.11764255482550917,0.7900592805268538,0.364334792310576,20.0
188,8,0.010268483315493213,0.17649407172248774,0.006942033201364554,5.027442924532816,0.24459987430100277,0.24459987430100277,0.14945712317981805,0.12040829324595902,0.010268483315493213,0.02941397052077996,2.098164149831654,0.7437160215641057,102.91349610449227,183.78804381119045,73.6745115489781,0.13345652790495058,3.5552714121571967,0.5719739167165323,0.11764255482550917,0.7900592805268538,0.364334792310576,20.0
188,9,0.010268483315493213,0.17649407172248774,0.006942033201364554,5.027442924532816,0.24459987430100277,0.24459987430100277,0.14945712317981805,0.12040829324595902,0.010268483315493213,0.02941397052077996,2.098164149831654,0.7437160215641057,102.91349610449227,183.78804381119045,73.6745115489781,0.13345652790495058,3.5552714121571967,0.5719739167165323,0.11764255482550917,0.7900592805268538,0.364334792310576,20.0
188,10,0.010268483315493213,0.17649407172248774,0.006942033201364554,5.027442924532816,0.24459987430100277,0.24459987430100277,0.14945712317981805,0.12040829324595902,0.010268483315493213,0.02941397052077996,2.098164149831654,0.7437160215641057,102.91349610449227,183.78804381119045,73.6745115489781,0.13345652790495058,3.5552714121571967,0.5719739167165323,0.11764255482550917,0.7900592805268538,0.364334792310576,20.0
189,1,0.24334363292354147,0.999993585112074,0.0781236293501826,6.9426026786547945,0.08891239192063508,0.08891239192063508,1.4590953946580868e-05,0.0005366392726324867,0.24334363292354147,0.03606080303374411,2.761995952298144,0.45729464957373883,189.2691317098612,81.49941848353039,17.54957187691074,0.03907916012669605,2.0111526511692808,1.1992844775879525,0.18101584539193855,1.51477251034181,0.3499863001989988,20.0
189,2,0.27516564788505704,0.8964177576534236,0.08834098794166975,6.9426026786547945,0.08899182461376838,0.08899182461376838,0.004798797905723476,0.006828075376442117,0.27516564788505704,0.03620242286406059,2.761995952298144,0.45729464957373883,189.2691317098612,81.49941848353039,17.54957187691074,0.03907916012669605,2.0111526511692808,1.1992844775879525,0.18101584539193855,1.51477251034181,0.3499863001989988,20.0
189,3,0.2751658251970322,0.8962534598595971,0.08834104481124833,6.9426026786547945,0.08899182461559652,0.08899182461559652,0.004799945045724085,0.006828844209996498,0.2751658251970322,0.036202422869638436,2.761995952298144,0.45729464957373883,189.2691317098612,81.49941848353039,17.54957187691074,0.03907916012669605,2.0111526511692808,1.1992844775879525,0.18101584539193855,1.51477251034181,0.3499863001989988,20.0
189,4,0.2751658251970323,0.8962534598558248,0.08834104481124838,6.9426026786547945,0.08899182461559652,0.08899182461559652,0.004799945045725871,0.006828844209997253,0.2751658251970323,0.036202422869638436,2.761995952298144,0.45729464957373883,189.2691317098612,81.49941848353039,17.54957187691074,0.03907916012669605,2.0111526511692808,1.1992844775879525,0.18101584539193855,1.51477251034181,0.3499863001989988,20.0
189,5,0.2751658251970323,0.8962534598558248,0.08834104481124838,6.9426026786547945,0.08899182461559652,0.08899182461559652,0.004799945045725871,0.006828844209997253,0.2751658251970323,0.036202422869638436,2.761995952298144,0.45729464957373883,189.2691317098612,81.49941848353039,17.54957187691074,0.03907916012669605,2.0111526511692808,1.1992844775879525,0.18101584539193855,1.51477251034181,0.3499863001989988,20.0
189,6,0.2751658251970323,0.8962534598558248,0.08834104481124838,6.9426026786547945,0.08899182461559652,0.08899182461559652,0.004799945045725871,0.006828844209997253,0.2751658251970323,0.036202422869638436,2.761995952298144,0.45729464957373883,189.2691317098612,81.49941848353039,17.54957187691074,0.03907916012669605,2.0111526511692808,1.1992844775879525,0.18101584539193855,1.51477251034181,0.3499863001989988,20.0
189,7,0.2751658251970323,0.8962534598558248,0.08834104481124838,6.9426026786547945,0.08899182461559652,0.08899182461559652,0.004799945045725871,0.006828844209997253,0.2751658251970323,0.036202422869638436,2.761995952298144,0.45729464957373883,189.2691317098612,81.49941848353039,17.54957187691074,0.03907916012669605,2.0111526511692808,1.1992844775879525,0.18101584539193855,1.51477251034181,0.3499863001989988,20.0
189,8,0.2751658251970323,0.8962534598558248,0.08834104481124838,6.9426026786547945,0.08899182461559652,0.08899182461559652,0.004799945045725871,0.006828844209997253,0.2751658251970323,0.036202422869638436,2.761995952298144,0.45729464957373883,189.2691317098612,81.49941848353039,17.54957187691074,0.03907916012669605,2.0111526511692808,1.1992844775879525,0.18101584539193855,1.51477251034181,0.3499863001989988,20.0
189,9,0.2751658251970323,0.8962534598558248,0.08834104481124838,6.9426026786547945,0.08899182461559652,0.08899182461559652,0.004799945045725871,0.006828844209997253,0.2751658251970323,0.036202422869638436,2.761995952298144,0.45729464957373883,189.2691317098612,81.49941848353039,17.54957187691074,0.03907916012669605,2.0111526511692808,1.1992844775879525,0.18101584539193855,1.51477251034181,0.3499863001989988,20.0
189,10,0.2751658251970323,0.8962534598558248,0.08834104481124838,6.9426026786547945,0.08899182461559652,0.08899182461559652,0.004799945045725871,0.006828844209997253,0.2751658251970323,0.036202422869638436,2.761995952298144,0.45729464957373883,189.2691317098612,81.49941848353039,17.54957187691074,0.03907916012669605,2.0111526511692808,1.1992844775879525,0.18101584539193855,1.51477251034181,0.3499863001989988,20.0
190,1,0.14936758330102204,0.9999999999577963,0.06478670054516024,16.07316314748454,0.15769099279235116,0.15769099279235116,7.044265806295165e-17,3.805109421745338e-13,0.14936758330102204,0.010008854208450641,7.4279857367989734,0.5106426555703871,187.07446723471432,146.70510582880215,11.952831458226903,0.0669795158460472,4.099531255652294,1.1605211809343556,0.08612454696202727,1.7628924889410484,0.35006033379881774,20.0
190,2,0.18183013193600356,0.9477569781661809,0.07886732022249798,16.07316314748454,0.1607366732077172,0.1607366732077172,0.00707170508579049,0.011850341949207826,0.18183013193600356,0.010508566716663007,7.4279857367989734,0.5106426555703871,187.07446723471432,146.70510582880215,11.952831458226903,0.0669795158460472,4.099531255652294,1.1605211809343556,0.08612454696202727,1.7628924889410484,0.35006033379881774,20.0
190,3,0.18219556554717628,0.9457011250813662,0.07902580888914883,16.07316314748454,0.1607376884876997,0.1607376884876997,0.007337480848467526,0.012268259347067531,0.18219556554717628,0.01050889728160284,7.4279857367989734,0.5106426555703871,187.07446723471432,146.70510582880215,11.952831458226903,0.0669795158460472,4.099531255652294,1.1605211809343556,0.08612454696202727,1.7628924889410484,0.35006033379881774,20.0
190,4,0.18219562136037026,0.9457000894097344,0.07902583309152231,16.07316314748454,0.16073768851876474,0.16073768851876474,0.00733756654430965,0.012268374165393657,0.18219562136037026,0.01050889729550438,7.4279857367989734,0.5106426555703871,187.07446723471432,146.70510582880215,11.952831458226903,0.0669795158460472,4.099531255652294,1.1605211809343556,0.08612454696202727,1.7628924889410484,0.35006033379881774,20.0
190,5,0.1821956213613239,0.945700089373588,0.0790258330919358,16.07316314748454,0.16073768851876497,0.16073768851876497,0.007337566546455624,0.012268374167972355,0.1821956213613239,0.010508897295504502,7.4279857367989734,0.5106426555703871,187.07446723471432,146.70510582880215,11.952831458226903,0.0669795158460472,4.099531255652294,1.1605211809343556,0.08612454696202727,1.7628924889410484,0.35006033379881774,20.0
190,6,0.1821956213613239,0.9457000893735877,0.0790258330919358,16.07316314748454,0.16073768851876497,0.16073768851876497,0.007337566546455634,0.012268374167972365,0.1821956213613239,0.010508897295504502,7.4279857367989734,0.5106426555703871,187.07446723471432,146.70510582880215,11.952831458226903,0.0669795158460472,4.099531255652294,1.1605211809343556,0.08612454696202727,1.7628924889410484,0.35006033379881774,20.0
190,7,0.1821956213613239,0.9457000893735877,0.0790258330919358,16.07316314748454,0.16073768851876497,0.16073768851876497,0.007337566546455634,0.012268374167972365,0.1821956213613239,0.010508897295504502,7.4279857367989734,0.5106426555703871,187.07446723471432,146.70510582880215,11.952831458226903,0.0669795158460472,4.099531255652294,1.1605211809343556,0.08612454696202727,1.7628924889410484,0.35006033379881774,20.0
190,8,0.1821956213613239,0.9457000893735877,0.0790258330919358,16.07316314748454,0.16073768851876497,0.16073768851876497,0.007337566546455634,0.012268374167972365,0.1821956213613239,0.010508897295504502,7.4279857367989734,0.5106426555703871,187.07446723471432,146.70510582880215,11.952831458226903,0.0669795158460472,4.099531255652294,1.1605211809343556,0.08612454696202727,1.7628924889410484,0.35006033379881774,20.0
190,9,0.1821956213613239,0.9457000893735877,0.0790258330919358,16.07316314748454,0.16073768851876497,0.16073768851876497,0.007337566546455634,0.012268374167972365,0.1821956213613239,0.010508897295504502,7.4279857367989734,0.5106426555703871,187.07446723471432,146.70510582880215,11.952831458226903,0.0669795158460472,4.099531255652294,1.1605211809343556,0.08612454696202727,1.7628924889410484,0.35006033379881774,20.0
190,10,0.1821956213613239,0.9457000893735877,0.0790258330919358,16.07316314748454,0.16073768851876497,0.16073768851876497,0.007337566546455634,0.012268374167972365,0.1821956213613239,0.010508897295504502,7.4279857367989734,0.5106426555703871,187.07446723471432,146.70510582880215,11.952831458226903,0.0669795158460472,4.099531255652294,1.1605211809343556,0.08612454696202727,1.7628924889410484,0.35006033379881774,20.0
191,1,0.0755228915825307,0.48033916431005386,0.03097085747441247,10.425513544727856,0.3245703045112241,0.3245703045112241,0.1489994782986332,0.22406307663204336,0.0755228915825307,6.243292425237372e-06,3.2939136535633966,0.35793397039072283,170.19490620332442,112.2334918741163,20.12103475443857,0.11343441936062082,4.500714612482809,1.1321823425577842,0.15097824870640766,0.8471352909881698,0.443569214055821,20.0
191,2,0.0755365037713228,0.42001849407794223,0.030976430144754593,10.425513544727856,0.3245703045192577,0.3245703045192577,0.14975591392837911,0.22422441028756004,0.0755365037713228,6.243295942214446e-06,3.2939136535633966,0.35793397039072283,170.19490620332442,112.2334918741163,20.12103475443857,0.11343441936062082,4.500714612482809,1.1321823425577842,0.15097824870640766,0.8471352909881698,0.443569214055821,20.0
191,3,0.0755365037713228,0.42001849407670877,0.030976430144754593,10.425513544727856,0.3245703045192577,0.3245703045192577,0.14975591392837911,0.22422441028756004,0.0755365037713228,6.243295942214446e-06,3.2939136535633966,0.35793397039072283,170.19490620332442,112.2334918741163,20.12103475443857,0.11343441936062082,4.500714612482809,1.1321823425577842,0.15097824870640766,0.8471352909881698,0.443569214055821,20.0
191,4,0.0755365037713228,0.42001849407670877,0.030976430144754593,10.425513544727856,0.3245703045192577,0.3245703045192577,0.14975591392837911,0.22422441028756004,0.0755365037713228,6.243295942214446e-06,3.2939136535633966,0.35793397039072283,170.19490620332442,112.2334918741163,20.12103475443857,0.11343441936062082,4.500714612482809,1.1321823425577842,0.15097824870640766,0.8471352909881698,0.443569214055821,20.0
191,5,0.0755365037713228,0.42001849407670877,0.030976430144754593,10.425513544727856,0.3245703045192577,0.3245703045192577,0.14975591392837911,0.22422441028756004,0.0755365037713228,6.243295942214446e-06,3.2939136535633966,0.35793397039072283,170.19490620332442,112.2334918741163,20.12103475443857,0.11343441936062082,4.500714612482809,1.1321823425577842,0.15097824870640766,0.8471352909881698,0.443569214055821,20.0
191,6,0.0755365037713228,0.42001849407670877,0.030976430144754593,10.425513544727856,0.3245703045192577,0.3245703045192577,0.14975591392837911,0.22422441028756004,0.0755365037713228,6.243295942214446e-06,3.2939136535633966,0.35793397039072283,170.19490620332442,112.2334918741163,20.12103475443857,0.11343441936062082,4.500714612482809,1.1321823425577842,0.15097824870640766,0.8471352909881698,0.443569214055821,20.0
191,7,0.0755365037713228,0.42001849407670877,0.030976430144754593,10.425513544727856,0.3245703045192577,0.3245703045192577,0.14975591392837911,0.22422441028756004,0.0755365037713228,6.243295942214446e-06,3.2939136535633966,0.35793397039072283,170.19490620332442,112.2334918741163,20.12103475443857,0.11343441936062082,4.500714612482809,1.1321823425577842,0.15097824870640766,0.8471352909881698,0.443569214055821,20.0
191,8,0.0755365037713228,0.42001849407670877,0.030976430144754593,10.425513544727856,0.3245703045192577,0.3245703045192577,0.14975591392837911,0.22422441028756004,0.0755365037713228,6.243295942214446e-06,3.2939136535633966,0.35793397039072283,170.19490620332442,112.2334918741163,20.12103475443857,0.11343441936062082,4.500714612482809,1.1321823425577842,0.15097824870640766,0.8471352909881698,0.443569214055821,20.0
191,9,0.0755365037713228,0.42001849407670877,0.030976430144754593,10.425513544727856,0.3245703045192577,0.3245703045192577,0.14975591392837911,0.22422441028756004,0.0755365037713228,6.243295942214446e-06,3.2939136535633966,0.35793397039072283,170.19490620332442,112.2334918741163,20.12103475443857,0.11343441936062082,4.500714612482809,1.1321823425577842,0.15097824870640766,0.8471352909881698,0.443569214055821,20.0
191,10,0.0755365037713228,0.42001849407670877,0.030976430144754593,10.425513544727856,0.3245703045192577,0.3245703045192577,0.14975591392837911,0.22422441028756004,0.0755365037713228,6.243295942214446e-06,3.2939136535633966,0.35793397039072283,170.19490620332442,112.2334918741163,20.12103475443857,0.11343441936062082,4.500714612482809,1.1321823425577842,0.15097824870640766,0.8471352909881698,0.443569214055821,20.0
192,1,0.05786106560172617,0.9976653488571977,0.039113322445305215,10.646304422888074,0.1377380685763903,0.1377380685763903,0.004405040967364818,0.10443361384861923,0.05786106560172617,9.8976877333405e-10,5.8964170064773125,0.7194418911670047,119.44842196160326,198.98512564071234,92.12642034974893,0.04288277955664816,2.1891763599701046,1.142158826807102,0.12920596986478658,0.565564131384019,0.3755373847410681,20.0
192,2,0.062437146820393065,0.9831697661051216,0.042203113787506276,10.646304422888074,0.13773806857674945,0.13773806857674945,0.02871555131833396,0.17339206399751533,0.062437146820393065,9.900013962246436e-10,5.8964170064773125,0.7194418911670047,119.44842196160326,198.98512564071234,92.12642034974893,0.04288277955664816,2.1891763599701046,1.142158826807102,0.12920596986478658,0.565564131384019,0.3755373847410681,20.0
192,3,0.06243714682039314,0.9831697661047386,0.042203113787506324,10.646304422888074,0.13773806857674945,0.13773806857674945,0.02871555131833978,0.1733920639975173,0.06243714682039314,9.900013962246436e-10,5.8964170064773125,0.7194418911670047,119.44842196160326,198.98512564071234,92.12642034974893,0.04288277955664816,2.1891763599701046,1.142158826807102,0.12920596986478658,0.565564131384019,0.3755373847410681,20.0
192,4,0.06243714682039314,0.9831697661047386,0.042203113787506324,10.646304422888074,0.13773806857674945,0.13773806857674945,0.02871555131833978,0.1733920639975173,0.06243714682039314,9.900013962246436e-10,5.8964170064773125,0.7194418911670047,119.44842196160326,198.98512564071234,92.12642034974893,0.04288277955664816,2.1891763599701046,1.142158826807102,0.12920596986478658,0.565564131384019,0.3755373847410681,20.0
192,5,0.06243714682039314,0.9831697661047386,0.042203113787506324,10.646304422888074,0.13773806857674945,0.13773806857674945,0.02871555131833978,0.1733920639975173,0.06243714682039314,9.900013962246436e-10,5.8964170064773125,0.7194418911670047,119.44842196160326,198.98512564071234,92.12642034974893,0.04288277955664816,2.1891763599701046,1.142158826807102,0.12920596986478658,0.565564131384019,0.3755373847410681,20.0
192,6,0.06243714682039314,0.9831697661047386,0.042203113787506324,10.646304422888074,0.13773806857674945,0.13773806857674945,0.02871555131833978,0.1733920639975173,0.06243714682039314,9.900013962246436e-10,5.8964170064773125,0.7194418911670047,119.44842196160326,198.98512564071234,92.12642034974893,0.04288277955664816,2.1891763599701046,1.142158826807102,0.12920596986478658,0.565564131384019,0.3755373847410681,20.0
192,7,0.06243714682039314,0.9831697661047386,0.042203113787506324,10.646304422888074,0.13773806857674945,0.13773806857674945,0.02871555131833978,0.1733920639975173,0.06243714682039314,9.900013962246436e-10,5.8964170064773125,0.7194418911670047,119.44842196160326,198.98512564071234,92.12642034974893,0.04288277955664816,2.1891763599701046,1.142158826807102,0.12920596986478658,0.565564131384019,0.3755373847410681,20.0
192,8,0.06243714682039314,0.9831697661047386,0.042203113787506324,10.646304422888074,0.13773806857674945,0.13773806857674945,0.02871555131833978,0.1733920639975173,0.06243714682039314,9.900013962246436e-10,5.8964170064773125,0.7194418911670047,119.44842196160326,198.98512564071234,92.12642034974893,0.04288277955664816,2.1891763599701046,1.142158826807102,0.12920596986478658,0.565564131384019,0.3755373847410681,20.0
192,9,0.06243714682039314,0.9831697661047386,0.042203113787506324,10.646304422888074,0.13773806857674945,0.13773806857674945,0.02871555131833978,0.1733920639975173,0.06243714682039314,9.900013962246436e-10,5.8964170064773125,0.7194418911670047,119.44842196160326,198.98512564071234,92.12642034974893,0.04288277955664816,2.1891763599701046,1.142158826807102,0.12920596986478658,0.565564131384019,0.3755373847410681,20.0
192,10,0.06243714682039314,0.9831697661047386,0.042203113787506324,10.646304422888074,0.13773806857674945,0.13773806857674945,0.02871555131833978,0.1733920639975173,0.06243714682039314,9.900013962246436e-10,5.8964170064773125,0.7194418911670047,119.44842196160326,198.98512564071234,92.12642034974893,0.04288277955664816,2.1891763599701046,1.142158826807102,0.12920596986478658,0.565564131384019,0.3755373847410681,20.0
193,1,0.001093305388301023,0.999999992511612,0.0005645285353631929,3.6548468055744703,0.189488972969626,0.189488972969626,1.6548190926788262e-14,6.8078226786768125e-12,0.001093305388301023,0.005055936196679586,2.561335635897506,0.9427230656155162,94.20261000055442,65.21104397442599,57.156381541856234,0.02024197296393787,4.15424609512819,0.7352812619546094,0.13158711761596556,1.4065182516391157,0.4420218840810375,20.0
193,2,0.07991252461968616,0.8961504011563637,0.04131823521660489,3.6548468055744703,0.24507864644450544,0.24507864644450544,0.021311656361024535,0.039340525190647756,0.07991252461968616,0.029004026510338985,2.561335635897506,0.9427230656155162,94.20261000055442,65.21104397442599,57.156381541856234,0.02024197296393787,4.15424609512819,0.7352812619546094,0.13158711761596556,1.4065182516391157,0.4420218840810375,20.0
193,3,0.09807472675649719,0.7913825930983038,0.050708285861093175,3.6548468055744703,0.24647550237325166,0.24647550237325166,0.0409526449047073,0.06429017217330278,0.09807472675649719,0.030636330764120805,2.561335635897506,0.9427230656155162,94.20261000055442,65.21104397442599,57.156381541856234,0.02024197296393787,4.15424609512819,0.7352812619546094,0.13158711761596556,1.4065182516391157,0.4420218840810375,20.0
193,4,0.09822397350696903,0.7867964023291546,0.0507854244929639,3.6548468055744703,0.24647640420877623,0.24647640420877623,0.04146438898022685,0.06474478474438965,0.09822397350696903,0.030638094926719473,2.561335635897506,0.9427230656155162,94.20261000055442,65.21104397442599,57.156381541856234,0.02024197296393787,4.15424609512819,0.7352812619546094,0.13158711761596556,1.4065182516391157,0.4420218840810375,20.0
193,5,0.0982240075955432,0.7867928384567874,0.050785442107319174,3.6548468055744703,0.2464764042528603,0.2464764042528603,0.04146460158134091,0.06474493085596501,0.0982240075955432,0.030638095036778126,2.561335635897506,0.9427230656155162,94.20261000055442,65.21104397442599,57.156381541856234,0.02024197296393787,4.15424609512819,0.7352812619546094,0.13158711761596556,1.4065182516391157,0.4420218840810375,20.0
193,6,0.09822400759635441,0.7867928382731977,0.05078544210773828,3.6548468055744703,0.24647640425286071,0.24647640425286071,0.04146460158846794,0.0647449308601216,0.09822400759635441,0.030638095036779247,2.561335635897506,0.9427230656155162,94.20261000055442,65.21104397442599,57.156381541856234,0.02024197296393787,4.15424609512819,0.7352812619546094,0.13158711761596556,1.4065182516391157,0.4420218840810375,20.0
193,7,0.09822400759635441,0.786792838273196,0.050785442107738284,3.6548468055744703,0.24647640425286071,0.24647640425286071,0.04146460158846798,0.06474493086012162,0.09822400759635441,0.030638095036779247,2.561335635897506,0.9427230656155162,94.20261000055442,65.21104397442599,57.156381541856234,0.02024197296393787,4.15424609512819,0.7352812619546094,0.13158711761596556,1.4065182516391157,0.4420218840810375,20.0
193,8,0.09822400759635441,0.786792838273196,0.050785442107738284,3.6548468055744703,0.24647640425286071,0.24647640425286071,0.04146460158846798,0.06474493086012162,0.09822400759635441,0.030638095036779247,2.561335635897506,0.9427230656155162,94.20261000055442,65.21104397442599,57.156381541856234,0.02024197296393787,4.15424609512819,0.7352812619546094,0.13158711761596556,1.4065182516391157,0.4420218840810375,20.0
193,9,0.09822400759635441,0.786792838273196,0.050785442107738284,3.6548468055744703,0.24647640425286071,0.24647640425286071,0.04146460158846798,0.06474493086012162,0.09822400759635441,0.030638095036779247,2.561335635897506,0.9427230656155162,94.20261000055442,65.21104397442599,57.156381541856234,0.02024197296393787,4.15424609512819,0.7352812619546094,0.13158711761596556,1.4065182516391157,0.4420218840810375,20.0
193,10,0.09822400759635441,0.786792838273196,0.050785442107738284,3.6548468055744703,0.24647640425286071,0.24647640425286071,0.04146460158846798,0.06474493086012162,0.09822400759635441,0.030638095036779247,2.561335635897506,0.9427230656155162,94.20261000055442,65.21104397442599,57.156381541856234,0.02024197296393787,4.15424609512819,0.7352812619546094,0.13158711761596556,1.4065182516391157,0.4420218840810375,20.0
194,1,0.31781597133947764,0.9747821584039731,0.08459839187233598,18.553242941114863,0.12248846398264202,0.12248846398264202,0.023242118205630973,0.0970456814288007,0.31781597133947764,0.014280472859145963,4.366666076003078,0.2432127004817598,180.4830237724334,47.06300627291754,25.701810681302803,0.05974365098711486,3.441027832965653,0.6004051998516209,0.06973792218835341,1.8985769415161722,0.4738574801443416,20.0
194,2,0.34296948381422265,0.9042434732050488,0.09129163662652778,18.553242941114863,0.12335390279381382,0.12335390279381382,0.04387662858628115,0.1344423038083392,0.34296948381422265,0.014709948580598615,4.366666076003078,0.2432127004817598,180.4830237724334,47.06300627291754,25.701810681302803,0.05974365098711486,3.441027832965653,0.6004051998516209,0.06973792218835341,1.8985769415161722,0.4738574801443416,20.0
194,3,0.3429781040326509,0.9033048648554767,0.09129392942104753,18.553242941114863,0.12335402640218832,0.12335402640218832,0.04390755199550598,0.13446644273085712,0.3429781040326509,0.01471004981098531,4.366666076003078,0.2432127004817598,180.4830237724334,47.06300627291754,25.701810681302803,0.05974365098711486,3.441027832965653,0.6004051998516209,0.06973792218835341,1.8985769415161722,0.4738574801443416,20.0
194,4,0.3429781042578264,0.9033047280426357,0.09129392948092954,18.553242941114863,0.12335402640460535,0.12335402640460535,0.043907553203775075,0.13446644347047815,0.3429781042578264,0.01471004981342277,4.366666076003078,0.2432127004817598,180.4830237724334,47.06300627291754,25.701810681302803,0.05974365098711486,3.441027832965653,0.6004051998516209,0.06973792218835341,1.8985769415161722,0.4738574801443416,20.0
194,5,0.342978104257828,0.9033047280399701,0.09129392948092996,18.553242941114863,0.12335402640460535,0.12335402640460535,0.04390755320378564,0.13446644347048378,0.342978104257828,0.014710049813422785,4.366666076003078,0.2432127004817598,180.4830237724334,47.06300627291754,25.701810681302803,0.05974365098711486,3.441027832965653,0.6004051998516209,0.06973792218835341,1.8985769415161722,0.4738574801443416,20.0
194,6,0.342978104257828,0.9033047280399701,0.09129392948092996,18.553242941114863,0.12335402640460535,0.12335402640460535,0.04390755320378564,0.13446644347048378,0.342978104257828,0.014710049813422785,4.366666076003078,0.2432127004817598,180.4830237724334,47.06300627291754,25.701810681302803,0.05974365098711486,3.441027832965653,0.6004051998516209,0.06973792218835341,1.8985769415161722,0.4738574801443416,20.0
194,7,0.342978104257828,0.9033047280399701,0.09129392948092996,18.553242941114863,0.12335402640460535,0.12335402640460535,0.04390755320378564,0.13446644347048378,0.342978104257828,0.014710049813422785,4.366666076003078,0.2432127004817598,180.4830237724334,47.06300627291754,25.701810681302803,0.05974365098711486,3.441027832965653,0.6004051998516209,0.06973792218835341,1.8985769415161722,0.4738574801443416,20.0
194,8,0.342978104257828,0.9033047280399701,0.09129392948092996,18.553242941114863,0.12335402640460535,0.12335402640460535,0.04390755320378564,0.13446644347048378,0.342978104257828,0.014710049813422785,4.366666076003078,0.2432127004817598,180.4830237724334,47.06300627291754,25.701810681302803,0.05974365098711486,3.441027832965653,0.6004051998516209,0.06973792218835341,1.8985769415161722,0.4738574801443416,20.0
194,9,0.342978104257828,0.9033047280399701,0.09129392948092996,18.553242941114863,0.12335402640460535,0.12335402640460535,0.04390755320378564,0.13446644347048378,0.342978104257828,0.014710049813422785,4.366666076003078,0.2432127004817598,180.4830237724334,47.06300627291754,25.701810681302803,0.05974365098711486,3.441027832965653,0.6004051998516209,0.06973792218835341,1.8985769415161722,0.4738574801443416,20.0
194,10,0.342978104257828,0.9033047280399701,0.09129392948092996,18.553242941114863,0.12335402640460535,0.12335402640460535,0.04390755320378564,0.13446644347048378,0.342978104257828,0.014710049813422785,4.366666076003078,0.2432127004817598,180.4830237724334,47.06300627291754,25.701810681302803,0.05974365098711486,3.441027832965653,0.6004051998516209,0.06973792218835341,1.8985769415161722,0.4738574801443416,20.0
195,1,0.10436302818540484,0.3862314085842852,0.030433204759885615,6.167591440420632,0.2543174879835597,0.2543174879835597,0.14392479108423115,0.15878427877563178,0.10436302818540484,0.011019806178400555,5.029033425122915,0.9164341699858353,167.36240219382128,58.77097298776309,18.45431819702029,0.09476371651904864,2.3545387347431834,0.9290611856990709,0.05300554191005942,0.826828959474293,0.4051374733598651,20.0
195,2,0.10493035722051189,0.3339979884466157,0.030598579779975148,6.167591440420632,0.25441345600295745,0.25441345600295745,0.14692062865404262,0.1603677032403822,0.10493035722051189,0.011045602456620236,5.029033425122915,0.9164341699858353,167.36240219382128,58.77097298776309,18.45431819702029,0.09476371651904864,2.3545387347431834,0.9290611856990709,0.05300554191005942,0.826828959474293,0.4051374733598651,20.0
195,3,0.10493037954063378,0.3339821592020416,0.030598586285333927,6.167591440420632,0.25441345848744523,0.25441345848744523,0.14692078702127886,0.16036777566109836,0.10493037954063378,0.011045603294076133,5.029033425122915,0.9164341699858353,167.36240219382128,58.77097298776309,18.45431819702029,0.09476371651904864,2.3545387347431834,0.9290611856990709,0.05300554191005942,0.826828959474293,0.4051374733598651,20.0
195,4,0.10493037954092661,0.3339821587951584,0.030598586285419276,6.167591440420632,0.2544134584874723,0.2544134584874723,0.14692078702359657,0.16036777566210167,0.10493037954092661,0.011045603294086291,5.029033425122915,0.9164341699858353,167.36240219382128,58.77097298776309,18.45431819702029,0.09476371651904864,2.3545387347431834,0.9290611856990709,0.05300554191005942,0.826828959474293,0.4051374733598651,20.0
195,5,0.10493037954092661,0.33398215879515397,0.030598586285419276,6.167591440420632,0.2544134584874723,0.2544134584874723,0.14692078702359657,0.16036777566210167,0.10493037954092661,0.011045603294086293,5.029033425122915,0.9164341699858353,167.36240219382128,58.77097298776309,18.45431819702029,0.09476371651904864,2.3545387347431834,0.9290611856990709,0.05300554191005942,0.826828959474293,0.4051374733598651,20.0
195,6,0.10493037954092661,0.33398215879515397,0.030598586285419276,6.167591440420632,0.2544134584874723,0.2544134584874723,0.14692078702359657,0.16036777566210167,0.10493037954092661,0.011045603294086293,5.029033425122915,0.9164341699858353,167.36240219382128,58.77097298776309,18.45431819702029,0.09476371651904864,2.3545387347431834,0.9290611856990709,0.05300554191005942,0.826828959474293,0.4051374733598651,20.0
195,7,0.10493037954092661,0.33398215879515397,0.030598586285419276,6.167591440420632,0.2544134584874723,0.2544134584874723,0.14692078702359657,0.16036777566210167,0.10493037954092661,0.011045603294086293,5.029033425122915,0.9164341699858353,167.36240219382128,58.77097298776309,18.45431819702029,0.09476371651904864,2.3545387347431834,0.9290611856990709,0.05300554191005942,0.826828959474293,0.4051374733598651,20.0
195,8,0.10493037954092661,0.33398215879515397,0.030598586285419276,6.167591440420632,0.2544134584874723,0.2544134584874723,0.14692078702359657,0.16036777566210167,0.10493037954092661,0.011045603294086293,5.029033425122915,0.9164341699858353,167.36240219382128,58.77097298776309,18.45431819702029,0.09476371651904864,2.3545387347431834,0.9290611856990709,0.05300554191005942,0.826828959474293,0.4051374733598651,20.0
195,9,0.10493037954092661,0.33398215879515397,0.030598586285419276,6.167591440420632,0.2544134584874723,0.2544134584874723,0.14692078702359657,0.16036777566210167,0.10493037954092661,0.011045603294086293,5.029033425122915,0.9164341699858353,167.36240219382128,58.77097298776309,18.45431819702029,0.09476371651904864,2.3545387347431834,0.9290611856990709,0.05300554191005942,0.826828959474293,0.4051374733598651,20.0
195,10,0.10493037954092661,0.33398215879515397,0.030598586285419276,6.167591440420632,0.2544134584874723,0.2544134584874723,0.14692078702359657,0.16036777566210167,0.10493037954092661,0.011045603294086293,5.029033425122915,0.9164341699858353,167.36240219382128,58.77097298776309,18.45431819702029,0.09476371651904864,2.3545387347431834,0.9290611856990709,0.05300554191005942,0.826828959474293,0.4051374733598651,20.0
196,1,0.05158622343659771,0.5359475773341869,0.027133186174250014,103.90659051887961,0.27291320994026147,0.27291320994026147,0.14351864608434545,0.20757896503856113,0.05158622343659771,7.675617969400968e-05,5.465589030976086,0.05350107239952501,157.33351402241513,152.61152464004894,44.39607784274786,0.09925941865791904,3.153682506299939,0.9494250830214783,0.0901898450476454,0.5292763877236044,0.31903749234577033,20.0
196,2,0.051719522652097435,0.465128630876667,0.027203233839407297,103.90659051887961,0.27291320998410806,0.27291320998410806,0.1474879258613241,0.2090698352825596,0.051719522652097435,7.675619155157706e-05,5.465589030976086,0.05350107239952501,157.33351402241513,152.61152464004894,44.39607784274786,0.09925941865791904,3.153682506299939,0.9494250830214783,0.0901898450476454,0.5292763877236044,0.31903749234577033,20.0
196,3,0.051719522652097824,0.46512863086693357,0.027203233839407495,103.90659051887961,0.27291320998410806,0.27291320998410806,0.14748792586134343,0.2090698352825649,0.051719522652097824,7.675619155157706e-05,5.465589030976086,0.05350107239952501,157.33351402241513,152.61152464004894,44.39607784274786,0.09925941865791904,3.153682506299939,0.9494250830214783,0.0901898450476454,0.5292763877236044,0.31903749234577033,20.0
196,4,0.051719522652097824,0.46512863086693357,0.027203233839407495,103.90659051887961,0.27291320998410806,0.27291320998410806,0.14748792586134343,0.2090698352825649,0.051719522652097824,7.675619155157706e-05,5.465589030976086,0.05350107239952501,157.33351402241513,152.61152464004894,44.39607784274786,0.09925941865791904,3.153682506299939,0.9494250830214783,0.0901898450476454,0.5292763877236044,0.31903749234577033,20.0
196,5,0.051719522652097824,0.46512863086693357,0.027203233839407495,103.90659051887961,0.27291320998410806,0.27291320998410806,0.14748792586134343,0.2090698352825649,0.051719522652097824,7.675619155157706e-05,5.465589030976086,0.05350107239952501,157.33351402241513,152.61152464004894,44.39607784274786,0.09925941865791904,3.153682506299939,0.9494250830214783,0.0901898450476454,0.5292763877236044,0.31903749234577033,20.0
196,6,0.051719522652097824,0.46512863086693357,0.027203233839407495,103.90659051887961,0.27291320998410806,0.27291320998410806,0.14748792586134343,0.2090698352825649,0.051719522652097824,7.675619155157706e-05,5.465589030976086,0.05350107239952501,157.33351402241513,152.61152464004894,44.39607784274786,0.09925941865791904,3.153682506299939,0.9494250830214783,0.0901898450476454,0.5292763877236044,0.31903749234577033,20.0
196,7,0.051719522652097824,0.46512863086693357,0.027203233839407495,103.90659051887961,0.27291320998410806,0.27291320998410806,0.14748792586134343,0.2090698352825649,0.051719522652097824,7.675619155157706e-05,5.465589030976086,0.05350107239952501,157.33351402241513,152.61152464004894,44.39607784274786,0.09925941865791904,3.153682506299939,0.9494250830214783,0.0901898450476454,0.5292763877236044,0.31903749234577033,20.0
196,8,0.051719522652097824,0.46512863086693357,0.027203233839407495,103.90659051887961,0.27291320998410806,0.27291320998410806,0.14748792586134343,0.2090698352825649,0.051719522652097824,7.675619155157706e-05,5.465589030976086,0.05350107239952501,157.33351402241513,152.61152464004894,44.39607784274786,0.09925941865791904,3.153682506299939,0.9494250830214783,0.0901898450476454,0.5292763877236044,0.31903749234577033,20.0
196,9,0.051719522652097824,0.46512863086693357,0.027203233839407495,103.90659051887961,0.27291320998410806,0.27291320998410806,0.14748792586134343,0.2090698352825649,0.051719522652097824,7.675619155157706e-05,5.465589030976086,0.05350107239952501,157.33351402241513,152.61152464004894,44.39607784274786,0.09925941865791904,3.153682506299939,0.9494250830214783,0.0901898450476454,0.5292763877236044,0.31903749234577033,20.0
196,10,0.051719522652097824,0.46512863086693357,0.027203233839407495,103.90659051887961,0.27291320998410806,0.27291320998410806,0.14748792586134343,0.2090698352825649,0.051719522652097824,7.675619155157706e-05,5.465589030976086,0.05350107239952501,157.33351402241513,152.61152464004894,44.39607784274786,0.09925941865791904,3.153682506299939,0.9494250830214783,0.0901898450476454,0.5292763877236044,0.31903749234577033,20.0
197,1,0.03466477340252301,0.999105330885514,0.026239950074561844,6.9046854494270296,0.07956251986761023,0.07956251986761023,0.0008156721012893663,0.014285718348925655,0.03466477340252301,6.95333087896319e-05,4.290589798027593,0.8782804513837961,54.77429667359358,170.80715772801372,62.2795552008392,0.06829240490752164,2.3151224891389317,0.6711698760914797,0.06506643857666919,1.607282359116686,0.417057908604343,20.0
197,2,0.04643928637224058,0.9954155483601045,0.035151715774659094,6.9046854494270296,0.07957671480263886,0.07957671480263886,0.003779362512685121,0.03264598665169041,0.04643928637224058,7.836614456773337e-05,4.290589798027593,0.8782804513837961,54.77429667359358,170.80715772801372,62.2795552008392,0.06829240490752164,2.3151224891389317,0.6711698760914797,0.06506643857666919,1.607282359116686,0.417057908604343,20.0
197,3,0.046439641474617106,0.9953876740213657,0.03515198436976994,6.9046854494270296,0.07957671482045314,0.07957671482045314,0.00378258458406626,0.03264863131245879,0.046439641474617106,7.836615965044868e-05,4.290589798027593,0.8782804513837961,54.77429667359358,170.80715772801372,62.2795552008392,0.06829240490752164,2.3151224891389317,0.6711698760914797,0.06506643857666919,1.607282359116686,0.417057908604343,20.0
197,4,0.04643964147487676,0.9953876739813639,0.0351519843699663,6.9046854494270296,0.07957671482045314,0.07957671482045314,0.003782584587631381,0.03264863131478966,0.04643964147487676,7.83661596504535e-05,4.290589798027593,0.8782804513837961,54.77429667359358,170.80715772801372,62.2795552008392,0.06829240490752164,2.3151224891389317,0.6711698760914797,0.06506643857666919,1.607282359116686,0.417057908604343,20.0
197,5,0.04643964147487676,0.9953876739813639,0.0351519843699663,6.9046854494270296,0.07957671482045314,0.07957671482045314,0.0037825845876313813,0.032648631314789664,0.04643964147487676,7.83661596504535e-05,4.290589798027593,0.8782804513837961,54.77429667359358,170.80715772801372,62.2795552008392,0.06829240490752164,2.3151224891389317,0.6711698760914797,0.06506643857666919,1.607282359116686,0.417057908604343,20.0
197,6,0.04643964147487676,0.9953876739813639,0.0351519843699663,6.9046854494270296,0.07957671482045314,0.07957671482045314,0.0037825845876313813,0.032648631314789664,0.04643964147487676,7.83661596504535e-05,4.290589798027593,0.8782804513837961,54.77429667359358,170.80715772801372,62.2795552008392,0.06829240490752164,2.3151224891389317,0.6711698760914797,0.06506643857666919,1.607282359116686,0.417057908604343,20.0
197,7,0.04643964147487676,0.9953876739813639,0.0351519843699663,6.9046854494270296,0.07957671482045314,0.07957671482045314,0.0037825845876313813,0.032648631314789664,0.04643964147487676,7.83661596504535e-05,4.290589798027593,0.8782804513837961,54.77429667359358,170.80715772801372,62.2795552008392,0.06829240490752164,2.3151224891389317,0.6711698760914797,0.06506643857666919,1.607282359116686,0.417057908604343,20.0
197,8,0.04643964147487676,0.9953876739813639,0.0351519843699663,6.9046854494270296,0.07957671482045314,0.07957671482045314,0.0037825845876313813,0.032648631314789664,0.04643964147487676,7.83661596504535e-05,4.290589798027593,0.8782804513837961,54.77429667359358,170.80715772801372,62.2795552008392,0.06829240490752164,2.3151224891389317,0.6711698760914797,0.06506643857666919,1.607282359116686,0.417057908604343,20.0
197,9,0.04643964147487676,0.9953876739813639,0.0351519843699663,6.9046854494270296,0.07957671482045314,0.07957671482045314,0.0037825845876313813,0.032648631314789664,0.04643964147487676,7.83661596504535e-05,4.290589798027593,0.8782804513837961,54.77429667359358,170.80715772801372,62.2795552008392,0.06829240490752164,2.3151224891389317,0.6711698760914797,0.06506643857666919,1.607282359116686,0.417057908604343,20.0
197,10,0.04643964147487676,0.9953876739813639,0.0351519843699663,6.9046854494270296,0.07957671482045314,0.07957671482045314,0.0037825845876313813,0.032648631314789664,0.04643964147487676,7.83661596504535e-05,4.290589798027593,0.8782804513837961,54.77429667359358,170.80715772801372,62.2795552008392,0.06829240490752164,2.3151224891389317,0.6711698760914797,0.06506643857666919,1.607282359116686,0.417057908604343,20.0
198,1,0.047374468465918536,0.45662478294492514,0.02418609273865797,21.29326131682251,0.508297117965333,0.508297117965333,0.12908322610204487,0.12755956285138514,0.047374468465918536,0.015701988790182655,3.5253967148675827,0.17707104483445352,125.87104773677201,124.44024746593381,27.870923872157743,0.12718720145379653,4.975746826651963,1.3551280931977718,0.03856021881933693,0.6499127802805735,0.4792587308917498,20.0
198,2,0.048675930196123054,0.3994109139920827,0.024850399875284156,21.29326131682251,0.5084140332071736,0.5084140332071736,0.13705707558361505,0.13260111894794627,0.048675930196123054,0.01571274732343044,3.5253967148675827,0.17707104483445352,125.87104773677201,124.44024746593381,27.870923872157743,0.12718720145379653,4.975746826651963,1.3551280931977718,0.03856021881933693,0.6499127802805735,0.4792587308917498,20.0
198,3,0.048676025654097135,0.3993990049300886,0.024850448595108588,21.29326131682251,0.5084140401780922,0.5084140401780922,0.13705782486655882,0.13260154742062624,0.048676025654097135,0.015712748093032015,3.5253967148675827,0.17707104483445352,125.87104773677201,124.44024746593381,27.870923872157743,0.12718720145379653,4.975746826651963,1.3551280931977718,0.03856021881933693,0.6499127802805735,0.4792587308917498,20.0
198,4,0.04867602565809006,0.3993990042076429,0.024850448597146406,21.29326131682251,0.5084140401783566,0.5084140401783566,0.137057824901066,0.13260154743960428,0.04867602565809006,0.015712748093063923,3.5253967148675827,0.17707104483445352,125.87104773677201,124.44024746593381,27.870923872157743,0.12718720145379653,4.975746826651963,1.3551280931977718,0.03856021881933693,0.6499127802805735,0.4792587308917498,20.0
198,5,0.04867602565809018,0.39939900420761526,0.02485044859714647,21.29326131682251,0.5084140401783566,0.5084140401783566,0.13705782490106716,0.1326015474396049,0.04867602565809018,0.015712748093063923,3.5253967148675827,0.17707104483445352,125.87104773677201,124.44024746593381,27.870923872157743,0.12718720145379653,4.975746826651963,1.3551280931977718,0.03856021881933693,0.6499127802805735,0.4792587308917498,20.0
198,6,0.04867602565809018,0.39939900420761526,0.02485044859714647,21.29326131682251,0.5084140401783566,0.5084140401783566,0.13705782490106716,0.1326015474396049,0.04867602565809018,0.015712748093063923,3.5253967148675827,0.17707104483445352,125.87104773677201,124.44024746593381,27.870923872157743,0.12718720145379653,4.975746826651963,1.3551280931977718,0.03856021881933693,0.6499127802805735,0.4792587308917498,20.0
198,7,0.04867602565809018,0.39939900420761526,0.02485044859714647,21.29326131682251,0.5084140401783566,0.5084140401783566,0.13705782490106716,0.1326015474396049,0.04867602565809018,0.015712748093063923,3.5253967148675827,0.17707104483445352,125.87104773677201,124.44024746593381,27.870923872157743,0.12718720145379653,4.975746826651963,1.3551280931977718,0.03856021881933693,0.6499127802805735,0.4792587308917498,20.0
198,8,0.04867602565809018,0.39939900420761526,0.02485044859714647,21.29326131682251,0.5084140401783566,0.5084140401783566,0.13705782490106716,0.1326015474396049,0.04867602565809018,0.015712748093063923,3.5253967148675827,0.17707104483445352,125.87104773677201,124.44024746593381,27.870923872157743,0.12718720145379653,4.975746826651963,1.3551280931977718,0.03856021881933693,0.6499127802805735,0.4792587308917498,20.0
198,9,0.04867602565809018,0.39939900420761526,0.02485044859714647,21.29326131682251,0.5084140401783566,0.5084140401783566,0.13705782490106716,0.1326015474396049,0.04867602565809018,0.015712748093063923,3.5253967148675827,0.17707104483445352,125.87104773677201,124.44024746593381,27.870923872157743,0.12718720145379653,4.975746826651963,1.3551280931977718,0.03856021881933693,0.6499127802805735,0.4792587308917498,20.0
198,10,0.04867602565809018,0.39939900420761526,0.02485044859714647,21.29326131682251,0.5084140401783566,0.5084140401783566,0.13705782490106716,0.1326015474396049,0.04867602565809018,0.015712748093063923,3.5253967148675827,0.17707104483445352,125.87104773677201,124.44024746593381,27.870923872157743,0.12718720145379653,4.975746826651963,1.3551280931977718,0.03856021881933693,0.6499127802805735,0.4792587308917498,20.0
199,1,0.020814464813968925,0.9999983309546607,0.01690076954000031,17.905795726652638,0.09637845463889613,0.09637845463889613,1.5292333464521137e-06,0.0007518425878044403,0.020814464813968925,2.122682140357276e-05,7.390165588419139,0.4641896793455424,30.140438890745354,180.49007494747556,36.06443311334705,0.08857710595044284,3.5208179130034707,0.46588636237325665,0.056062760721446975,1.3557916482770065,0.3295670799033833,20.0
199,2,0.03461276062825168,0.9999019104398403,0.02810450213480683,17.905795726652638,0.09641876079160093,0.09641876079160093,3.7565073439113464e-05,0.0023238411433215873,0.03461276062825168,3.164152632283202e-05,7.390165588419139,0.4641896793455424,30.140438890745354,180.49007494747556,36.06443311334705,0.08857710595044284,3.5208179130034707,0.46588636237325665,0.056062760721446975,1.3557916482770065,0.3295670799033833,20.0
199,3,0.03461579788398567,0.9998646413231158,0.028106967301209006,17.905795726652638,0.0964187618275997,0.0964187618275997,4.582565839264807e-05,0.002334354750184717,0.03461579788398567,3.1641918895033825e-05,7.390165588419139,0.4641896793455424,30.140438890745354,180.49007494747556,36.06443311334705,0.08857710595044284,3.5208179130034707,0.46588636237325665,0.056062760721446975,1.3557916482770065,0.3295670799033833,20.0
199,4,0.03461579794524583,0.999864640007365,0.02810696735092325,17.905795726652638,0.09641876182761051,0.09641876182761051,4.5825929624708405e-05,0.002334355036123258,0.03461579794524583,3.1641918900033285e-05,7.390165588419139,0.4641896793455424,30.140438890745354,180.49007494747556,36.06443311334705,0.08857710595044284,3.5208179130034707,0.46588636237325665,0.056062760721446975,1.3557916482770065,0.3295670799033833,20.0
199,5,0.03461579794524638,0.9998646400073489,0.02810696735092369,17.905795726652638,0.09641876182761051,0.09641876182761051,4.582592962785007e-05,0.0023343550361262042,0.03461579794524638,3.164191890003332e-05,7.390165588419139,0.4641896793455424,30.140438890745354,180.49007494747556,36.06443311334705,0.08857710595044284,3.5208179130034707,0.46588636237325665,0.056062760721446975,1.3557916482770065,0.3295670799033833,20.0
199,6,0.03461579794524638,0.9998646400073489,0.02810696735092369,17.905795726652638,0.09641876182761051,0.09641876182761051,4.5825929627850084e-05,0.0023343550361262042,0.03461579794524638,3.164191890003332e-05,7.390165588419139,0.4641896793455424,30.140438890745354,180.49007494747556,36.06443311334705,0.08857710595044284,3.5208179130034707,0.46588636237325665,0.056062760721446975,1.3557916482770065,0.3295670799033833,20.0
199,7,0.03461579794524638,0.9998646400073489,0.02810696735092369,17.905795726652638,0.09641876182761051,0.09641876182761051,4.5825929627850084e-05,0.0023343550361262042,0.03461579794524638,3.164191890003332e-05,7.390165588419139,0.4641896793455424,30.140438890745354,180.49007494747556,36.06443311334705,0.08857710595044284,3.5208179130034707,0.46588636237325665,0.056062760721446975,1.3557916482770065,0.3295670799033833,20.0
199,8,0.03461579794524638,0.9998646400073489,0.02810696735092369,17.905795726652638,0.09641876182761051,0.09641876182761051,4.5825929627850084e-05,0.0023343550361262042,0.03461579794524638,3.164191890003332e-05,7.390165588419139,0.4641896793455424,30.140438890745354,180.49007494747556,36.06443311334705,0.08857710595044284,3.5208179130034707,0.46588636237325665,0.056062760721446975,1.3557916482770065,0.3295670799033833,20.0
199,9,0.03461579794524638,0.9998646400073489,0.02810696735092369,17.905795726652638,0.09641876182761051,0.09641876182761051,4.5825929627850084e-05,0.0023343550361262042,0.03461579794524638,3.164191890003332e-05,7.390165588419139,0.4641896793455424,30.140438890745354,180.49007494747556,36.06443311334705,0.08857710595044284,3.5208179130034707,0.46588636237325665,0.056062760721446975,1.3557916482770065,0.3295670799033833,20.0
199,10,0.03461579794524638,0.9998646400073489,0.02810696735092369,17.905795726652638,0.09641876182761051,0.09641876182761051,4.5825929627850084e-05,0.0023343550361262042,0.03461579794524638,3.164191890003332e-05,7.390165588419139,0.4641896793455424,30.140438890745354,180.49007494747556,36.06443311334705,0.08857710595044284,3.5208179130034707,0.46588636237325665,0.056062760721446975,1.3557916482770065,0.3295670799033833,20.0
200,1,0.10010080523837353,0.9999999790714259,0.056347999350943985,26.769832200373777,0.23597043191860215,0.23597043191860215,5.930771320166268e-08,0.0003663345252294081,0.10010080523837353,1.1058988960165773e-07,7.304241105023358,0.2876865213585473,122.60944716782865,92.32084125264882,91.4079538690911,0.11970720988187705,4.689156780267567,1.2999064691521367,0.14356998685703298,1.293129612219763,0.4457012133536051,20.0
200,2,0.11637324577086837,0.999999306606591,0.06550775096874893,26.769832200373777,0.23597043401636025,0.23597043401636025,1.1386561872353146e-06,0.0027449148012674814,0.11637324577086837,1.1103808082832007e-07,7.304241105023358,0.2876865213585473,122.60944716782865,92.32084125264882,91.4079538690911,0.11970720988187705,4.689156780267567,1.2999064691521367,0.14356998685703298,1.293129612219763,0.4457012133536051,20.0
200,3,0.11637324577795238,0.9999993055228114,0.0655077509727324,26.769832200373777,0.23597043401636025,0.23597043401636025,1.1387084429313783e-06,0.0027449148489097036,0.11637324577795238,1.1103808082832438e-07,7.304241105023358,0.2876865213585473,122.60944716782865,92.32084125264882,91.4079538690911,0.11970720988187705,4.689156780267567,1.2999064691521367,0.14356998685703298,1.293129612219763,0.4457012133536051,20.0
200,4,0.11637324577795238,0.9999993055228114,0.0655077509727324,26.769832200373777,0.23597043401636025,0.23597043401636025,1.1387084429313783e-06,0.0027449148489097036,0.11637324577795238,1.1103808082832438e-07,7.304241105023358,0.2876865213585473,122.60944716782865,92.32084125264882,91.4079538690911,0.11970720988187705,4.689156780267567,1.2999064691521367,0.14356998685703298,1.293129612219763,0.4457012133536051,20.0
200,5,0.11637324577795238,0.9999993055228114,0.0655077509727324,26.769832200373777,0.23597043401636025,0.23597043401636025,1.1387084429313783e-06,0.0027449148489097036,0.11637324577795238,1.1103808082832438e-07,7.304241105023358,0.2876865213585473,122.60944716782865,92.32084125264882,91.4079538690911,0.11970720988187705,4.689156780267567,1.2999064691521367,0.14356998685703298,1.293129612219763,0.4457012133536051,20.0
200,6,0.11637324577795238,0.9999993055228114,0.0655077509727324,26.769832200373777,0.23597043401636025,0.23597043401636025,1.1387084429313783e-06,0.0027449148489097036,0.11637324577795238,1.1103808082832438e-07,7.304241105023358,0.2876865213585473,122.60944716782865,92.32084125264882,91.4079538690911,0.11970720988187705,4.689156780267567,1.2999064691521367,0.14356998685703298,1.293129612219763,0.4457012133536051,20.0
200,7,0.11637324577795238,0.9999993055228114,0.0655077509727324,26.769832200373777,0.23597043401636025,0.23597043401636025,1.1387084429313783e-06,0.0027449148489097036,0.11637324577795238,1.1103808082832438e-07,7.304241105023358,0.2876865213585473,122.60944716782865,92.32084125264882,91.4079538690911,0.11970720988187705,4.689156780267567,1.2999064691521367,0.14356998685703298,1.293129612219763,0.4457012133536051,20.0
200,8,0.11637324577795238,0.9999993055228114,0.0655077509727324,26.769832200373777,0.23597043401636025,0.23597043401636025,1.1387084429313783e-06,0.0027449148489097036,0.11637324577795238,1.1103808082832438e-07,7.304241105023358,0.2876865213585473,122.60944716782865,92.32084125264882,91.4079538690911,0.11970720988187705,4.689156780267567,1.2999064691521367,0.14356998685703298,1.293129612219763,0.4457012133536051,20.0
200,9,0.11637324577795238,0.9999993055228114,0.0655077509727324,26.769832200373777,0.23597043401636025,0.23597043401636025,1.1387084429313783e-06,0.0027449148489097036,0.11637324577795238,1.1103808082832438e-07,7.304241105023358,0.2876865213585473,122.60944716782865,92.32084125264882,91.4079538690911,0.11970720988187705,4.689156780267567,1.2999064691521367,0.14356998685703298,1.293129612219763,0.4457012133536051,20.0
200,10,0.11637324577795238,0.9999993055228114,0.0655077509727324,26.769832200373777,0.23597043401636025,0.23597043401636025,1.1387084429313783e-06,0.0027449148489097036,0.11637324577795238,1.1103808082832438e-07,7.304241105023358,0.2876865213585473,122.60944716782865,92.32084125264882,91.4079538690911,0.11970720988187705,4.689156780267567,1.2999064691521367,0.14356998685703298,1.293129612219763,0.4457012133536051,20.0
