sample_id,cycle,purity,recovery,productivity,energy_proxy,q_avg,q_final_avg,outlet_ads_final,outlet_dep_final,outlet_des_avg,outlet_rep_final,P_ads,P_des,t_ads,t_des,t_purge,u,qmax,b,k_LDF,L,eps,t_repress
1,1,0.11998673655954596,0.9979349804560057,0.05949220558269319,26.223821745769108,0.30291884646745953,0.30291884646745953,0.007121665544288355,0.20231546364366743,0.11998673655954596,1.5474913477855639e-09,7.293562637086643,0.2928306548223555,152.64038353615064,93.41447435059908,76.51524038690111,0.11493169094287221,4.569554411920386,1.2427811640313997,0.18896939546118402,1.1232442109315666,0.48525840395153486,20.0
1,2,0.12168041125965244,0.9655756195652928,0.060329067058294765,26.223821745769108,0.3029188464675174,0.3029188464675174,0.07693961392552756,0.24400090012966152,0.12168041125965244,1.5475093855099025e-09,7.293562637086643,0.2928306548223555,152.64038353615064,93.41447435059908,76.51524038690111,0.11493169094287221,4.569554411920386,1.2427811640313997,0.18896939546118402,1.1232442109315666,0.48525840395153486,20.0
1,3,0.12168041125965244,0.9655756195652682,0.060329067058294765,26.223821745769108,0.3029188464675174,0.3029188464675174,0.0769396139255277,0.24400090012966152,0.12168041125965244,1.5475093855099025e-09,7.293562637086643,0.2928306548223555,152.64038353615064,93.41447435059908,76.51524038690111,0.11493169094287221,4.569554411920386,1.2427811640313997,0.18896939546118402,1.1232442109315666,0.48525840395153486,20.0
1,4,0.12168041125965244,0.9655756195652682,0.060329067058294765,26.223821745769108,0.3029188464675174,0.3029188464675174,0.0769396139255277,0.24400090012966152,0.12168041125965244,1.5475093855099025e-09,7.293562637086643,0.2928306548223555,152.64038353615064,93.41447435059908,76.51524038690111,0.11493169094287221,4.569554411920386,1.2427811640313997,0.18896939546118402,1.1232442109315666,0.48525840395153486,20.0
1,5,0.12168041125965244,0.9655756195652682,0.060329067058294765,26.223821745769108,0.3029188464675174,0.3029188464675174,0.0769396139255277,0.24400090012966152,0.12168041125965244,1.5475093855099025e-09,7.293562637086643,0.2928306548223555,152.64038353615064,93.41447435059908,76.51524038690111,0.11493169094287221,4.569554411920386,1.2427811640313997,0.18896939546118402,1.1232442109315666,0.48525840395153486,20.0
1,6,0.12168041125965244,0.9655756195652682,0.060329067058294765,26.223821745769108,0.3029188464675174,0.3029188464675174,0.0769396139255277,0.24400090012966152,0.12168041125965244,1.5475093855099025e-09,7.293562637086643,0.2928306548223555,152.64038353615064,93.41447435059908,76.51524038690111,0.11493169094287221,4.569554411920386,1.2427811640313997,0.18896939546118402,1.1232442109315666,0.48525840395153486,20.0
1,7,0.12168041125965244,0.9655756195652682,0.060329067058294765,26.223821745769108,0.3029188464675174,0.3029188464675174,0.0769396139255277,0.24400090012966152,0.12168041125965244,1.5475093855099025e-09,7.293562637086643,0.2928306548223555,152.64038353615064,93.41447435059908,76.51524038690111,0.11493169094287221,4.569554411920386,1.2427811640313997,0.18896939546118402,1.1232442109315666,0.48525840395153486,20.0
1,8,0.12168041125965244,0.9655756195652682,0.060329067058294765,26.223821745769108,0.3029188464675174,0.3029188464675174,0.0769396139255277,0.24400090012966152,0.12168041125965244,1.5475093855099025e-09,7.293562637086643,0.2928306548223555,152.64038353615064,93.41447435059908,76.51524038690111,0.11493169094287221,4.569554411920386,1.2427811640313997,0.18896939546118402,1.1232442109315666,0.48525840395153486,20.0
1,9,0.12168041125965244,0.9655756195652682,0.060329067058294765,26.223821745769108,0.3029188464675174,0.3029188464675174,0.0769396139255277,0.24400090012966152,0.12168041125965244,1.5475093855099025e-09,7.293562637086643,0.2928306548223555,152.64038353615064,93.41447435059908,76.51524038690111,0.11493169094287221,4.569554411920386,1.2427811640313997,0.18896939546118402,1.1232442109315666,0.48525840395153486,20.0
1,10,0.12168041125965244,0.9655756195652682,0.060329067058294765,26.223821745769108,0.3029188464675174,0.3029188464675174,0.0769396139255277,0.24400090012966152,0.12168041125965244,1.5475093855099025e-09,7.293562637086643,0.2928306548223555,152.64038353615064,93.41447435059908,76.51524038690111,0.11493169094287221,4.569554411920386,1.2427811640313997,0.18896939546118402,1.1232442109315666,0.48525840395153486,20.0
2,1,0.13832253702185515,0.9513710956776019,0.06267927183873616,9.956342499402808,0.06822139476506259,0.06822139476506259,0.0595937358021431,0.17413638035044024,0.13832253702185515,4.906091058706919e-06,5.7843941006690835,0.6613832813592337,173.10130525743958,81.94619586199354,78.19548515039371,0.04007903977687942,2.157447309755833,0.4882407947640965,0.1682630040815803,1.4786286838987195,0.4952909480637403,20.0
2,2,0.14140483335462492,0.8914081432399373,0.06407415570211439,9.956342499402808,0.068221394825768,0.068221394825768,0.1017625756033909,0.20360059283983442,0.14140483335462492,4.906197088170358e-06,5.7843941006690835,0.6613832813592337,173.10130525743958,81.94619586199354,78.19548515039371,0.04007903977687942,2.157447309755833,0.4882407947640965,0.1682630040815803,1.4786286838987195,0.4952909480637403,20.0
2,3,0.14140483335462506,0.891408143158708,0.06407415570211446,9.956342499402808,0.068221394825768,0.068221394825768,0.10176257560340586,0.20360059283983703,0.14140483335462506,4.906197088170358e-06,5.7843941006690835,0.6613832813592337,173.10130525743958,81.94619586199354,78.19548515039371,0.04007903977687942,2.157447309755833,0.4882407947640965,0.1682630040815803,1.4786286838987195,0.4952909480637403,20.0
2,4,0.14140483335462506,0.891408143158708,0.06407415570211446,9.956342499402808,0.068221394825768,0.068221394825768,0.10176257560340586,0.20360059283983703,0.14140483335462506,4.906197088170358e-06,5.7843941006690835,0.6613832813592337,173.10130525743958,81.94619586199354,78.19548515039371,0.04007903977687942,2.157447309755833,0.4882407947640965,0.1682630040815803,1.4786286838987195,0.4952909480637403,20.0
2,5,0.14140483335462506,0.891408143158708,0.06407415570211446,9.956342499402808,0.068221394825768,0.068221394825768,0.10176257560340586,0.20360059283983703,0.14140483335462506,4.906197088170358e-06,5.7843941006690835,0.6613832813592337,173.10130525743958,81.94619586199354,78.19548515039371,0.04007903977687942,2.157447309755833,0.4882407947640965,0.1682630040815803,1.4786286838987195,0.4952909480637403,20.0
2,6,0.14140483335462506,0.891408143158708,0.06407415570211446,9.956342499402808,0.068221394825768,0.068221394825768,0.10176257560340586,0.20360059283983703,0.14140483335462506,4.906197088170358e-06,5.7843941006690835,0.6613832813592337,173.10130525743958,81.94619586199354,78.19548515039371,0.04007903977687942,2.157447309755833,0.4882407947640965,0.1682630040815803,1.4786286838987195,0.4952909480637403,20.0
2,7,0.14140483335462506,0.891408143158708,0.06407415570211446,9.956342499402808,0.068221394825768,0.068221394825768,0.10176257560340586,0.20360059283983703,0.14140483335462506,4.906197088170358e-06,5.7843941006690835,0.6613832813592337,173.10130525743958,81.94619586199354,78.19548515039371,0.04007903977687942,2.157447309755833,0.4882407947640965,0.1682630040815803,1.4786286838987195,0.4952909480637403,20.0
2,8,0.14140483335462506,0.891408143158708,0.06407415570211446,9.956342499402808,0.068221394825768,0.068221394825768,0.10176257560340586,0.20360059283983703,0.14140483335462506,4.906197088170358e-06,5.7843941006690835,0.6613832813592337,173.10130525743958,81.94619586199354,78.19548515039371,0.04007903977687942,2.157447309755833,0.4882407947640965,0.1682630040815803,1.4786286838987195,0.4952909480637403,20.0
2,9,0.14140483335462506,0.891408143158708,0.06407415570211446,9.956342499402808,0.068221394825768,0.068221394825768,0.10176257560340586,0.20360059283983703,0.14140483335462506,4.906197088170358e-06,5.7843941006690835,0.6613832813592337,173.10130525743958,81.94619586199354,78.19548515039371,0.04007903977687942,2.157447309755833,0.4882407947640965,0.1682630040815803,1.4786286838987195,0.4952909480637403,20.0
2,10,0.14140483335462506,0.891408143158708,0.06407415570211446,9.956342499402808,0.068221394825768,0.068221394825768,0.10176257560340586,0.20360059283983703,0.14140483335462506,4.906197088170358e-06,5.7843941006690835,0.6613832813592337,173.10130525743958,81.94619586199354,78.19548515039371,0.04007903977687942,2.157447309755833,0.4882407947640965,0.1682630040815803,1.4786286838987195,0.4952909480637403,20.0
3,1,0.05118482545509777,0.9999999998631847,0.034489051420270325,80.99135716429319,0.032272547018507784,0.032272547018507784,5.671253880860292e-25,1.473675493303131e-17,0.05118482545509777,0.0001577199485362891,4.821758118536305,0.06051534934743912,49.0767480549746,119.76911419665166,23.079951096645672,0.042043055104476604,5.153828420317298,0.5811203636078481,0.09245942811936594,1.7904873540134867,0.30134834928372367,20.0
3,2,0.0723062592409641,0.9993068232945493,0.04872096538669681,80.99135716429319,0.03243489992039914,0.03243489992039914,0.00013512704771431958,0.00022327935857648413,0.0723062592409641,0.0002120082777874204,4.821758118536305,0.06051534934743912,49.0767480549746,119.76911419665166,23.079951096645672,0.042043055104476604,5.153828420317298,0.5811203636078481,0.09245942811936594,1.7904873540134867,0.30134834928372367,20.0
3,3,0.07238203053498753,0.9990699050457382,0.04877201203604378,80.99135716429319,0.032434908801719356,0.032434908801719356,0.0001814455747328283,0.00029952140212658346,0.07238203053498753,0.00021201271477753932,4.821758118536305,0.06051534934743912,49.0767480549746,119.76911419665166,23.079951096645672,0.042043055104476604,5.153828420317298,0.5811203636078481,0.09245942811936594,1.7904873540134867,0.30134834928372367,20.0
3,4,0.0723820340921915,0.999069886537528,0.04877201443230464,80.99135716429319,0.03243490880186951,0.03243490880186951,0.0001814490199394363,0.0002995266132786164,0.0723820340921915,0.0002120127148706073,4.821758118536305,0.06051534934743912,49.0767480549746,119.76911419665166,23.079951096645672,0.042043055104476604,5.153828420317298,0.5811203636078481,0.09245942811936594,1.7904873540134867,0.30134834928372367,20.0
3,5,0.07238203409224535,0.9990698865371517,0.0487720144323409,80.99135716429319,0.03243490880186951,0.03243490880186951,0.0001814490200070643,0.00029952661337510347,0.07238203409224535,0.00021201271487060827,4.821758118536305,0.06051534934743912,49.0767480549746,119.76911419665166,23.079951096645672,0.042043055104476604,5.153828420317298,0.5811203636078481,0.09245942811936594,1.7904873540134867,0.30134834928372367,20.0
3,6,0.07238203409224535,0.9990698865371517,0.0487720144323409,80.99135716429319,0.03243490880186951,0.03243490880186951,0.00018144902000706496,0.00029952661337510444,0.07238203409224535,0.00021201271487060827,4.821758118536305,0.06051534934743912,49.0767480549746,119.76911419665166,23.079951096645672,0.042043055104476604,5.153828420317298,0.5811203636078481,0.09245942811936594,1.7904873540134867,0.30134834928372367,20.0
3,7,0.07238203409224535,0.9990698865371517,0.0487720144323409,80.99135716429319,0.03243490880186951,0.03243490880186951,0.00018144902000706496,0.00029952661337510444,0.07238203409224535,0.00021201271487060827,4.821758118536305,0.06051534934743912,49.0767480549746,119.76911419665166,23.079951096645672,0.042043055104476604,5.153828420317298,0.5811203636078481,0.09245942811936594,1.7904873540134867,0.30134834928372367,20.0
3,8,0.07238203409224535,0.9990698865371517,0.0487720144323409,80.99135716429319,0.03243490880186951,0.03243490880186951,0.00018144902000706496,0.00029952661337510444,0.07238203409224535,0.00021201271487060827,4.821758118536305,0.06051534934743912,49.0767480549746,119.76911419665166,23.079951096645672,0.042043055104476604,5.153828420317298,0.5811203636078481,0.09245942811936594,1.7904873540134867,0.30134834928372367,20.0
3,9,0.07238203409224535,0.9990698865371517,0.0487720144323409,80.99135716429319,0.03243490880186951,0.03243490880186951,0.00018144902000706496,0.00029952661337510444,0.07238203409224535,0.00021201271487060827,4.821758118536305,0.06051534934743912,49.0767480549746,119.76911419665166,23.079951096645672,0.042043055104476604,5.153828420317298,0.5811203636078481,0.09245942811936594,1.7904873540134867,0.30134834928372367,20.0
3,10,0.07238203409224535,0.9990698865371517,0.0487720144323409,80.99135716429319,0.03243490880186951,0.03243490880186951,0.00018144902000706496,0.00029952661337510444,0.07238203409224535,0.00021201271487060827,4.821758118536305,0.06051534934743912,49.0767480549746,119.76911419665166,23.079951096645672,0.042043055104476604,5.153828420317298,0.5811203636078481,0.09245942811936594,1.7904873540134867,0.30134834928372367,20.0
4,1,0.03772889636419063,0.9999997609193564,0.02830564514143091,13.217214025031703,0.1259569658560062,0.1259569658560062,3.8645781972304867e-07,0.0003678539100106209,0.03772889636419063,4.144033116906465e-09,4.497772417637908,0.40653921979287977,61.97789868955671,184.4791334409297,61.77186556639666,0.08860501784623386,3.9332074402126995,0.7793170250546597,0.1355011792470959,1.0294960234699664,0.31937526671723593,20.0
4,2,0.049882161205204285,0.999996130389857,0.037423391491382005,13.217214025031703,0.12595696619971414,0.12595696619971414,6.411330161766134e-06,0.0016042805421047932,0.049882161205204285,4.346340246472274e-09,4.497772417637908,0.40653921979287977,61.97789868955671,184.4791334409297,61.77186556639666,0.08860501784623386,3.9332074402126995,0.7793170250546597,0.1355011792470959,1.0294960234699664,0.31937526671723593,20.0
4,3,0.04988216120778803,0.9999961298719784,0.037423391493318095,13.217214025031703,0.12595696619971414,0.12595696619971414,6.4113720310861085e-06,0.0016042805704421972,0.04988216120778803,4.346340246472335e-09,4.497772417637908,0.40653921979287977,61.97789868955671,184.4791334409297,61.77186556639666,0.08860501784623386,3.9332074402126995,0.7793170250546597,0.1355011792470959,1.0294960234699664,0.31937526671723593,20.0
4,4,0.04988216120778803,0.9999961298719784,0.037423391493318095,13.217214025031703,0.12595696619971414,0.12595696619971414,6.4113720310861085e-06,0.0016042805704421972,0.04988216120778803,4.346340246472335e-09,4.497772417637908,0.40653921979287977,61.97789868955671,184.4791334409297,61.77186556639666,0.08860501784623386,3.9332074402126995,0.7793170250546597,0.1355011792470959,1.0294960234699664,0.31937526671723593,20.0
4,5,0.04988216120778803,0.9999961298719784,0.037423391493318095,13.217214025031703,0.12595696619971414,0.12595696619971414,6.4113720310861085e-06,0.0016042805704421972,0.04988216120778803,4.346340246472335e-09,4.497772417637908,0.40653921979287977,61.97789868955671,184.4791334409297,61.77186556639666,0.08860501784623386,3.9332074402126995,0.7793170250546597,0.1355011792470959,1.0294960234699664,0.31937526671723593,20.0
4,6,0.04988216120778803,0.9999961298719784,0.037423391493318095,13.217214025031703,0.12595696619971414,0.12595696619971414,6.4113720310861085e-06,0.0016042805704421972,0.04988216120778803,4.346340246472335e-09,4.497772417637908,0.40653921979287977,61.97789868955671,184.4791334409297,61.77186556639666,0.08860501784623386,3.9332074402126995,0.7793170250546597,0.1355011792470959,1.0294960234699664,0.31937526671723593,20.0
4,7,0.04988216120778803,0.9999961298719784,0.037423391493318095,13.217214025031703,0.12595696619971414,0.12595696619971414,6.4113720310861085e-06,0.0016042805704421972,0.04988216120778803,4.346340246472335e-09,4.497772417637908,0.40653921979287977,61.97789868955671,184.4791334409297,61.77186556639666,0.08860501784623386,3.9332074402126995,0.7793170250546597,0.1355011792470959,1.0294960234699664,0.31937526671723593,20.0
4,8,0.04988216120778803,0.9999961298719784,0.037423391493318095,13.217214025031703,0.12595696619971414,0.12595696619971414,6.4113720310861085e-06,0.0016042805704421972,0.04988216120778803,4.346340246472335e-09,4.497772417637908,0.40653921979287977,61.97789868955671,184.4791334409297,61.77186556639666,0.08860501784623386,3.9332074402126995,0.7793170250546597,0.1355011792470959,1.0294960234699664,0.31937526671723593,20.0
4,9,0.04988216120778803,0.9999961298719784,0.037423391493318095,13.217214025031703,0.12595696619971414,0.12595696619971414,6.4113720310861085e-06,0.0016042805704421972,0.04988216120778803,4.346340246472335e-09,4.497772417637908,0.40653921979287977,61.97789868955671,184.4791334409297,61.77186556639666,0.08860501784623386,3.9332074402126995,0.7793170250546597,0.1355011792470959,1.0294960234699664,0.31937526671723593,20.0
4,10,0.04988216120778803,0.9999961298719784,0.037423391493318095,13.217214025031703,0.12595696619971414,0.12595696619971414,6.4113720310861085e-06,0.0016042805704421972,0.04988216120778803,4.346340246472335e-09,4.497772417637908,0.40653921979287977,61.97789868955671,184.4791334409297,61.77186556639666,0.08860501784623386,3.9332074402126995,0.7793170250546597,0.1355011792470959,1.0294960234699664,0.31937526671723593,20.0
5,1,0.06462516593930796,0.9999999985360468,0.04086228369051471,9.341718327892657,0.09441141321042601,0.09441141321042601,2.4718179568118526e-09,5.17343643228014e-06,0.06462516593930796,0.0009734457506959587,6.150064411916288,0.7453547386037803,59.941286755648704,80.50984222331859,57.08575404642252,0.0588183217713079,4.392003671900996,0.47290429049323696,0.12658353612049617,1.3000272371511195,0.4025896692427473,20.0
5,2,0.08648961214451562,0.9965237441141764,0.05468717426283822,9.341718327892657,0.09467812683372062,0.09467812683372062,0.0004646264800952866,0.0005111913024800032,0.08648961214451562,0.0010998394759126615,6.150064411916288,0.7453547386037803,59.941286755648704,80.50984222331859,57.08575404642252,0.0588183217713079,4.392003671900996,0.47290429049323696,0.12658353612049617,1.3000272371511195,0.4025896692427473,20.0
5,3,0.08650287467774788,0.9960972809471559,0.05469555404960541,9.341718327892657,0.0946781275473303,0.0946781275473303,0.000518163792918514,0.0005627637147011326,0.08650287467774788,0.0010998400344834484,6.150064411916288,0.7453547386037803,59.941286755648704,80.50984222331859,57.08575404642252,0.0588183217713079,4.392003671900996,0.47290429049323696,0.12658353612049617,1.3000272371511195,0.4025896692427473,20.0
5,4,0.08650287469264545,0.9960972794975747,0.05469555405901502,9.341718327892657,0.09467812754733045,0.09467812754733045,0.0005181639169436778,0.0005627637997141668,0.08650287469264545,0.0010998400344835856,6.150064411916288,0.7453547386037803,59.941286755648704,80.50984222331859,57.08575404642252,0.0588183217713079,4.392003671900996,0.47290429049323696,0.12658353612049617,1.3000272371511195,0.4025896692427473,20.0
5,5,0.08650287469264545,0.9960972794975742,0.05469555405901502,9.341718327892657,0.09467812754733045,0.09467812754733045,0.0005181639169436975,0.000562763799714178,0.08650287469264545,0.0010998400344835856,6.150064411916288,0.7453547386037803,59.941286755648704,80.50984222331859,57.08575404642252,0.0588183217713079,4.392003671900996,0.47290429049323696,0.12658353612049617,1.3000272371511195,0.4025896692427473,20.0
5,6,0.08650287469264545,0.9960972794975742,0.05469555405901502,9.341718327892657,0.09467812754733045,0.09467812754733045,0.0005181639169436975,0.000562763799714178,0.08650287469264545,0.0010998400344835856,6.150064411916288,0.7453547386037803,59.941286755648704,80.50984222331859,57.08575404642252,0.0588183217713079,4.392003671900996,0.47290429049323696,0.12658353612049617,1.3000272371511195,0.4025896692427473,20.0
5,7,0.08650287469264545,0.9960972794975742,0.05469555405901502,9.341718327892657,0.09467812754733045,0.09467812754733045,0.0005181639169436975,0.000562763799714178,0.08650287469264545,0.0010998400344835856,6.150064411916288,0.7453547386037803,59.941286755648704,80.50984222331859,57.08575404642252,0.0588183217713079,4.392003671900996,0.47290429049323696,0.12658353612049617,1.3000272371511195,0.4025896692427473,20.0
5,8,0.08650287469264545,0.9960972794975742,0.05469555405901502,9.341718327892657,0.09467812754733045,0.09467812754733045,0.0005181639169436975,0.000562763799714178,0.08650287469264545,0.0010998400344835856,6.150064411916288,0.7453547386037803,59.941286755648704,80.50984222331859,57.08575404642252,0.0588183217713079,4.392003671900996,0.47290429049323696,0.12658353612049617,1.3000272371511195,0.4025896692427473,20.0
5,9,0.08650287469264545,0.9960972794975742,0.05469555405901502,9.341718327892657,0.09467812754733045,0.09467812754733045,0.0005181639169436975,0.000562763799714178,0.08650287469264545,0.0010998400344835856,6.150064411916288,0.7453547386037803,59.941286755648704,80.50984222331859,57.08575404642252,0.0588183217713079,4.392003671900996,0.47290429049323696,0.12658353612049617,1.3000272371511195,0.4025896692427473,20.0
5,10,0.08650287469264545,0.9960972794975742,0.05469555405901502,9.341718327892657,0.09467812754733045,0.09467812754733045,0.0005181639169436975,0.000562763799714178,0.08650287469264545,0.0010998400344835856,6.150064411916288,0.7453547386037803,59.941286755648704,80.50984222331859,57.08575404642252,0.0588183217713079,4.392003671900996,0.47290429049323696,0.12658353612049617,1.3000272371511195,0.4025896692427473,20.0
6,1,0.08693047829861524,0.9999927970915956,0.04975480187682869,21.328849935267748,0.16503901985877611,0.16503901985877611,7.718403648921064e-06,0.0012994651951186793,0.08693047829861524,0.0009798770592607644,4.0531562581386815,0.19764030013238576,76.6331399668801,34.86234510318298,94.49692293381763,0.0724310761496724,4.821156151754275,1.3496519306157444,0.05462300205665116,0.7154792251999911,0.324892841198684,20.0
6,2,0.11064582483762406,0.9953631525255686,0.06332810094541425,21.328849935267748,0.16686363753817926,0.16686363753817926,0.000793287606583451,0.004320565300566633,0.11064582483762406,0.0011622555500058513,4.0531562581386815,0.19764030013238576,76.6331399668801,34.86234510318298,94.49692293381763,0.0724310761496724,4.821156151754275,1.3496519306157444,0.05462300205665116,0.7154792251999911,0.324892841198684,20.0
6,3,0.11078345457823902,0.9945356163403437,0.06340685043166258,21.328849935267748,0.16686658405936888,0.16686658405936888,0.0009276854225178309,0.004529490987783211,0.11078345457823902,0.0011627538640627277,4.0531562581386815,0.19764030013238576,76.6331399668801,34.86234510318298,94.49692293381763,0.0724310761496724,4.821156151754275,1.3496519306157444,0.05462300205665116,0.7154792251999911,0.324892841198684,20.0
6,4,0.11078360231319513,0.9945336536837551,0.0634069349504038,21.328849935267748,0.16686658601866766,0.16686658601866766,0.0009279525437053101,0.004529825113745945,0.11078360231319513,0.0011627543072304273,4.0531562581386815,0.19764030013238576,76.6331399668801,34.86234510318298,94.49692293381763,0.0724310761496724,4.821156151754275,1.3496519306157444,0.05462300205665116,0.7154792251999911,0.324892841198684,20.0
6,5,0.11078360238482766,0.994533652122469,0.06340693499138028,21.328849935267748,0.1668665860193927,0.1668665860193927,0.0009279527270789952,0.004529825312337596,0.11078360238482766,0.0011627543074286652,4.0531562581386815,0.19764030013238576,76.6331399668801,34.86234510318298,94.49692293381763,0.0724310761496724,4.821156151754275,1.3496519306157444,0.05462300205665116,0.7154792251999911,0.324892841198684,20.0
6,6,0.11078360238484827,0.9945336521218292,0.06340693499139208,21.328849935267748,0.1668665860193929,0.1668665860193929,0.0009279527271455304,0.004529825312402514,0.11078360238484827,0.0011627543074287203,4.0531562581386815,0.19764030013238576,76.6331399668801,34.86234510318298,94.49692293381763,0.0724310761496724,4.821156151754275,1.3496519306157444,0.05462300205665116,0.7154792251999911,0.324892841198684,20.0
6,7,0.11078360238484827,0.994533652121829,0.06340693499139208,21.328849935267748,0.1668665860193929,0.1668665860193929,0.0009279527271455456,0.004529825312402527,0.11078360238484827,0.0011627543074287203,4.0531562581386815,0.19764030013238576,76.6331399668801,34.86234510318298,94.49692293381763,0.0724310761496724,4.821156151754275,1.3496519306157444,0.05462300205665116,0.7154792251999911,0.324892841198684,20.0
6,8,0.11078360238484827,0.994533652121829,0.06340693499139208,21.328849935267748,0.1668665860193929,0.1668665860193929,0.0009279527271455456,0.004529825312402527,0.11078360238484827,0.0011627543074287203,4.0531562581386815,0.19764030013238576,76.6331399668801,34.86234510318298,94.49692293381763,0.0724310761496724,4.821156151754275,1.3496519306157444,0.05462300205665116,0.7154792251999911,0.324892841198684,20.0
6,9,0.11078360238484827,0.994533652121829,0.06340693499139208,21.328849935267748,0.1668665860193929,0.1668665860193929,0.0009279527271455456,0.004529825312402527,0.11078360238484827,0.0011627543074287203,4.0531562581386815,0.19764030013238576,76.6331399668801,34.86234510318298,94.49692293381763,0.0724310761496724,4.821156151754275,1.3496519306157444,0.05462300205665116,0.7154792251999911,0.324892841198684,20.0
6,10,0.11078360238484827,0.994533652121829,0.06340693499139208,21.328849935267748,0.1668665860193929,0.1668665860193929,0.0009279527271455456,0.004529825312402527,0.11078360238484827,0.0011627543074287203,4.0531562581386815,0.19764030013238576,76.6331399668801,34.86234510318298,94.49692293381763,0.0724310761496724,4.821156151754275,1.3496519306157444,0.05462300205665116,0.7154792251999911,0.324892841198684,20.0
7,1,0.06510520452174434,0.9999998444078388,0.0430194341615027,10.484068333677502,0.047593134405363245,0.047593134405363245,2.9849220050014093e-07,4.165164077851323e-05,0.06510520452174434,1.5301618411559603e-05,5.686447570355275,0.6741124740684051,109.8476096812345,156.757580438305,96.20687379446242,0.06106891276315797,2.3258638770692732,0.6129587866837506,0.1044950550649597,1.75577924161967,0.3154128124844666,20.0
7,2,0.07696254765225943,0.9999552821823431,0.05085437995931928,10.484068333677502,0.04759349287219142,0.04759349287219142,5.237529443353917e-06,0.00016156654456227196,0.07696254765225943,1.5664366309635092e-05,5.686447570355275,0.6741124740684051,109.8476096812345,156.757580438305,96.20687379446242,0.06106891276315797,2.3258638770692732,0.6129587866837506,0.1044950550649597,1.75577924161967,0.3154128124844666,20.0
7,3,0.07696255400472575,0.9999543437559563,0.050854384153546935,10.484068333677502,0.04759349287219158,0.04759349287219158,5.292957093038079e-06,0.00016161506323770984,0.07696255400472575,1.56643663098836e-05,5.686447570355275,0.6741124740684051,109.8476096812345,156.757580438305,96.20687379446242,0.06106891276315797,2.3258638770692732,0.6129587866837506,0.1044950550649597,1.75577924161967,0.3154128124844666,20.0
7,4,0.07696255400472575,0.9999543437559557,0.050854384153546935,10.484068333677502,0.04759349287219158,0.04759349287219158,5.292957093052365e-06,0.00016161506323771933,0.07696255400472575,1.56643663098836e-05,5.686447570355275,0.6741124740684051,109.8476096812345,156.757580438305,96.20687379446242,0.06106891276315797,2.3258638770692732,0.6129587866837506,0.1044950550649597,1.75577924161967,0.3154128124844666,20.0
7,5,0.07696255400472575,0.9999543437559557,0.050854384153546935,10.484068333677502,0.04759349287219158,0.04759349287219158,5.292957093052365e-06,0.00016161506323771933,0.07696255400472575,1.56643663098836e-05,5.686447570355275,0.6741124740684051,109.8476096812345,156.757580438305,96.20687379446242,0.06106891276315797,2.3258638770692732,0.6129587866837506,0.1044950550649597,1.75577924161967,0.3154128124844666,20.0
7,6,0.07696255400472575,0.9999543437559557,0.050854384153546935,10.484068333677502,0.04759349287219158,0.04759349287219158,5.292957093052365e-06,0.00016161506323771933,0.07696255400472575,1.56643663098836e-05,5.686447570355275,0.6741124740684051,109.8476096812345,156.757580438305,96.20687379446242,0.06106891276315797,2.3258638770692732,0.6129587866837506,0.1044950550649597,1.75577924161967,0.3154128124844666,20.0
7,7,0.07696255400472575,0.9999543437559557,0.050854384153546935,10.484068333677502,0.04759349287219158,0.04759349287219158,5.292957093052365e-06,0.00016161506323771933,0.07696255400472575,1.56643663098836e-05,5.686447570355275,0.6741124740684051,109.8476096812345,156.757580438305,96.20687379446242,0.06106891276315797,2.3258638770692732,0.6129587866837506,0.1044950550649597,1.75577924161967,0.3154128124844666,20.0
7,8,0.07696255400472575,0.9999543437559557,0.050854384153546935,10.484068333677502,0.04759349287219158,0.04759349287219158,5.292957093052365e-06,0.00016161506323771933,0.07696255400472575,1.56643663098836e-05,5.686447570355275,0.6741124740684051,109.8476096812345,156.757580438305,96.20687379446242,0.06106891276315797,2.3258638770692732,0.6129587866837506,0.1044950550649597,1.75577924161967,0.3154128124844666,20.0
7,9,0.07696255400472575,0.9999543437559557,0.050854384153546935,10.484068333677502,0.04759349287219158,0.04759349287219158,5.292957093052365e-06,0.00016161506323771933,0.07696255400472575,1.56643663098836e-05,5.686447570355275,0.6741124740684051,109.8476096812345,156.757580438305,96.20687379446242,0.06106891276315797,2.3258638770692732,0.6129587866837506,0.1044950550649597,1.75577924161967,0.3154128124844666,20.0
7,10,0.07696255400472575,0.9999543437559557,0.050854384153546935,10.484068333677502,0.04759349287219158,0.04759349287219158,5.292957093052365e-06,0.00016161506323771933,0.07696255400472575,1.56643663098836e-05,5.686447570355275,0.6741124740684051,109.8476096812345,156.757580438305,96.20687379446242,0.06106891276315797,2.3258638770692732,0.6129587866837506,0.1044950550649597,1.75577924161967,0.3154128124844666,20.0
8,1,0.04605104494990259,0.8248353946771978,0.029240508374096374,8.33113723700898,0.35241523349825876,0.35241523349825876,0.069767833389565,0.13208833866479025,0.04605104494990259,0.0017052293240015846,4.720285009116386,0.7002081945527578,86.46737304451909,132.57066698144342,52.83425182470394,0.14894177349993415,5.073321083203692,0.7457047430492598,0.061237913850603856,0.9991646097410533,0.4430762455394972,20.0
8,2,0.04992036790734613,0.7259406068870783,0.03169642032694918,8.33113723700898,0.35242528328452183,0.35242528328452183,0.09801190742978755,0.1542131732238627,0.04992036790734613,0.0017069952699422279,4.720285009116386,0.7002081945527578,86.46737304451909,132.57066698144342,52.83425182470394,0.14894177349993415,5.073321083203692,0.7457047430492598,0.061237913850603856,0.9991646097410533,0.4430762455394972,20.0
8,3,0.049920382174441245,0.7259365433020712,0.03169642937960445,8.33113723700898,0.35242528329555867,0.35242528329555867,0.09801213872202223,0.15421328801325054,0.049920382174441245,0.0017069952724831537,4.720285009116386,0.7002081945527578,86.46737304451909,132.57066698144342,52.83425182470394,0.14894177349993415,5.073321083203692,0.7457047430492598,0.061237913850603856,0.9991646097410533,0.4430762455394972,20.0
8,4,0.04992038217444996,0.7259365432974565,0.031696429379609974,8.33113723700898,0.35242528329555867,0.35242528329555867,0.09801213872219333,0.1542132880133266,0.04992038217444996,0.0017069952724831547,4.720285009116386,0.7002081945527578,86.46737304451909,132.57066698144342,52.83425182470394,0.14894177349993415,5.073321083203692,0.7457047430492598,0.061237913850603856,0.9991646097410533,0.4430762455394972,20.0
8,5,0.04992038217444996,0.7259365432974565,0.031696429379609974,8.33113723700898,0.35242528329555867,0.35242528329555867,0.09801213872219333,0.1542132880133266,0.04992038217444996,0.0017069952724831547,4.720285009116386,0.7002081945527578,86.46737304451909,132.57066698144342,52.83425182470394,0.14894177349993415,5.073321083203692,0.7457047430492598,0.061237913850603856,0.9991646097410533,0.4430762455394972,20.0
8,6,0.04992038217444996,0.7259365432974565,0.031696429379609974,8.33113723700898,0.35242528329555867,0.35242528329555867,0.09801213872219333,0.1542132880133266,0.04992038217444996,0.0017069952724831547,4.720285009116386,0.7002081945527578,86.46737304451909,132.57066698144342,52.83425182470394,0.14894177349993415,5.073321083203692,0.7457047430492598,0.061237913850603856,0.9991646097410533,0.4430762455394972,20.0
8,7,0.04992038217444996,0.7259365432974565,0.031696429379609974,8.33113723700898,0.35242528329555867,0.35242528329555867,0.09801213872219333,0.1542132880133266,0.04992038217444996,0.0017069952724831547,4.720285009116386,0.7002081945527578,86.46737304451909,132.57066698144342,52.83425182470394,0.14894177349993415,5.073321083203692,0.7457047430492598,0.061237913850603856,0.9991646097410533,0.4430762455394972,20.0
8,8,0.04992038217444996,0.7259365432974565,0.031696429379609974,8.33113723700898,0.35242528329555867,0.35242528329555867,0.09801213872219333,0.1542132880133266,0.04992038217444996,0.0017069952724831547,4.720285009116386,0.7002081945527578,86.46737304451909,132.57066698144342,52.83425182470394,0.14894177349993415,5.073321083203692,0.7457047430492598,0.061237913850603856,0.9991646097410533,0.4430762455394972,20.0
8,9,0.04992038217444996,0.7259365432974565,0.031696429379609974,8.33113723700898,0.35242528329555867,0.35242528329555867,0.09801213872219333,0.1542132880133266,0.04992038217444996,0.0017069952724831547,4.720285009116386,0.7002081945527578,86.46737304451909,132.57066698144342,52.83425182470394,0.14894177349993415,5.073321083203692,0.7457047430492598,0.061237913850603856,0.9991646097410533,0.4430762455394972,20.0
8,10,0.04992038217444996,0.7259365432974565,0.031696429379609974,8.33113723700898,0.35242528329555867,0.35242528329555867,0.09801213872219333,0.1542132880133266,0.04992038217444996,0.0017069952724831547,4.720285009116386,0.7002081945527578,86.46737304451909,132.57066698144342,52.83425182470394,0.14894177349993415,5.073321083203692,0.7457047430492598,0.061237913850603856,0.9991646097410533,0.4430762455394972,20.0
9,1,0.06931077177926964,0.588524524022585,0.03417029317931024,16.35430071525841,0.06892058807146006,0.06892058807146006,0.13844327831624842,0.21561135926054215,0.06931077177926964,5.821807271877451e-07,4.210323693257983,0.28274007463651807,175.9410694253876,101.91625536236786,88.79845935198338,0.053304672406074574,2.467939516434085,0.36080632628945447,0.0895487373010039,1.6536852512102582,0.49976398819575896,20.0
9,2,0.06964791894944496,0.5237337102457923,0.0343363654654532,16.35430071525841,0.06892058831078116,0.06892058831078116,0.14445668635074413,0.2188495500814321,0.06964791894944496,5.824766172876731e-07,4.210323693257983,0.28274007463651807,175.9410694253876,101.91625536236786,88.79845935198338,0.053304672406074574,2.467939516434085,0.36080632628945447,0.0895487373010039,1.6536852512102582,0.49976398819575896,20.0
9,3,0.06964791894944801,0.5237337100843881,0.0343363654654547,16.35430071525841,0.06892058831078116,0.06892058831078116,0.14445668635085915,0.2188495500814704,0.06964791894944801,5.824766172876741e-07,4.210323693257983,0.28274007463651807,175.9410694253876,101.91625536236786,88.79845935198338,0.053304672406074574,2.467939516434085,0.36080632628945447,0.0895487373010039,1.6536852512102582,0.49976398819575896,20.0
9,4,0.06964791894944801,0.5237337100843881,0.0343363654654547,16.35430071525841,0.06892058831078116,0.06892058831078116,0.14445668635085915,0.2188495500814704,0.06964791894944801,5.824766172876741e-07,4.210323693257983,0.28274007463651807,175.9410694253876,101.91625536236786,88.79845935198338,0.053304672406074574,2.467939516434085,0.36080632628945447,0.0895487373010039,1.6536852512102582,0.49976398819575896,20.0
9,5,0.06964791894944801,0.5237337100843881,0.0343363654654547,16.35430071525841,0.06892058831078116,0.06892058831078116,0.14445668635085915,0.2188495500814704,0.06964791894944801,5.824766172876741e-07,4.210323693257983,0.28274007463651807,175.9410694253876,101.91625536236786,88.79845935198338,0.053304672406074574,2.467939516434085,0.36080632628945447,0.0895487373010039,1.6536852512102582,0.49976398819575896,20.0
9,6,0.06964791894944801,0.5237337100843881,0.0343363654654547,16.35430071525841,0.06892058831078116,0.06892058831078116,0.14445668635085915,0.2188495500814704,0.06964791894944801,5.824766172876741e-07,4.210323693257983,0.28274007463651807,175.9410694253876,101.91625536236786,88.79845935198338,0.053304672406074574,2.467939516434085,0.36080632628945447,0.0895487373010039,1.6536852512102582,0.49976398819575896,20.0
9,7,0.06964791894944801,0.5237337100843881,0.0343363654654547,16.35430071525841,0.06892058831078116,0.06892058831078116,0.14445668635085915,0.2188495500814704,0.06964791894944801,5.824766172876741e-07,4.210323693257983,0.28274007463651807,175.9410694253876,101.91625536236786,88.79845935198338,0.053304672406074574,2.467939516434085,0.36080632628945447,0.0895487373010039,1.6536852512102582,0.49976398819575896,20.0
9,8,0.06964791894944801,0.5237337100843881,0.0343363654654547,16.35430071525841,0.06892058831078116,0.06892058831078116,0.14445668635085915,0.2188495500814704,0.06964791894944801,5.824766172876741e-07,4.210323693257983,0.28274007463651807,175.9410694253876,101.91625536236786,88.79845935198338,0.053304672406074574,2.467939516434085,0.36080632628945447,0.0895487373010039,1.6536852512102582,0.49976398819575896,20.0
9,9,0.06964791894944801,0.5237337100843881,0.0343363654654547,16.35430071525841,0.06892058831078116,0.06892058831078116,0.14445668635085915,0.2188495500814704,0.06964791894944801,5.824766172876741e-07,4.210323693257983,0.28274007463651807,175.9410694253876,101.91625536236786,88.79845935198338,0.053304672406074574,2.467939516434085,0.36080632628945447,0.0895487373010039,1.6536852512102582,0.49976398819575896,20.0
9,10,0.06964791894944801,0.5237337100843881,0.0343363654654547,16.35430071525841,0.06892058831078116,0.06892058831078116,0.14445668635085915,0.2188495500814704,0.06964791894944801,5.824766172876741e-07,4.210323693257983,0.28274007463651807,175.9410694253876,101.91625536236786,88.79845935198338,0.053304672406074574,2.467939516434085,0.36080632628945447,0.0895487373010039,1.6536852512102582,0.49976398819575896,20.0
10,1,0.016265492578073047,0.19204542433085206,0.009457892724440135,5.256763482257178,0.10791500057814093,0.10791500057814093,0.149998502995221,0.17948465466356406,0.016265492578073047,0.001569565699906145,2.722286140127029,0.9723684834382778,192.01049787252174,196.14802106551883,99.12774126038705,0.10218762382484448,2.25132439243364,0.41515830047213076,0.1815099651886787,1.2935541355676974,0.35619479520691233,20.0
10,2,0.01626549686534195,0.17148527303748343,0.009457895212361215,5.256763482257178,0.10791500057814093,0.10791500057814093,0.1499998016874833,0.17948480346167642,0.01626549686534195,0.001569565699906145,2.722286140127029,0.9723684834382778,192.01049787252174,196.14802106551883,99.12774126038705,0.10218762382484448,2.25132439243364,0.41515830047213076,0.1815099651886787,1.2935541355676974,0.35619479520691233,20.0
10,3,0.01626549686534195,0.17148527303748343,0.009457895212361215,5.256763482257178,0.10791500057814093,0.10791500057814093,0.1499998016874833,0.17948480346167642,0.01626549686534195,0.001569565699906145,2.722286140127029,0.9723684834382778,192.01049787252174,196.14802106551883,99.12774126038705,0.10218762382484448,2.25132439243364,0.41515830047213076,0.1815099651886787,1.2935541355676974,0.35619479520691233,20.0
10,4,0.01626549686534195,0.17148527303748343,0.009457895212361215,5.256763482257178,0.10791500057814093,0.10791500057814093,0.1499998016874833,0.17948480346167642,0.01626549686534195,0.001569565699906145,2.722286140127029,0.9723684834382778,192.01049787252174,196.14802106551883,99.12774126038705,0.10218762382484448,2.25132439243364,0.41515830047213076,0.1815099651886787,1.2935541355676974,0.35619479520691233,20.0
10,5,0.01626549686534195,0.17148527303748343,0.009457895212361215,5.256763482257178,0.10791500057814093,0.10791500057814093,0.1499998016874833,0.17948480346167642,0.01626549686534195,0.001569565699906145,2.722286140127029,0.9723684834382778,192.01049787252174,196.14802106551883,99.12774126038705,0.10218762382484448,2.25132439243364,0.41515830047213076,0.1815099651886787,1.2935541355676974,0.35619479520691233,20.0
10,6,0.01626549686534195,0.17148527303748343,0.009457895212361215,5.256763482257178,0.10791500057814093,0.10791500057814093,0.1499998016874833,0.17948480346167642,0.01626549686534195,0.001569565699906145,2.722286140127029,0.9723684834382778,192.01049787252174,196.14802106551883,99.12774126038705,0.10218762382484448,2.25132439243364,0.41515830047213076,0.1815099651886787,1.2935541355676974,0.35619479520691233,20.0
10,7,0.01626549686534195,0.17148527303748343,0.009457895212361215,5.256763482257178,0.10791500057814093,0.10791500057814093,0.1499998016874833,0.17948480346167642,0.01626549686534195,0.001569565699906145,2.722286140127029,0.9723684834382778,192.01049787252174,196.14802106551883,99.12774126038705,0.10218762382484448,2.25132439243364,0.41515830047213076,0.1815099651886787,1.2935541355676974,0.35619479520691233,20.0
10,8,0.01626549686534195,0.17148527303748343,0.009457895212361215,5.256763482257178,0.10791500057814093,0.10791500057814093,0.1499998016874833,0.17948480346167642,0.01626549686534195,0.001569565699906145,2.722286140127029,0.9723684834382778,192.01049787252174,196.14802106551883,99.12774126038705,0.10218762382484448,2.25132439243364,0.41515830047213076,0.1815099651886787,1.2935541355676974,0.35619479520691233,20.0
10,9,0.01626549686534195,0.17148527303748343,0.009457895212361215,5.256763482257178,0.10791500057814093,0.10791500057814093,0.1499998016874833,0.17948480346167642,0.01626549686534195,0.001569565699906145,2.722286140127029,0.9723684834382778,192.01049787252174,196.14802106551883,99.12774126038705,0.10218762382484448,2.25132439243364,0.41515830047213076,0.1815099651886787,1.2935541355676974,0.35619479520691233,20.0
10,10,0.01626549686534195,0.17148527303748343,0.009457895212361215,5.256763482257178,0.10791500057814093,0.10791500057814093,0.1499998016874833,0.17948480346167642,0.01626549686534195,0.001569565699906145,2.722286140127029,0.9723684834382778,192.01049787252174,196.14802106551883,99.12774126038705,0.10218762382484448,2.25132439243364,0.41515830047213076,0.1815099651886787,1.2935541355676974,0.35619479520691233,20.0
11,1,0.08390928630615149,0.9452680917317817,0.04729259059833517,59.38587971983894,0.10575644908092574,0.10575644908092574,0.05399035658927506,0.19657987251123618,0.08390928630615149,5.217099315365286e-11,5.452653422609983,0.09557754803444532,187.5798737389439,199.0153267327988,69.2409044953547,0.06568640143067991,5.249659218806592,0.3206469815726378,0.15602223252840483,1.0905903673894635,0.36883180406217453,20.0
11,2,0.08541253145654315,0.894328756392,0.04813819958892512,59.38587971983894,0.10575644908092574,0.10575644908092574,0.08633625335117903,0.23034041872460712,0.08541253145654315,5.217099337490235e-11,5.452653422609983,0.09557754803444532,187.5798737389439,199.0153267327988,69.2409044953547,0.06568640143067991,5.249659218806592,0.3206469815726378,0.15602223252840483,1.0905903673894635,0.36883180406217453,20.0
11,3,0.08541253145654315,0.894328756392,0.04813819958892512,59.38587971983894,0.10575644908092574,0.10575644908092574,0.08633625335117903,0.23034041872460712,0.08541253145654315,5.217099337490235e-11,5.452653422609983,0.09557754803444532,187.5798737389439,199.0153267327988,69.2409044953547,0.06568640143067991,5.249659218806592,0.3206469815726378,0.15602223252840483,1.0905903673894635,0.36883180406217453,20.0
11,4,0.08541253145654315,0.894328756392,0.04813819958892512,59.38587971983894,0.10575644908092574,0.10575644908092574,0.08633625335117903,0.23034041872460712,0.08541253145654315,5.217099337490235e-11,5.452653422609983,0.09557754803444532,187.5798737389439,199.0153267327988,69.2409044953547,0.06568640143067991,5.249659218806592,0.3206469815726378,0.15602223252840483,1.0905903673894635,0.36883180406217453,20.0
11,5,0.08541253145654315,0.894328756392,0.04813819958892512,59.38587971983894,0.10575644908092574,0.10575644908092574,0.08633625335117903,0.23034041872460712,0.08541253145654315,5.217099337490235e-11,5.452653422609983,0.09557754803444532,187.5798737389439,199.0153267327988,69.2409044953547,0.06568640143067991,5.249659218806592,0.3206469815726378,0.15602223252840483,1.0905903673894635,0.36883180406217453,20.0
11,6,0.08541253145654315,0.894328756392,0.04813819958892512,59.38587971983894,0.10575644908092574,0.10575644908092574,0.08633625335117903,0.23034041872460712,0.08541253145654315,5.217099337490235e-11,5.452653422609983,0.09557754803444532,187.5798737389439,199.0153267327988,69.2409044953547,0.06568640143067991,5.249659218806592,0.3206469815726378,0.15602223252840483,1.0905903673894635,0.36883180406217453,20.0
11,7,0.08541253145654315,0.894328756392,0.04813819958892512,59.38587971983894,0.10575644908092574,0.10575644908092574,0.08633625335117903,0.23034041872460712,0.08541253145654315,5.217099337490235e-11,5.452653422609983,0.09557754803444532,187.5798737389439,199.0153267327988,69.2409044953547,0.06568640143067991,5.249659218806592,0.3206469815726378,0.15602223252840483,1.0905903673894635,0.36883180406217453,20.0
11,8,0.08541253145654315,0.894328756392,0.04813819958892512,59.38587971983894,0.10575644908092574,0.10575644908092574,0.08633625335117903,0.23034041872460712,0.08541253145654315,5.217099337490235e-11,5.452653422609983,0.09557754803444532,187.5798737389439,199.0153267327988,69.2409044953547,0.06568640143067991,5.249659218806592,0.3206469815726378,0.15602223252840483,1.0905903673894635,0.36883180406217453,20.0
11,9,0.08541253145654315,0.894328756392,0.04813819958892512,59.38587971983894,0.10575644908092574,0.10575644908092574,0.08633625335117903,0.23034041872460712,0.08541253145654315,5.217099337490235e-11,5.452653422609983,0.09557754803444532,187.5798737389439,199.0153267327988,69.2409044953547,0.06568640143067991,5.249659218806592,0.3206469815726378,0.15602223252840483,1.0905903673894635,0.36883180406217453,20.0
11,10,0.08541253145654315,0.894328756392,0.04813819958892512,59.38587971983894,0.10575644908092574,0.10575644908092574,0.08633625335117903,0.23034041872460712,0.08541253145654315,5.217099337490235e-11,5.452653422609983,0.09557754803444532,187.5798737389439,199.0153267327988,69.2409044953547,0.06568640143067991,5.249659218806592,0.3206469815726378,0.15602223252840483,1.0905903673894635,0.36883180406217453,20.0
12,1,0.030345201925253893,0.3158349215578522,0.015813705984921204,27.08285882946256,0.14054705061526085,0.14054705061526085,0.148932040638001,0.21084456406527907,0.030345201925253893,0.0014795405491991496,3.941009203906711,0.15369777894917103,148.29312741630997,104.72925590443478,78.85540826267993,0.11317118042396739,4.274219032445359,0.22465576141960683,0.14674223977008014,1.1874411054719467,0.3541497597632464,20.0
12,2,0.03035623086592948,0.27017770102621513,0.015819445820481542,27.08285882946256,0.14054705061526107,0.14054705061526107,0.14971723764905112,0.21102776327416628,0.03035623086592948,0.0014795405491994157,3.941009203906711,0.15369777894917103,148.29312741630997,104.72925590443478,78.85540826267993,0.11317118042396739,4.274219032445359,0.22465576141960683,0.14674223977008014,1.1874411054719467,0.3541497597632464,20.0
12,3,0.03035623086592948,0.2701777010262151,0.015819445820481542,27.08285882946256,0.14054705061526107,0.14054705061526107,0.14971723764905112,0.21102776327416628,0.03035623086592948,0.0014795405491994157,3.941009203906711,0.15369777894917103,148.29312741630997,104.72925590443478,78.85540826267993,0.11317118042396739,4.274219032445359,0.22465576141960683,0.14674223977008014,1.1874411054719467,0.3541497597632464,20.0
12,4,0.03035623086592948,0.2701777010262151,0.015819445820481542,27.08285882946256,0.14054705061526107,0.14054705061526107,0.14971723764905112,0.21102776327416628,0.03035623086592948,0.0014795405491994157,3.941009203906711,0.15369777894917103,148.29312741630997,104.72925590443478,78.85540826267993,0.11317118042396739,4.274219032445359,0.22465576141960683,0.14674223977008014,1.1874411054719467,0.3541497597632464,20.0
12,5,0.03035623086592948,0.2701777010262151,0.015819445820481542,27.08285882946256,0.14054705061526107,0.14054705061526107,0.14971723764905112,0.21102776327416628,0.03035623086592948,0.0014795405491994157,3.941009203906711,0.15369777894917103,148.29312741630997,104.72925590443478,78.85540826267993,0.11317118042396739,4.274219032445359,0.22465576141960683,0.14674223977008014,1.1874411054719467,0.3541497597632464,20.0
12,6,0.03035623086592948,0.2701777010262151,0.015819445820481542,27.08285882946256,0.14054705061526107,0.14054705061526107,0.14971723764905112,0.21102776327416628,0.03035623086592948,0.0014795405491994157,3.941009203906711,0.15369777894917103,148.29312741630997,104.72925590443478,78.85540826267993,0.11317118042396739,4.274219032445359,0.22465576141960683,0.14674223977008014,1.1874411054719467,0.3541497597632464,20.0
12,7,0.03035623086592948,0.2701777010262151,0.015819445820481542,27.08285882946256,0.14054705061526107,0.14054705061526107,0.14971723764905112,0.21102776327416628,0.03035623086592948,0.0014795405491994157,3.941009203906711,0.15369777894917103,148.29312741630997,104.72925590443478,78.85540826267993,0.11317118042396739,4.274219032445359,0.22465576141960683,0.14674223977008014,1.1874411054719467,0.3541497597632464,20.0
12,8,0.03035623086592948,0.2701777010262151,0.015819445820481542,27.08285882946256,0.14054705061526107,0.14054705061526107,0.14971723764905112,0.21102776327416628,0.03035623086592948,0.0014795405491994157,3.941009203906711,0.15369777894917103,148.29312741630997,104.72925590443478,78.85540826267993,0.11317118042396739,4.274219032445359,0.22465576141960683,0.14674223977008014,1.1874411054719467,0.3541497597632464,20.0
12,9,0.03035623086592948,0.2701777010262151,0.015819445820481542,27.08285882946256,0.14054705061526107,0.14054705061526107,0.14971723764905112,0.21102776327416628,0.03035623086592948,0.0014795405491994157,3.941009203906711,0.15369777894917103,148.29312741630997,104.72925590443478,78.85540826267993,0.11317118042396739,4.274219032445359,0.22465576141960683,0.14674223977008014,1.1874411054719467,0.3541497597632464,20.0
12,10,0.03035623086592948,0.2701777010262151,0.015819445820481542,27.08285882946256,0.14054705061526107,0.14054705061526107,0.14971723764905112,0.21102776327416628,0.03035623086592948,0.0014795405491994157,3.941009203906711,0.15369777894917103,148.29312741630997,104.72925590443478,78.85540826267993,0.11317118042396739,4.274219032445359,0.22465576141960683,0.14674223977008014,1.1874411054719467,0.3541497597632464,20.0
13,1,0.06262814267138682,0.999999999853531,0.039099165076688355,13.502954119640185,0.18212412509701723,0.18212412509701723,2.0821296421408467e-12,6.534460673338856e-07,0.06262814267138682,0.0002041982283826628,5.085136331617976,0.398204736856919,45.99544366448159,36.761233419249514,73.03729670808269,0.11037300553197424,3.4886905909099886,1.4599245100010083,0.17212401500449134,1.587639395084682,0.45812434709005,20.0
13,2,0.08998498714403211,0.9992849382858044,0.056178283753499134,13.502954119640185,0.1822016882793082,0.1822016882793082,0.00011162624276964975,0.00012530733860663818,0.08998498714403211,0.0002249139780343939,5.085136331617976,0.398204736856919,45.99544366448159,36.761233419249514,73.03729670808269,0.11037300553197424,3.4886905909099886,1.4599245100010083,0.17212401500449134,1.587639395084682,0.45812434709005,20.0
13,3,0.08998763554506237,0.9992162845473551,0.056179935690752594,13.502954119640185,0.18220168831264233,0.18220168831264233,0.00012164139051556679,0.00013474636287287865,0.08998763554506237,0.00022491399246682517,5.085136331617976,0.398204736856919,45.99544366448159,36.761233419249514,73.03729670808269,0.11037300553197424,3.4886905909099886,1.4599245100010083,0.17212401500449134,1.587639395084682,0.45812434709005,20.0
13,4,0.08998763554557337,0.9992162845088317,0.056179935691071194,13.502954119640185,0.18220168831264233,0.18220168831264233,0.00012164139468268508,0.00013474636556568695,0.08998763554557337,0.00022491399246682582,5.085136331617976,0.398204736856919,45.99544366448159,36.761233419249514,73.03729670808269,0.11037300553197424,3.4886905909099886,1.4599245100010083,0.17212401500449134,1.587639395084682,0.45812434709005,20.0
13,5,0.08998763554557337,0.9992162845088317,0.056179935691071194,13.502954119640185,0.18220168831264233,0.18220168831264233,0.00012164139468268521,0.00013474636556568703,0.08998763554557337,0.00022491399246682582,5.085136331617976,0.398204736856919,45.99544366448159,36.761233419249514,73.03729670808269,0.11037300553197424,3.4886905909099886,1.4599245100010083,0.17212401500449134,1.587639395084682,0.45812434709005,20.0
13,6,0.08998763554557337,0.9992162845088317,0.056179935691071194,13.502954119640185,0.18220168831264233,0.18220168831264233,0.00012164139468268521,0.00013474636556568703,0.08998763554557337,0.00022491399246682582,5.085136331617976,0.398204736856919,45.99544366448159,36.761233419249514,73.03729670808269,0.11037300553197424,3.4886905909099886,1.4599245100010083,0.17212401500449134,1.587639395084682,0.45812434709005,20.0
13,7,0.08998763554557337,0.9992162845088317,0.056179935691071194,13.502954119640185,0.18220168831264233,0.18220168831264233,0.00012164139468268521,0.00013474636556568703,0.08998763554557337,0.00022491399246682582,5.085136331617976,0.398204736856919,45.99544366448159,36.761233419249514,73.03729670808269,0.11037300553197424,3.4886905909099886,1.4599245100010083,0.17212401500449134,1.587639395084682,0.45812434709005,20.0
13,8,0.08998763554557337,0.9992162845088317,0.056179935691071194,13.502954119640185,0.18220168831264233,0.18220168831264233,0.00012164139468268521,0.00013474636556568703,0.08998763554557337,0.00022491399246682582,5.085136331617976,0.398204736856919,45.99544366448159,36.761233419249514,73.03729670808269,0.11037300553197424,3.4886905909099886,1.4599245100010083,0.17212401500449134,1.587639395084682,0.45812434709005,20.0
13,9,0.08998763554557337,0.9992162845088317,0.056179935691071194,13.502954119640185,0.18220168831264233,0.18220168831264233,0.00012164139468268521,0.00013474636556568703,0.08998763554557337,0.00022491399246682582,5.085136331617976,0.398204736856919,45.99544366448159,36.761233419249514,73.03729670808269,0.11037300553197424,3.4886905909099886,1.4599245100010083,0.17212401500449134,1.587639395084682,0.45812434709005,20.0
13,10,0.08998763554557337,0.9992162845088317,0.056179935691071194,13.502954119640185,0.18220168831264233,0.18220168831264233,0.00012164139468268521,0.00013474636556568703,0.08998763554557337,0.00022491399246682582,5.085136331617976,0.398204736856919,45.99544366448159,36.761233419249514,73.03729670808269,0.11037300553197424,3.4886905909099886,1.4599245100010083,0.17212401500449134,1.587639395084682,0.45812434709005,20.0
14,1,0.005599557179451784,0.9999999987403088,0.003493824196232408,8.70196371371508,0.14543572587377124,0.14543572587377124,1.3831805313240942e-34,6.721012038615305e-27,0.005599557179451784,0.006634910860631789,6.465696316857436,0.862501850689959,65.24614137274378,99.13633270451767,42.83139483777561,0.02072941510160344,3.3191355168047867,0.8132582049854733,0.19478691061068845,0.9328962636650208,0.34089192771292187,20.0
14,2,0.06371947183449306,0.9463298760905388,0.039797647108025296,8.70196371371508,0.177786667935399,0.177786667935399,0.009145798261874791,0.01822897866506412,0.06371947183449306,0.012519600833729973,6.465696316857436,0.862501850689959,65.24614137274378,99.13633270451767,42.83139483777561,0.02072941510160344,3.3191355168047867,0.8132582049854733,0.19478691061068845,0.9328962636650208,0.34089192771292187,20.0
14,3,0.07775812711249964,0.9239637897673123,0.048566734829897096,8.70196371371508,0.17806064732394672,0.17806064732394672,0.015376749865813,0.02901012270355427,0.07775812711249964,0.01271922184814857,6.465696316857436,0.862501850689959,65.24614137274378,99.13633270451767,42.83139483777561,0.02072941510160344,3.3191355168047867,0.8132582049854733,0.19478691061068845,0.9328962636650208,0.34089192771292187,20.0
14,4,0.07781738627512988,0.9232197031565506,0.04860373819806351,8.70196371371508,0.17806066495231906,0.17806066495231906,0.015498256339255272,0.02916081695497991,0.07781738627512988,0.012719242797716707,6.465696316857436,0.862501850689959,65.24614137274378,99.13633270451767,42.83139483777561,0.02072941510160344,3.3191355168047867,0.8132582049854733,0.19478691061068845,0.9328962636650208,0.34089192771292187,20.0
14,5,0.07781738847616157,0.923219635708767,0.04860373957212489,8.70196371371508,0.17806066495238007,0.17806066495238007,0.01549826472783974,0.029160825320782412,0.07781738847616157,0.012719242797809326,6.465696316857436,0.862501850689959,65.24614137274378,99.13633270451767,42.83139483777561,0.02072941510160344,3.3191355168047867,0.8132582049854733,0.19478691061068845,0.9328962636650208,0.34089192771292187,20.0
14,6,0.0778173884761667,0.9232196357084989,0.048603739572128095,8.70196371371508,0.17806066495238007,0.17806066495238007,0.01549826472786765,0.029160825320806476,0.0778173884761667,0.012719242797809326,6.465696316857436,0.862501850689959,65.24614137274378,99.13633270451767,42.83139483777561,0.02072941510160344,3.3191355168047867,0.8132582049854733,0.19478691061068845,0.9328962636650208,0.34089192771292187,20.0
14,7,0.0778173884761667,0.9232196357084989,0.048603739572128095,8.70196371371508,0.17806066495238007,0.17806066495238007,0.01549826472786765,0.029160825320806476,0.0778173884761667,0.012719242797809326,6.465696316857436,0.862501850689959,65.24614137274378,99.13633270451767,42.83139483777561,0.02072941510160344,3.3191355168047867,0.8132582049854733,0.19478691061068845,0.9328962636650208,0.34089192771292187,20.0
14,8,0.0778173884761667,0.9232196357084989,0.048603739572128095,8.70196371371508,0.17806066495238007,0.17806066495238007,0.01549826472786765,0.029160825320806476,0.0778173884761667,0.012719242797809326,6.465696316857436,0.862501850689959,65.24614137274378,99.13633270451767,42.83139483777561,0.02072941510160344,3.3191355168047867,0.8132582049854733,0.19478691061068845,0.9328962636650208,0.34089192771292187,20.0
14,9,0.0778173884761667,0.9232196357084989,0.048603739572128095,8.70196371371508,0.17806066495238007,0.17806066495238007,0.01549826472786765,0.029160825320806476,0.0778173884761667,0.012719242797809326,6.465696316857436,0.862501850689959,65.24614137274378,99.13633270451767,42.83139483777561,0.02072941510160344,3.3191355168047867,0.8132582049854733,0.19478691061068845,0.9328962636650208,0.34089192771292187,20.0
14,10,0.0778173884761667,0.9232196357084989,0.048603739572128095,8.70196371371508,0.17806066495238007,0.17806066495238007,0.01549826472786765,0.029160825320806476,0.0778173884761667,0.012719242797809326,6.465696316857436,0.862501850689959,65.24614137274378,99.13633270451767,42.83139483777561,0.02072941510160344,3.3191355168047867,0.8132582049854733,0.19478691061068845,0.9328962636650208,0.34089192771292187,20.0
15,1,0.02051284760256967,0.9999999507788306,0.006440514518837223,7.9680147726786235,0.4164159583481675,0.4164159583481675,4.848345157855284e-09,1.9116731430640242e-07,0.02051284760256967,0.006671189285880007,5.533485455531873,0.7846137191161218,197.82190256747367,83.27898152102377,16.545704847141806,0.03200075826050705,4.235690362161764,1.0720918460132112,0.023185614816389213,1.6394388116573575,0.39689029506121704,20.0
15,2,0.12445854153994317,0.8816142817366535,0.0390878702645658,7.9680147726786235,0.6553941943376718,0.6553941943376718,0.010355057558592146,0.01991948402425342,0.12445854153994317,0.027108338770511838,5.533485455531873,0.7846137191161218,197.82190256747367,83.27898152102377,16.545704847141806,0.03200075826050705,4.235690362161764,1.0720918460132112,0.023185614816389213,1.6394388116573575,0.39689029506121704,20.0
15,3,0.20010061760598655,0.7735535258842573,0.06284650753073828,7.9680147726786235,0.7180448638586788,0.7180448638586788,0.03172214665847878,0.055502744740363694,0.20010061760598655,0.03915237730690324,5.533485455531873,0.7846137191161218,197.82190256747367,83.27898152102377,16.545704847141806,0.03200075826050705,4.235690362161764,1.0720918460132112,0.023185614816389213,1.6394388116573575,0.39689029506121704,20.0
15,4,0.21649461871780587,0.7336218505881963,0.06799560832087405,7.9680147726786235,0.726464077104598,0.726464077104598,0.03988143915042917,0.06742872206670757,0.21649461871780587,0.04154805162076006,5.533485455531873,0.7846137191161218,197.82190256747367,83.27898152102377,16.545704847141806,0.03200075826050705,4.235690362161764,1.0720918460132112,0.023185614816389213,1.6394388116573575,0.39689029506121704,20.0
15,5,0.2182796719863507,0.7268221025318174,0.06855625193810612,7.9680147726786235,0.7271751001476001,0.7271751001476001,0.04105846668907799,0.06901905324688504,0.2182796719863507,0.04180010356049897,5.533485455531873,0.7846137191161218,197.82190256747367,83.27898152102377,16.545704847141806,0.03200075826050705,4.235690362161764,1.0720918460132112,0.023185614816389213,1.6394388116573575,0.39689029506121704,20.0
15,6,0.21840616386212922,0.7261439833603764,0.06859597928463528,7.9680147726786235,0.7272176273449628,0.7272176273449628,0.041158131415909883,0.06914680156706628,0.21840616386212922,0.041817684113963645,5.533485455531873,0.7846137191161218,197.82190256747367,83.27898152102377,16.545704847141806,0.03200075826050705,4.235690362161764,1.0720918460132112,0.023185614816389213,1.6394388116573575,0.39689029506121704,20.0
15,7,0.2184126364306958,0.7260985676740354,0.06859801209029252,7.9680147726786235,0.7272195487163782,0.7272195487163782,0.041163962491424906,0.06915396642097157,0.2184126364306958,0.04181857720406227,5.533485455531873,0.7846137191161218,197.82190256747367,83.27898152102377,16.545704847141806,0.03200075826050705,4.235690362161764,1.0720918460132112,0.023185614816389213,1.6394388116573575,0.39689029506121704,20.0
15,8,0.2184128907325211,0.7260963488880806,0.06859809195628348,7.9680147726786235,0.7272196173410654,0.7272196173410654,0.0411642172459871,0.06915426856795913,0.2184128907325211,0.04181861219543134,5.533485455531873,0.7846137191161218,197.82190256747367,83.27898152102377,16.545704847141806,0.03200075826050705,4.235690362161764,1.0720918460132112,0.023185614816389213,1.6394388116573575,0.39689029506121704,20.0
15,9,0.21841289875323877,0.7260962650609663,0.0685980944752343,7.9680147726786235,0.7272196193486336,0.7272196193486336,0.04116422600467163,0.06915427864908467,0.21841289875323877,0.04181861329866835,5.533485455531873,0.7846137191161218,197.82190256747367,83.27898152102377,16.545704847141806,0.03200075826050705,4.235690362161764,1.0720918460132112,0.023185614816389213,1.6394388116573575,0.39689029506121704,20.0
15,10,0.2184128989633101,0.7260962625038242,0.06859809454120758,7.9680147726786235,0.7272196193981089,0.7272196193981089,0.04116422625107106,0.06915427892548608,0.2184128989633101,0.04181861332759121,5.533485455531873,0.7846137191161218,197.82190256747367,83.27898152102377,16.545704847141806,0.03200075826050705,4.235690362161764,1.0720918460132112,0.023185614816389213,1.6394388116573575,0.39689029506121704,20.0
16,1,0.06293669591452868,0.9995548277904261,0.04113469321630602,31.26783231143258,0.20676349576582648,0.20676349576582648,0.000726126810462767,0.05962419741805091,0.06293669591452868,1.3133861834393302e-09,5.997744662968254,0.2036169974402421,91.5259724974907,151.8608638822014,58.64239054443723,0.09242180681041785,3.2593977148307314,1.0026724538226213,0.13171512157391188,0.9175308827362698,0.3999101787612154,20.0
16,2,0.07240798901241237,0.9961796830553011,0.04732000113853325,31.26783231143258,0.20676349577285125,0.20676349577285125,0.006233327928071101,0.1304741240305799,0.07240798901241237,1.3158469564389282e-09,5.997744662968254,0.2036169974402421,91.5259724974907,151.8608638822014,58.64239054443723,0.09242180681041785,3.2593977148307314,1.0026724538226213,0.13171512157391188,0.9175308827362698,0.3999101787612154,20.0
16,3,0.0724079890124222,0.996179683049501,0.04732000113853965,31.26783231143258,0.20676349577285125,0.20676349577285125,0.006233327928327391,0.13047412403074254,0.0724079890124222,1.3158469564389282e-09,5.997744662968254,0.2036169974402421,91.5259724974907,151.8608638822014,58.64239054443723,0.09242180681041785,3.2593977148307314,1.0026724538226213,0.13171512157391188,0.9175308827362698,0.3999101787612154,20.0
16,4,0.0724079890124222,0.996179683049501,0.04732000113853965,31.26783231143258,0.20676349577285125,0.20676349577285125,0.006233327928327391,0.13047412403074254,0.0724079890124222,1.3158469564389282e-09,5.997744662968254,0.2036169974402421,91.5259724974907,151.8608638822014,58.64239054443723,0.09242180681041785,3.2593977148307314,1.0026724538226213,0.13171512157391188,0.9175308827362698,0.3999101787612154,20.0
16,5,0.0724079890124222,0.996179683049501,0.04732000113853965,31.26783231143258,0.20676349577285125,0.20676349577285125,0.006233327928327391,0.13047412403074254,0.0724079890124222,1.3158469564389282e-09,5.997744662968254,0.2036169974402421,91.5259724974907,151.8608638822014,58.64239054443723,0.09242180681041785,3.2593977148307314,1.0026724538226213,0.13171512157391188,0.9175308827362698,0.3999101787612154,20.0
16,6,0.0724079890124222,0.996179683049501,0.04732000113853965,31.26783231143258,0.20676349577285125,0.20676349577285125,0.006233327928327391,0.13047412403074254,0.0724079890124222,1.3158469564389282e-09,5.997744662968254,0.2036169974402421,91.5259724974907,151.8608638822014,58.64239054443723,0.09242180681041785,3.2593977148307314,1.0026724538226213,0.13171512157391188,0.9175308827362698,0.3999101787612154,20.0
16,7,0.0724079890124222,0.996179683049501,0.04732000113853965,31.26783231143258,0.20676349577285125,0.20676349577285125,0.006233327928327391,0.13047412403074254,0.0724079890124222,1.3158469564389282e-09,5.997744662968254,0.2036169974402421,91.5259724974907,151.8608638822014,58.64239054443723,0.09242180681041785,3.2593977148307314,1.0026724538226213,0.13171512157391188,0.9175308827362698,0.3999101787612154,20.0
16,8,0.0724079890124222,0.996179683049501,0.04732000113853965,31.26783231143258,0.20676349577285125,0.20676349577285125,0.006233327928327391,0.13047412403074254,0.0724079890124222,1.3158469564389282e-09,5.997744662968254,0.2036169974402421,91.5259724974907,151.8608638822014,58.64239054443723,0.09242180681041785,3.2593977148307314,1.0026724538226213,0.13171512157391188,0.9175308827362698,0.3999101787612154,20.0
16,9,0.0724079890124222,0.996179683049501,0.04732000113853965,31.26783231143258,0.20676349577285125,0.20676349577285125,0.006233327928327391,0.13047412403074254,0.0724079890124222,1.3158469564389282e-09,5.997744662968254,0.2036169974402421,91.5259724974907,151.8608638822014,58.64239054443723,0.09242180681041785,3.2593977148307314,1.0026724538226213,0.13171512157391188,0.9175308827362698,0.3999101787612154,20.0
16,10,0.0724079890124222,0.996179683049501,0.04732000113853965,31.26783231143258,0.20676349577285125,0.20676349577285125,0.006233327928327391,0.13047412403074254,0.0724079890124222,1.3158469564389282e-09,5.997744662968254,0.2036169974402421,91.5259724974907,151.8608638822014,58.64239054443723,0.09242180681041785,3.2593977148307314,1.0026724538226213,0.13171512157391188,0.9175308827362698,0.3999101787612154,20.0
17,1,0.04114225872207305,0.22297868850045466,0.01582054192999354,28.414013724040753,0.19286203208655756,0.19286203208655756,0.1499794463490948,0.20298253786663908,0.04114225872207305,0.0009657228555658652,3.473894176399818,0.12607243214146954,195.08414864736665,37.227366366923185,97.39828675820932,0.13063851936839277,3.099245665584542,0.5338929223261997,0.14101037762220023,1.6000750810524837,0.47725268454225256,20.0
17,2,0.04114248793036269,0.198951280081354,0.015820629935691118,28.414013724040753,0.19286203208656533,0.19286203208656533,0.14999567844990278,0.20298551272429396,0.04114248793036269,0.0009657228555727585,3.473894176399818,0.12607243214146954,195.08414864736665,37.227366366923185,97.39828675820932,0.13063851936839277,3.099245665584542,0.5338929223261997,0.14101037762220023,1.6000750810524837,0.47725268454225256,20.0
17,3,0.04114248793036269,0.19895128008135327,0.015820629935691118,28.414013724040753,0.19286203208656533,0.19286203208656533,0.14999567844990278,0.20298551272429396,0.04114248793036269,0.0009657228555727585,3.473894176399818,0.12607243214146954,195.08414864736665,37.227366366923185,97.39828675820932,0.13063851936839277,3.099245665584542,0.5338929223261997,0.14101037762220023,1.6000750810524837,0.47725268454225256,20.0
17,4,0.04114248793036269,0.19895128008135327,0.015820629935691118,28.414013724040753,0.19286203208656533,0.19286203208656533,0.14999567844990278,0.20298551272429396,0.04114248793036269,0.0009657228555727585,3.473894176399818,0.12607243214146954,195.08414864736665,37.227366366923185,97.39828675820932,0.13063851936839277,3.099245665584542,0.5338929223261997,0.14101037762220023,1.6000750810524837,0.47725268454225256,20.0
17,5,0.04114248793036269,0.19895128008135327,0.015820629935691118,28.414013724040753,0.19286203208656533,0.19286203208656533,0.14999567844990278,0.20298551272429396,0.04114248793036269,0.0009657228555727585,3.473894176399818,0.12607243214146954,195.08414864736665,37.227366366923185,97.39828675820932,0.13063851936839277,3.099245665584542,0.5338929223261997,0.14101037762220023,1.6000750810524837,0.47725268454225256,20.0
17,6,0.04114248793036269,0.19895128008135327,0.015820629935691118,28.414013724040753,0.19286203208656533,0.19286203208656533,0.14999567844990278,0.20298551272429396,0.04114248793036269,0.0009657228555727585,3.473894176399818,0.12607243214146954,195.08414864736665,37.227366366923185,97.39828675820932,0.13063851936839277,3.099245665584542,0.5338929223261997,0.14101037762220023,1.6000750810524837,0.47725268454225256,20.0
17,7,0.04114248793036269,0.19895128008135327,0.015820629935691118,28.414013724040753,0.19286203208656533,0.19286203208656533,0.14999567844990278,0.20298551272429396,0.04114248793036269,0.0009657228555727585,3.473894176399818,0.12607243214146954,195.08414864736665,37.227366366923185,97.39828675820932,0.13063851936839277,3.099245665584542,0.5338929223261997,0.14101037762220023,1.6000750810524837,0.47725268454225256,20.0
17,8,0.04114248793036269,0.19895128008135327,0.015820629935691118,28.414013724040753,0.19286203208656533,0.19286203208656533,0.14999567844990278,0.20298551272429396,0.04114248793036269,0.0009657228555727585,3.473894176399818,0.12607243214146954,195.08414864736665,37.227366366923185,97.39828675820932,0.13063851936839277,3.099245665584542,0.5338929223261997,0.14101037762220023,1.6000750810524837,0.47725268454225256,20.0
17,9,0.04114248793036269,0.19895128008135327,0.015820629935691118,28.414013724040753,0.19286203208656533,0.19286203208656533,0.14999567844990278,0.20298551272429396,0.04114248793036269,0.0009657228555727585,3.473894176399818,0.12607243214146954,195.08414864736665,37.227366366923185,97.39828675820932,0.13063851936839277,3.099245665584542,0.5338929223261997,0.14101037762220023,1.6000750810524837,0.47725268454225256,20.0
17,10,0.04114248793036269,0.19895128008135327,0.015820629935691118,28.414013724040753,0.19286203208656533,0.19286203208656533,0.14999567844990278,0.20298551272429396,0.04114248793036269,0.0009657228555727585,3.473894176399818,0.12607243214146954,195.08414864736665,37.227366366923185,97.39828675820932,0.13063851936839277,3.099245665584542,0.5338929223261997,0.14101037762220023,1.6000750810524837,0.47725268454225256,20.0
18,1,0.11255151623353082,0.9999999999388682,0.05773229361371411,17.66389579337888,0.1392160390360824,0.1392160390360824,7.51405411666414e-25,1.7670721921268938e-18,0.11255151623353082,0.004068626193291554,7.03433199991631,0.43240549869218425,117.95381712293113,133.8074176440926,11.583126482494883,0.09524041468786507,4.926755493115004,1.4330073038838815,0.14027731704531607,1.4360092581271875,0.31225087591832507,20.0
18,2,0.13779577356475944,0.9797232993872417,0.07068128170175034,17.66389579337888,0.14101709966614032,0.14101709966614032,0.0029955376203381965,0.0049558510548086574,0.13779577356475944,0.004302373072655496,7.03433199991631,0.43240549869218425,117.95381712293113,133.8074176440926,11.583126482494883,0.09524041468786507,4.926755493115004,1.4330073038838815,0.14027731704531607,1.4360092581271875,0.31225087591832507,20.0
18,3,0.13798226673150688,0.9786873907020169,0.07077692200783159,17.66389579337888,0.1410171456597729,0.1410171456597729,0.003144320633612742,0.005189982220354707,0.13798226673150688,0.004302385380825995,7.03433199991631,0.43240549869218425,117.95381712293113,133.8074176440926,11.583126482494883,0.09524041468786507,4.926755493115004,1.4330073038838815,0.14027731704531607,1.4360092581271875,0.31225087591832507,20.0
18,4,0.1379822691263399,0.9786873477670185,0.07077692323568059,17.66389579337888,0.141017145659828,0.141017145659828,0.00314432501946199,0.00518998789180581,0.1379822691263399,0.0043023853808461885,7.03433199991631,0.43240549869218425,117.95381712293113,133.8074176440926,11.583126482494883,0.09524041468786507,4.926755493115004,1.4330073038838815,0.14027731704531607,1.4360092581271875,0.31225087591832507,20.0
18,5,0.13798226912634165,0.9786873477669581,0.0707769232356815,17.66389579337888,0.141017145659828,0.141017145659828,0.0031443250194668447,0.0051899878918113375,0.13798226912634165,0.0043023853808461885,7.03433199991631,0.43240549869218425,117.95381712293113,133.8074176440926,11.583126482494883,0.09524041468786507,4.926755493115004,1.4330073038838815,0.14027731704531607,1.4360092581271875,0.31225087591832507,20.0
18,6,0.13798226912634165,0.9786873477669581,0.0707769232356815,17.66389579337888,0.141017145659828,0.141017145659828,0.0031443250194668447,0.0051899878918113375,0.13798226912634165,0.0043023853808461885,7.03433199991631,0.43240549869218425,117.95381712293113,133.8074176440926,11.583126482494883,0.09524041468786507,4.926755493115004,1.4330073038838815,0.14027731704531607,1.4360092581271875,0.31225087591832507,20.0
18,7,0.13798226912634165,0.9786873477669581,0.0707769232356815,17.66389579337888,0.141017145659828,0.141017145659828,0.0031443250194668447,0.0051899878918113375,0.13798226912634165,0.0043023853808461885,7.03433199991631,0.43240549869218425,117.95381712293113,133.8074176440926,11.583126482494883,0.09524041468786507,4.926755493115004,1.4330073038838815,0.14027731704531607,1.4360092581271875,0.31225087591832507,20.0
18,8,0.13798226912634165,0.9786873477669581,0.0707769232356815,17.66389579337888,0.141017145659828,0.141017145659828,0.0031443250194668447,0.0051899878918113375,0.13798226912634165,0.0043023853808461885,7.03433199991631,0.43240549869218425,117.95381712293113,133.8074176440926,11.583126482494883,0.09524041468786507,4.926755493115004,1.4330073038838815,0.14027731704531607,1.4360092581271875,0.31225087591832507,20.0
18,9,0.13798226912634165,0.9786873477669581,0.0707769232356815,17.66389579337888,0.141017145659828,0.141017145659828,0.0031443250194668447,0.0051899878918113375,0.13798226912634165,0.0043023853808461885,7.03433199991631,0.43240549869218425,117.95381712293113,133.8074176440926,11.583126482494883,0.09524041468786507,4.926755493115004,1.4330073038838815,0.14027731704531607,1.4360092581271875,0.31225087591832507,20.0
18,10,0.13798226912634165,0.9786873477669581,0.0707769232356815,17.66389579337888,0.141017145659828,0.141017145659828,0.0031443250194668447,0.0051899878918113375,0.13798226912634165,0.0043023853808461885,7.03433199991631,0.43240549869218425,117.95381712293113,133.8074176440926,11.583126482494883,0.09524041468786507,4.926755493115004,1.4330073038838815,0.14027731704531607,1.4360092581271875,0.31225087591832507,20.0
19,1,0.08973228369826186,0.9997676655353551,0.05192079343878131,15.983369452914086,0.16530219923998116,0.16530219923998116,0.0004489365193107385,0.0431102245876803,0.08973228369826186,5.113388172648006e-09,6.668213920057125,0.465051925107449,103.47841177499001,159.24789507569636,10.449332932417892,0.08611293324668338,3.4394425484916717,0.6520144716100149,0.18716272000798428,1.044835119895807,0.3957563349907429,20.0
19,2,0.10265104649172614,0.9978669915863326,0.059389889378884446,15.983369452914086,0.16530219924847572,0.16530219924847572,0.004066489317343186,0.11506198763918955,0.10265104649172614,5.118982293942622e-09,6.668213920057125,0.465051925107449,103.47841177499001,159.24789507569636,10.449332932417892,0.08611293324668338,3.4394425484916717,0.6520144716100149,0.18716272000798428,1.044835119895807,0.3957563349907429,20.0
19,3,0.1026510464917285,0.9978669915780658,0.05938988937888581,15.983369452914086,0.16530219924847572,0.16530219924847572,0.004066489317441108,0.11506198763922981,0.1026510464917285,5.118982293942622e-09,6.668213920057125,0.465051925107449,103.47841177499001,159.24789507569636,10.449332932417892,0.08611293324668338,3.4394425484916717,0.6520144716100149,0.18716272000798428,1.044835119895807,0.3957563349907429,20.0
19,4,0.1026510464917285,0.9978669915780658,0.05938988937888581,15.983369452914086,0.16530219924847572,0.16530219924847572,0.004066489317441108,0.11506198763922981,0.1026510464917285,5.118982293942622e-09,6.668213920057125,0.465051925107449,103.47841177499001,159.24789507569636,10.449332932417892,0.08611293324668338,3.4394425484916717,0.6520144716100149,0.18716272000798428,1.044835119895807,0.3957563349907429,20.0
19,5,0.1026510464917285,0.9978669915780658,0.05938988937888581,15.983369452914086,0.16530219924847572,0.16530219924847572,0.004066489317441108,0.11506198763922981,0.1026510464917285,5.118982293942622e-09,6.668213920057125,0.465051925107449,103.47841177499001,159.24789507569636,10.449332932417892,0.08611293324668338,3.4394425484916717,0.6520144716100149,0.18716272000798428,1.044835119895807,0.3957563349907429,20.0
19,6,0.1026510464917285,0.9978669915780658,0.05938988937888581,15.983369452914086,0.16530219924847572,0.16530219924847572,0.004066489317441108,0.11506198763922981,0.1026510464917285,5.118982293942622e-09,6.668213920057125,0.465051925107449,103.47841177499001,159.24789507569636,10.449332932417892,0.08611293324668338,3.4394425484916717,0.6520144716100149,0.18716272000798428,1.044835119895807,0.3957563349907429,20.0
19,7,0.1026510464917285,0.9978669915780658,0.05938988937888581,15.983369452914086,0.16530219924847572,0.16530219924847572,0.004066489317441108,0.11506198763922981,0.1026510464917285,5.118982293942622e-09,6.668213920057125,0.465051925107449,103.47841177499001,159.24789507569636,10.449332932417892,0.08611293324668338,3.4394425484916717,0.6520144716100149,0.18716272000798428,1.044835119895807,0.3957563349907429,20.0
19,8,0.1026510464917285,0.9978669915780658,0.05938988937888581,15.983369452914086,0.16530219924847572,0.16530219924847572,0.004066489317441108,0.11506198763922981,0.1026510464917285,5.118982293942622e-09,6.668213920057125,0.465051925107449,103.47841177499001,159.24789507569636,10.449332932417892,0.08611293324668338,3.4394425484916717,0.6520144716100149,0.18716272000798428,1.044835119895807,0.3957563349907429,20.0
19,9,0.1026510464917285,0.9978669915780658,0.05938988937888581,15.983369452914086,0.16530219924847572,0.16530219924847572,0.004066489317441108,0.11506198763922981,0.1026510464917285,5.118982293942622e-09,6.668213920057125,0.465051925107449,103.47841177499001,159.24789507569636,10.449332932417892,0.08611293324668338,3.4394425484916717,0.6520144716100149,0.18716272000798428,1.044835119895807,0.3957563349907429,20.0
19,10,0.1026510464917285,0.9978669915780658,0.05938988937888581,15.983369452914086,0.16530219924847572,0.16530219924847572,0.004066489317441108,0.11506198763922981,0.1026510464917285,5.118982293942622e-09,6.668213920057125,0.465051925107449,103.47841177499001,159.24789507569636,10.449332932417892,0.08611293324668338,3.4394425484916717,0.6520144716100149,0.18716272000798428,1.044835119895807,0.3957563349907429,20.0
20,1,0.04851440931558623,0.4479686136761824,0.024499795041105568,5.582789149734346,0.16387397527278547,0.16387397527278547,0.14969354025190273,0.2042500173364744,0.04851440931558623,1.8479982854095613e-06,2.449620204102762,0.6039045068613926,159.91210176432446,121.46038139217791,62.376287926435964,0.07886997073149946,2.0504406398433783,1.498296249229755,0.18357724315342938,1.2060865617349024,0.4832048436123501,20.0
20,2,0.04851630370712898,0.38932494840351106,0.02450074967220742,5.582789149734346,0.16387397527278588,0.16387397527278588,0.14994856784522134,0.20428766709127508,0.04851630370712898,1.8479982859047213e-06,2.449620204102762,0.6039045068613926,159.91210176432446,121.46038139217791,62.376287926435964,0.07886997073149946,2.0504406398433783,1.498296249229755,0.18357724315342938,1.2060865617349024,0.4832048436123501,20.0
20,3,0.04851630370712898,0.38932494840351095,0.02450074967220742,5.582789149734346,0.16387397527278588,0.16387397527278588,0.14994856784522134,0.20428766709127508,0.04851630370712898,1.8479982859047213e-06,2.449620204102762,0.6039045068613926,159.91210176432446,121.46038139217791,62.376287926435964,0.07886997073149946,2.0504406398433783,1.498296249229755,0.18357724315342938,1.2060865617349024,0.4832048436123501,20.0
20,4,0.04851630370712898,0.38932494840351095,0.02450074967220742,5.582789149734346,0.16387397527278588,0.16387397527278588,0.14994856784522134,0.20428766709127508,0.04851630370712898,1.8479982859047213e-06,2.449620204102762,0.6039045068613926,159.91210176432446,121.46038139217791,62.376287926435964,0.07886997073149946,2.0504406398433783,1.498296249229755,0.18357724315342938,1.2060865617349024,0.4832048436123501,20.0
20,5,0.04851630370712898,0.38932494840351095,0.02450074967220742,5.582789149734346,0.16387397527278588,0.16387397527278588,0.14994856784522134,0.20428766709127508,0.04851630370712898,1.8479982859047213e-06,2.449620204102762,0.6039045068613926,159.91210176432446,121.46038139217791,62.376287926435964,0.07886997073149946,2.0504406398433783,1.498296249229755,0.18357724315342938,1.2060865617349024,0.4832048436123501,20.0
20,6,0.04851630370712898,0.38932494840351095,0.02450074967220742,5.582789149734346,0.16387397527278588,0.16387397527278588,0.14994856784522134,0.20428766709127508,0.04851630370712898,1.8479982859047213e-06,2.449620204102762,0.6039045068613926,159.91210176432446,121.46038139217791,62.376287926435964,0.07886997073149946,2.0504406398433783,1.498296249229755,0.18357724315342938,1.2060865617349024,0.4832048436123501,20.0
20,7,0.04851630370712898,0.38932494840351095,0.02450074967220742,5.582789149734346,0.16387397527278588,0.16387397527278588,0.14994856784522134,0.20428766709127508,0.04851630370712898,1.8479982859047213e-06,2.449620204102762,0.6039045068613926,159.91210176432446,121.46038139217791,62.376287926435964,0.07886997073149946,2.0504406398433783,1.498296249229755,0.18357724315342938,1.2060865617349024,0.4832048436123501,20.0
20,8,0.04851630370712898,0.38932494840351095,0.02450074967220742,5.582789149734346,0.16387397527278588,0.16387397527278588,0.14994856784522134,0.20428766709127508,0.04851630370712898,1.8479982859047213e-06,2.449620204102762,0.6039045068613926,159.91210176432446,121.46038139217791,62.376287926435964,0.07886997073149946,2.0504406398433783,1.498296249229755,0.18357724315342938,1.2060865617349024,0.4832048436123501,20.0
20,9,0.04851630370712898,0.38932494840351095,0.02450074967220742,5.582789149734346,0.16387397527278588,0.16387397527278588,0.14994856784522134,0.20428766709127508,0.04851630370712898,1.8479982859047213e-06,2.449620204102762,0.6039045068613926,159.91210176432446,121.46038139217791,62.376287926435964,0.07886997073149946,2.0504406398433783,1.498296249229755,0.18357724315342938,1.2060865617349024,0.4832048436123501,20.0
20,10,0.04851630370712898,0.38932494840351095,0.02450074967220742,5.582789149734346,0.16387397527278588,0.16387397527278588,0.14994856784522134,0.20428766709127508,0.04851630370712898,1.8479982859047213e-06,2.449620204102762,0.6039045068613926,159.91210176432446,121.46038139217791,62.376287926435964,0.07886997073149946,2.0504406398433783,1.498296249229755,0.18357724315342938,1.2060865617349024,0.4832048436123501,20.0
21,1,0.11321108501942502,0.9229432393482897,0.05408338810125989,12.94008486069258,0.14696756261199087,0.14696756261199087,0.06910905156872116,0.2011828645715298,0.11321108501942502,1.0674817382120532e-06,3.8419430784931436,0.33035845156916044,146.17313083830192,109.97544046302015,42.14219839580615,0.09029774904189437,3.7590056203445497,0.7517824254497514,0.14305884479897407,1.5784115389437385,0.4717193208058722,20.0
21,2,0.11592526810980654,0.8453386762432598,0.05537841257785615,12.94008486069258,0.14696756321000443,0.14696756321000443,0.1078411987057184,0.2261232691318876,0.11592526810980654,1.067916350917171e-06,3.8419430784931436,0.33035845156916044,146.17313083830192,109.97544046302015,42.14219839580615,0.09029774904189437,3.7590056203445497,0.7517824254497514,0.14305884479897407,1.5784115389437385,0.4717193208058722,20.0
21,3,0.1159252681098165,0.8453386757893483,0.05537841257786091,12.94008486069258,0.14696756321000443,0.14696756321000443,0.10784119870641289,0.2261232691320323,0.1159252681098165,1.067916350917171e-06,3.8419430784931436,0.33035845156916044,146.17313083830192,109.97544046302015,42.14219839580615,0.09029774904189437,3.7590056203445497,0.7517824254497514,0.14305884479897407,1.5784115389437385,0.4717193208058722,20.0
21,4,0.1159252681098165,0.8453386757893483,0.05537841257786091,12.94008486069258,0.14696756321000443,0.14696756321000443,0.10784119870641289,0.2261232691320323,0.1159252681098165,1.067916350917171e-06,3.8419430784931436,0.33035845156916044,146.17313083830192,109.97544046302015,42.14219839580615,0.09029774904189437,3.7590056203445497,0.7517824254497514,0.14305884479897407,1.5784115389437385,0.4717193208058722,20.0
21,5,0.1159252681098165,0.8453386757893483,0.05537841257786091,12.94008486069258,0.14696756321000443,0.14696756321000443,0.10784119870641289,0.2261232691320323,0.1159252681098165,1.067916350917171e-06,3.8419430784931436,0.33035845156916044,146.17313083830192,109.97544046302015,42.14219839580615,0.09029774904189437,3.7590056203445497,0.7517824254497514,0.14305884479897407,1.5784115389437385,0.4717193208058722,20.0
21,6,0.1159252681098165,0.8453386757893483,0.05537841257786091,12.94008486069258,0.14696756321000443,0.14696756321000443,0.10784119870641289,0.2261232691320323,0.1159252681098165,1.067916350917171e-06,3.8419430784931436,0.33035845156916044,146.17313083830192,109.97544046302015,42.14219839580615,0.09029774904189437,3.7590056203445497,0.7517824254497514,0.14305884479897407,1.5784115389437385,0.4717193208058722,20.0
21,7,0.1159252681098165,0.8453386757893483,0.05537841257786091,12.94008486069258,0.14696756321000443,0.14696756321000443,0.10784119870641289,0.2261232691320323,0.1159252681098165,1.067916350917171e-06,3.8419430784931436,0.33035845156916044,146.17313083830192,109.97544046302015,42.14219839580615,0.09029774904189437,3.7590056203445497,0.7517824254497514,0.14305884479897407,1.5784115389437385,0.4717193208058722,20.0
21,8,0.1159252681098165,0.8453386757893483,0.05537841257786091,12.94008486069258,0.14696756321000443,0.14696756321000443,0.10784119870641289,0.2261232691320323,0.1159252681098165,1.067916350917171e-06,3.8419430784931436,0.33035845156916044,146.17313083830192,109.97544046302015,42.14219839580615,0.09029774904189437,3.7590056203445497,0.7517824254497514,0.14305884479897407,1.5784115389437385,0.4717193208058722,20.0
21,9,0.1159252681098165,0.8453386757893483,0.05537841257786091,12.94008486069258,0.14696756321000443,0.14696756321000443,0.10784119870641289,0.2261232691320323,0.1159252681098165,1.067916350917171e-06,3.8419430784931436,0.33035845156916044,146.17313083830192,109.97544046302015,42.14219839580615,0.09029774904189437,3.7590056203445497,0.7517824254497514,0.14305884479897407,1.5784115389437385,0.4717193208058722,20.0
21,10,0.1159252681098165,0.8453386757893483,0.05537841257786091,12.94008486069258,0.14696756321000443,0.14696756321000443,0.10784119870641289,0.2261232691320323,0.1159252681098165,1.067916350917171e-06,3.8419430784931436,0.33035845156916044,146.17313083830192,109.97544046302015,42.14219839580615,0.09029774904189437,3.7590056203445497,0.7517824254497514,0.14305884479897407,1.5784115389437385,0.4717193208058722,20.0
22,1,0.07991338810015142,0.9996162126223006,0.04641471182495912,10.196063467852264,0.13261559965509181,0.13261559965509181,0.0003095243016916832,0.005537447637217704,0.07991338810015142,0.0052677487199419655,4.674853140841021,0.5253207968346398,90.18672765950156,106.61386052327964,46.17607517594833,0.03369240391797812,3.6086094620299125,0.9667681218082991,0.03600354080582168,0.8775585707767589,0.4664063658233497,20.0
22,2,0.10184927000196829,0.9733040150937118,0.059154725739831944,10.196063467852264,0.13822676760198738,0.13822676760198738,0.00479845574306105,0.0165148051179454,0.10184927000196829,0.006169488681516357,4.674853140841021,0.5253207968346398,90.18672765950156,106.61386052327964,46.17607517594833,0.03369240391797812,3.6086094620299125,0.9667681218082991,0.03600354080582168,0.8775585707767589,0.4664063658233497,20.0
22,3,0.10232623998849658,0.9693911297137108,0.05943168799355532,10.196063467852264,0.1382663998920972,0.1382663998920972,0.005401037419289977,0.01737037106048055,0.10232623998849658,0.0061795546344176775,4.674853140841021,0.5253207968346398,90.18672765950156,106.61386052327964,46.17607517594833,0.03369240391797812,3.6086094620299125,0.9667681218082991,0.03600354080582168,0.8775585707767589,0.4664063658233497,20.0
22,4,0.10232853784590824,0.969353548395233,0.059433022161707545,10.196063467852264,0.1382665242520576,0.1382665242520576,0.005405738957453509,0.017375884093158146,0.10232853784590824,0.00617959440752327,4.674853140841021,0.5253207968346398,90.18672765950156,106.61386052327964,46.17607517594833,0.03369240391797812,3.6086094620299125,0.9667681218082991,0.03600354080582168,0.8775585707767589,0.4664063658233497,20.0
22,5,0.10232854338934555,0.9693534135662165,0.059433025380109944,10.196063467852264,0.1382665244883809,0.1382665244883809,0.005405753589936611,0.017375899468896314,0.10232854338934555,0.006179594494746604,4.674853140841021,0.5253207968346398,90.18672765950156,106.61386052327964,46.17607517594833,0.03369240391797812,3.6086094620299125,0.9667681218082991,0.03600354080582168,0.8775585707767589,0.4664063658233497,20.0
22,6,0.10232854339801328,0.9693534132902983,0.05943302538514205,10.196063467852264,0.13826652448869728,0.13826652448869728,0.0054057536169075885,0.01737589949520536,0.10232854339801328,0.006179594494875545,4.674853140841021,0.5253207968346398,90.18672765950156,106.61386052327964,46.17607517594833,0.03369240391797812,3.6086094620299125,0.9667681218082991,0.03600354080582168,0.8775585707767589,0.4664063658233497,20.0
22,7,0.10232854339802326,0.9693534132899114,0.059433025385147845,10.196063467852264,0.1382665244886976,0.1382665244886976,0.005405753616942469,0.017375899495237577,0.10232854339802326,0.006179594494875688,4.674853140841021,0.5253207968346398,90.18672765950156,106.61386052327964,46.17607517594833,0.03369240391797812,3.6086094620299125,0.9667681218082991,0.03600354080582168,0.8775585707767589,0.4664063658233497,20.0
22,8,0.10232854339802326,0.969353413289911,0.059433025385147845,10.196063467852264,0.1382665244886976,0.1382665244886976,0.005405753616942503,0.0173758994952376,0.10232854339802326,0.006179594494875688,4.674853140841021,0.5253207968346398,90.18672765950156,106.61386052327964,46.17607517594833,0.03369240391797812,3.6086094620299125,0.9667681218082991,0.03600354080582168,0.8775585707767589,0.4664063658233497,20.0
22,9,0.10232854339802326,0.969353413289911,0.059433025385147845,10.196063467852264,0.1382665244886976,0.1382665244886976,0.005405753616942503,0.0173758994952376,0.10232854339802326,0.006179594494875688,4.674853140841021,0.5253207968346398,90.18672765950156,106.61386052327964,46.17607517594833,0.03369240391797812,3.6086094620299125,0.9667681218082991,0.03600354080582168,0.8775585707767589,0.4664063658233497,20.0
22,10,0.10232854339802326,0.969353413289911,0.059433025385147845,10.196063467852264,0.1382665244886976,0.1382665244886976,0.005405753616942503,0.0173758994952376,0.10232854339802326,0.006179594494875688,4.674853140841021,0.5253207968346398,90.18672765950156,106.61386052327964,46.17607517594833,0.03369240391797812,3.6086094620299125,0.9667681218082991,0.03600354080582168,0.8775585707767589,0.4664063658233497,20.0
23,1,0.020725549125819455,0.9999999997938489,0.016934129881759873,38.83669281622698,0.09396212602966283,0.09396212602966283,1.0263164734094997e-35,1.6564407419853126e-23,0.020725549125819455,5.902394308382534e-06,7.986041555482013,0.215957688889309,32.36977310480998,137.32484377858077,96.75720355839515,0.06366365695994422,5.305032638263713,1.3904635328771444,0.10882652415395605,1.6869876405237152,0.43709220623584744,20.0
23,2,0.033545349789291454,0.9999770098463928,0.027408746626701654,38.83669281622698,0.09398331554488913,0.09398331554488913,5.285259656840903e-06,8.675071769798676e-06,0.033545349789291454,8.480973301550755e-06,7.986041555482013,0.215957688889309,32.36977310480998,137.32484377858077,96.75720355839515,0.06366365695994422,5.305032638263713,1.3904635328771444,0.10882652415395605,1.6869876405237152,0.43709220623584744,20.0
23,3,0.033547490208605125,0.999966986439622,0.027410495103169594,38.83669281622698,0.0939833155467645,0.0939833155467645,7.585885958111367e-06,1.2432274213092241e-05,0.033547490208605125,8.480973671783818e-06,7.986041555482013,0.215957688889309,32.36977310480998,137.32484377858077,96.75720355839515,0.06366365695994422,5.305032638263713,1.3904635328771444,0.10882652415395605,1.6869876405237152,0.43709220623584744,20.0
23,4,0.03354749020876571,0.9999669864382401,0.027410495103300753,38.83669281622698,0.0939833155467645,0.0939833155467645,7.585886262082851e-06,1.2432274657218315e-05,0.03354749020876571,8.480973671783821e-06,7.986041555482013,0.215957688889309,32.36977310480998,137.32484377858077,96.75720355839515,0.06366365695994422,5.305032638263713,1.3904635328771444,0.10882652415395605,1.6869876405237152,0.43709220623584744,20.0
23,5,0.03354749020876571,0.9999669864382401,0.027410495103300753,38.83669281622698,0.0939833155467645,0.0939833155467645,7.585886262082854e-06,1.2432274657218319e-05,0.03354749020876571,8.480973671783821e-06,7.986041555482013,0.215957688889309,32.36977310480998,137.32484377858077,96.75720355839515,0.06366365695994422,5.305032638263713,1.3904635328771444,0.10882652415395605,1.6869876405237152,0.43709220623584744,20.0
23,6,0.03354749020876571,0.9999669864382401,0.027410495103300753,38.83669281622698,0.0939833155467645,0.0939833155467645,7.585886262082854e-06,1.2432274657218319e-05,0.03354749020876571,8.480973671783821e-06,7.986041555482013,0.215957688889309,32.36977310480998,137.32484377858077,96.75720355839515,0.06366365695994422,5.305032638263713,1.3904635328771444,0.10882652415395605,1.6869876405237152,0.43709220623584744,20.0
23,7,0.03354749020876571,0.9999669864382401,0.027410495103300753,38.83669281622698,0.0939833155467645,0.0939833155467645,7.585886262082854e-06,1.2432274657218319e-05,0.03354749020876571,8.480973671783821e-06,7.986041555482013,0.215957688889309,32.36977310480998,137.32484377858077,96.75720355839515,0.06366365695994422,5.305032638263713,1.3904635328771444,0.10882652415395605,1.6869876405237152,0.43709220623584744,20.0
23,8,0.03354749020876571,0.9999669864382401,0.027410495103300753,38.83669281622698,0.0939833155467645,0.0939833155467645,7.585886262082854e-06,1.2432274657218319e-05,0.03354749020876571,8.480973671783821e-06,7.986041555482013,0.215957688889309,32.36977310480998,137.32484377858077,96.75720355839515,0.06366365695994422,5.305032638263713,1.3904635328771444,0.10882652415395605,1.6869876405237152,0.43709220623584744,20.0
23,9,0.03354749020876571,0.9999669864382401,0.027410495103300753,38.83669281622698,0.0939833155467645,0.0939833155467645,7.585886262082854e-06,1.2432274657218319e-05,0.03354749020876571,8.480973671783821e-06,7.986041555482013,0.215957688889309,32.36977310480998,137.32484377858077,96.75720355839515,0.06366365695994422,5.305032638263713,1.3904635328771444,0.10882652415395605,1.6869876405237152,0.43709220623584744,20.0
23,10,0.03354749020876571,0.9999669864382401,0.027410495103300753,38.83669281622698,0.0939833155467645,0.0939833155467645,7.585886262082854e-06,1.2432274657218319e-05,0.03354749020876571,8.480973671783821e-06,7.986041555482013,0.215957688889309,32.36977310480998,137.32484377858077,96.75720355839515,0.06366365695994422,5.305032638263713,1.3904635328771444,0.10882652415395605,1.6869876405237152,0.43709220623584744,20.0
24,1,0.14735968713878086,0.9979471062492401,0.07008817452612517,24.415367613667858,0.07989952263988585,0.07989952263988585,0.0031583663943832115,0.03632944225382701,0.14735968713878086,5.012179025774095e-07,4.325129626222918,0.19025170755152299,193.63177572358614,142.51183310217934,51.30524972813129,0.04461347348595827,5.016222653449742,0.4840997478254949,0.11211560445717861,0.7653449798911389,0.3077122561340577,20.0
24,2,0.159085798054455,0.9947873444055874,0.07566388907761487,24.415367613667858,0.07989952639692548,0.07989952639692548,0.007673296629423932,0.06300466850724727,0.159085798054455,5.038281357693247e-07,4.325129626222918,0.19025170755152299,193.63177572358614,142.51183310217934,51.30524972813129,0.04461347348595827,5.016222653449742,0.4840997478254949,0.11211560445717861,0.7653449798911389,0.3077122561340577,20.0
24,3,0.1590857980584899,0.9947873401199737,0.07566388907953166,24.415367613667858,0.07989952639692548,0.07989952639692548,0.007673296678334675,0.06300466854383716,0.1590857980584899,5.0382813576938e-07,4.325129626222918,0.19025170755152299,193.63177572358614,142.51183310217934,51.30524972813129,0.04461347348595827,5.016222653449742,0.4840997478254949,0.11211560445717861,0.7653449798911389,0.3077122561340577,20.0
24,4,0.1590857980584899,0.9947873401199737,0.07566388907953166,24.415367613667858,0.07989952639692548,0.07989952639692548,0.007673296678334675,0.06300466854383716,0.1590857980584899,5.0382813576938e-07,4.325129626222918,0.19025170755152299,193.63177572358614,142.51183310217934,51.30524972813129,0.04461347348595827,5.016222653449742,0.4840997478254949,0.11211560445717861,0.7653449798911389,0.3077122561340577,20.0
24,5,0.1590857980584899,0.9947873401199737,0.07566388907953166,24.415367613667858,0.07989952639692548,0.07989952639692548,0.007673296678334675,0.06300466854383716,0.1590857980584899,5.0382813576938e-07,4.325129626222918,0.19025170755152299,193.63177572358614,142.51183310217934,51.30524972813129,0.04461347348595827,5.016222653449742,0.4840997478254949,0.11211560445717861,0.7653449798911389,0.3077122561340577,20.0
24,6,0.1590857980584899,0.9947873401199737,0.07566388907953166,24.415367613667858,0.07989952639692548,0.07989952639692548,0.007673296678334675,0.06300466854383716,0.1590857980584899,5.0382813576938e-07,4.325129626222918,0.19025170755152299,193.63177572358614,142.51183310217934,51.30524972813129,0.04461347348595827,5.016222653449742,0.4840997478254949,0.11211560445717861,0.7653449798911389,0.3077122561340577,20.0
24,7,0.1590857980584899,0.9947873401199737,0.07566388907953166,24.415367613667858,0.07989952639692548,0.07989952639692548,0.007673296678334675,0.06300466854383716,0.1590857980584899,5.0382813576938e-07,4.325129626222918,0.19025170755152299,193.63177572358614,142.51183310217934,51.30524972813129,0.04461347348595827,5.016222653449742,0.4840997478254949,0.11211560445717861,0.7653449798911389,0.3077122561340577,20.0
24,8,0.1590857980584899,0.9947873401199737,0.07566388907953166,24.415367613667858,0.07989952639692548,0.07989952639692548,0.007673296678334675,0.06300466854383716,0.1590857980584899,5.0382813576938e-07,4.325129626222918,0.19025170755152299,193.63177572358614,142.51183310217934,51.30524972813129,0.04461347348595827,5.016222653449742,0.4840997478254949,0.11211560445717861,0.7653449798911389,0.3077122561340577,20.0
24,9,0.1590857980584899,0.9947873401199737,0.07566388907953166,24.415367613667858,0.07989952639692548,0.07989952639692548,0.007673296678334675,0.06300466854383716,0.1590857980584899,5.0382813576938e-07,4.325129626222918,0.19025170755152299,193.63177572358614,142.51183310217934,51.30524972813129,0.04461347348595827,5.016222653449742,0.4840997478254949,0.11211560445717861,0.7653449798911389,0.3077122561340577,20.0
24,10,0.1590857980584899,0.9947873401199737,0.07566388907953166,24.415367613667858,0.07989952639692548,0.07989952639692548,0.007673296678334675,0.06300466854383716,0.1590857980584899,5.0382813576938e-07,4.325129626222918,0.19025170755152299,193.63177572358614,142.51183310217934,51.30524972813129,0.04461347348595827,5.016222653449742,0.4840997478254949,0.11211560445717861,0.7653449798911389,0.3077122561340577,20.0
25,1,0.05619102236830328,0.8399287552028015,0.03431186397170428,39.28705169191686,0.2508161190120116,0.2508161190120116,0.07735306314513936,0.13304567026187947,0.05619102236830328,0.00033921952069801767,6.804741771650753,0.18142744863401483,107.71597586002551,155.53885722817353,44.99605894270118,0.10447250757876263,2.5977841836334297,1.2767296608778338,0.045103912521271085,0.7911328427583354,0.388638570946401,20.0
25,2,0.05959113636466403,0.7504187999075583,0.036387292899559345,39.28705169191686,0.25082780855044523,0.25082780855044523,0.10385120951804055,0.15130460355702136,0.05959113636466403,0.00034065972087769027,6.804741771650753,0.18142744863401483,107.71597586002551,155.53885722817353,44.99605894270118,0.10447250757876263,2.5977841836334297,1.2767296608778338,0.045103912521271085,0.7911328427583354,0.388638570946401,20.0
25,3,0.0595911728657772,0.7504135437630866,0.03638731517585038,39.28705169191686,0.2508278086343043,0.2508278086343043,0.10385165950954052,0.1513048515574774,0.0595911728657772,0.0003406597361287439,6.804741771650753,0.18142744863401483,107.71597586002551,155.53885722817353,44.99605894270118,0.10447250757876263,2.5977841836334297,1.2767296608778338,0.045103912521271085,0.7911328427583354,0.388638570946401,20.0
25,4,0.059591172865934836,0.7504135437234887,0.036387315175946566,39.28705169191686,0.25082780863430465,0.25082780863430465,0.10385165951176532,0.1513048515586279,0.059591172865934836,0.00034065973612881046,6.804741771650753,0.18142744863401483,107.71597586002551,155.53885722817353,44.99605894270118,0.10447250757876263,2.5977841836334297,1.2767296608778338,0.045103912521271085,0.7911328427583354,0.388638570946401,20.0
25,5,0.059591172865934836,0.7504135437234885,0.036387315175946566,39.28705169191686,0.25082780863430465,0.25082780863430465,0.10385165951176534,0.1513048515586279,0.059591172865934836,0.00034065973612881046,6.804741771650753,0.18142744863401483,107.71597586002551,155.53885722817353,44.99605894270118,0.10447250757876263,2.5977841836334297,1.2767296608778338,0.045103912521271085,0.7911328427583354,0.388638570946401,20.0
25,6,0.059591172865934836,0.7504135437234885,0.036387315175946566,39.28705169191686,0.25082780863430465,0.25082780863430465,0.10385165951176534,0.1513048515586279,0.059591172865934836,0.00034065973612881046,6.804741771650753,0.18142744863401483,107.71597586002551,155.53885722817353,44.99605894270118,0.10447250757876263,2.5977841836334297,1.2767296608778338,0.045103912521271085,0.7911328427583354,0.388638570946401,20.0
25,7,0.059591172865934836,0.7504135437234885,0.036387315175946566,39.28705169191686,0.25082780863430465,0.25082780863430465,0.10385165951176534,0.1513048515586279,0.059591172865934836,0.00034065973612881046,6.804741771650753,0.18142744863401483,107.71597586002551,155.53885722817353,44.99605894270118,0.10447250757876263,2.5977841836334297,1.2767296608778338,0.045103912521271085,0.7911328427583354,0.388638570946401,20.0
25,8,0.059591172865934836,0.7504135437234885,0.036387315175946566,39.28705169191686,0.25082780863430465,0.25082780863430465,0.10385165951176534,0.1513048515586279,0.059591172865934836,0.00034065973612881046,6.804741771650753,0.18142744863401483,107.71597586002551,155.53885722817353,44.99605894270118,0.10447250757876263,2.5977841836334297,1.2767296608778338,0.045103912521271085,0.7911328427583354,0.388638570946401,20.0
25,9,0.059591172865934836,0.7504135437234885,0.036387315175946566,39.28705169191686,0.25082780863430465,0.25082780863430465,0.10385165951176534,0.1513048515586279,0.059591172865934836,0.00034065973612881046,6.804741771650753,0.18142744863401483,107.71597586002551,155.53885722817353,44.99605894270118,0.10447250757876263,2.5977841836334297,1.2767296608778338,0.045103912521271085,0.7911328427583354,0.388638570946401,20.0
25,10,0.059591172865934836,0.7504135437234885,0.036387315175946566,39.28705169191686,0.25082780863430465,0.25082780863430465,0.10385165951176534,0.1513048515586279,0.059591172865934836,0.00034065973612881046,6.804741771650753,0.18142744863401483,107.71597586002551,155.53885722817353,44.99605894270118,0.10447250757876263,2.5977841836334297,1.2767296608778338,0.045103912521271085,0.7911328427583354,0.388638570946401,20.0
26,1,0.006877973871776935,0.07724804448758181,0.0038197227868433737,19.421082384385493,0.33160683453108586,0.33160683453108586,0.14998314212158384,0.0907793272948992,0.006877973871776935,0.0494817562863184,5.6363821725900785,0.3224790845789555,139.64230539706222,188.31249159820118,11.933981535860015,0.10964348241938338,3.1527400636161387,0.2749223166756429,0.13115110236350205,0.6564315102238585,0.4691674751485936,20.0
26,2,0.006878081190110376,0.06724306756321016,0.003819782337389062,19.421082384385493,0.33160683453108586,0.33160683453108586,0.14999710941755925,0.0907814523361185,0.006878081190110376,0.0494817562863184,5.6363821725900785,0.3224790845789555,139.64230539706222,188.31249159820118,11.933981535860015,0.10964348241938338,3.1527400636161387,0.2749223166756429,0.13115110236350205,0.6564315102238585,0.4691674751485936,20.0
26,3,0.006878081190110376,0.06724306756321016,0.003819782337389062,19.421082384385493,0.33160683453108586,0.33160683453108586,0.14999710941755925,0.0907814523361185,0.006878081190110376,0.0494817562863184,5.6363821725900785,0.3224790845789555,139.64230539706222,188.31249159820118,11.933981535860015,0.10964348241938338,3.1527400636161387,0.2749223166756429,0.13115110236350205,0.6564315102238585,0.4691674751485936,20.0
26,4,0.006878081190110376,0.06724306756321016,0.003819782337389062,19.421082384385493,0.33160683453108586,0.33160683453108586,0.14999710941755925,0.0907814523361185,0.006878081190110376,0.0494817562863184,5.6363821725900785,0.3224790845789555,139.64230539706222,188.31249159820118,11.933981535860015,0.10964348241938338,3.1527400636161387,0.2749223166756429,0.13115110236350205,0.6564315102238585,0.4691674751485936,20.0
26,5,0.006878081190110376,0.06724306756321016,0.003819782337389062,19.421082384385493,0.33160683453108586,0.33160683453108586,0.14999710941755925,0.0907814523361185,0.006878081190110376,0.0494817562863184,5.6363821725900785,0.3224790845789555,139.64230539706222,188.31249159820118,11.933981535860015,0.10964348241938338,3.1527400636161387,0.2749223166756429,0.13115110236350205,0.6564315102238585,0.4691674751485936,20.0
26,6,0.006878081190110376,0.06724306756321016,0.003819782337389062,19.421082384385493,0.33160683453108586,0.33160683453108586,0.14999710941755925,0.0907814523361185,0.006878081190110376,0.0494817562863184,5.6363821725900785,0.3224790845789555,139.64230539706222,188.31249159820118,11.933981535860015,0.10964348241938338,3.1527400636161387,0.2749223166756429,0.13115110236350205,0.6564315102238585,0.4691674751485936,20.0
26,7,0.006878081190110376,0.06724306756321016,0.003819782337389062,19.421082384385493,0.33160683453108586,0.33160683453108586,0.14999710941755925,0.0907814523361185,0.006878081190110376,0.0494817562863184,5.6363821725900785,0.3224790845789555,139.64230539706222,188.31249159820118,11.933981535860015,0.10964348241938338,3.1527400636161387,0.2749223166756429,0.13115110236350205,0.6564315102238585,0.4691674751485936,20.0
26,8,0.006878081190110376,0.06724306756321016,0.003819782337389062,19.421082384385493,0.33160683453108586,0.33160683453108586,0.14999710941755925,0.0907814523361185,0.006878081190110376,0.0494817562863184,5.6363821725900785,0.3224790845789555,139.64230539706222,188.31249159820118,11.933981535860015,0.10964348241938338,3.1527400636161387,0.2749223166756429,0.13115110236350205,0.6564315102238585,0.4691674751485936,20.0
26,9,0.006878081190110376,0.06724306756321016,0.003819782337389062,19.421082384385493,0.33160683453108586,0.33160683453108586,0.14999710941755925,0.0907814523361185,0.006878081190110376,0.0494817562863184,5.6363821725900785,0.3224790845789555,139.64230539706222,188.31249159820118,11.933981535860015,0.10964348241938338,3.1527400636161387,0.2749223166756429,0.13115110236350205,0.6564315102238585,0.4691674751485936,20.0
26,10,0.006878081190110376,0.06724306756321016,0.003819782337389062,19.421082384385493,0.33160683453108586,0.33160683453108586,0.14999710941755925,0.0907814523361185,0.006878081190110376,0.0494817562863184,5.6363821725900785,0.3224790845789555,139.64230539706222,188.31249159820118,11.933981535860015,0.10964348241938338,3.1527400636161387,0.2749223166756429,0.13115110236350205,0.6564315102238585,0.4691674751485936,20.0
27,1,0.03661106054478754,0.9999999998015324,0.025144552738947376,7.665164397263813,0.1752885119940689,0.1752885119940689,1.5053205609527084e-15,4.695249239689097e-10,0.03661106054478754,0.006514520377770342,5.417044752804344,0.8064506656846341,42.70961998718002,51.92715776506368,85.74988730159029,0.06933244957359537,3.8030063252392776,1.4207115291594616,0.10488156508712407,1.4614602028410857,0.4560408586388268,20.0
27,2,0.06184801114818864,0.9705778320806134,0.04247806647251081,7.665164397263813,0.18711153816927636,0.18711153816927636,0.005586682914545126,0.008069832441368514,0.06184801114818864,0.008396100138652425,5.417044752804344,0.8064506656846341,42.70961998718002,51.92715776506368,85.74988730159029,0.06933244957359537,3.8030063252392776,1.4207115291594616,0.10488156508712407,1.4614602028410857,0.4560408586388268,20.0
27,3,0.06301778539938763,0.9634193088825553,0.04328134623971564,7.665164397263813,0.1871213907757503,0.1871213907757503,0.007059995107034111,0.010044786703994897,0.06301778539938763,0.008399296580853024,5.417044752804344,0.8064506656846341,42.70961998718002,51.92715776506368,85.74988730159029,0.06933244957359537,3.8030063252392776,1.4207115291594616,0.10488156508712407,1.4614602028410857,0.4560408586388268,20.0
27,4,0.06301837542530077,0.9634085830385114,0.04328175130125629,7.665164397263813,0.18712139156241328,0.18712139156241328,0.007061778432379569,0.010046598685406674,0.06301837542530077,0.008399296925098729,5.417044752804344,0.8064506656846341,42.70961998718002,51.92715776506368,85.74988730159029,0.06933244957359537,3.8030063252392776,1.4207115291594616,0.10488156508712407,1.4614602028410857,0.4560408586388268,20.0
27,5,0.0630183754588844,0.9634085819757185,0.04328175132430799,7.665164397263813,0.18712139156242907,0.18712139156242907,0.0070617785871618915,0.010046598818584503,0.0630183754588844,0.008399296925107014,5.417044752804344,0.8064506656846341,42.70961998718002,51.92715776506368,85.74988730159029,0.06933244957359537,3.8030063252392776,1.4207115291594616,0.10488156508712407,1.4614602028410857,0.4560408586388268,20.0
27,6,0.06301837545888493,0.9634085819756945,0.04328175132430835,7.665164397263813,0.18712139156242907,0.18712139156242907,0.007061778587165061,0.010046598818586919,0.06301837545888493,0.008399296925107014,5.417044752804344,0.8064506656846341,42.70961998718002,51.92715776506368,85.74988730159029,0.06933244957359537,3.8030063252392776,1.4207115291594616,0.10488156508712407,1.4614602028410857,0.4560408586388268,20.0
27,7,0.06301837545888493,0.9634085819756945,0.04328175132430835,7.665164397263813,0.18712139156242907,0.18712139156242907,0.007061778587165061,0.010046598818586919,0.06301837545888493,0.008399296925107014,5.417044752804344,0.8064506656846341,42.70961998718002,51.92715776506368,85.74988730159029,0.06933244957359537,3.8030063252392776,1.4207115291594616,0.10488156508712407,1.4614602028410857,0.4560408586388268,20.0
27,8,0.06301837545888493,0.9634085819756945,0.04328175132430835,7.665164397263813,0.18712139156242907,0.18712139156242907,0.007061778587165061,0.010046598818586919,0.06301837545888493,0.008399296925107014,5.417044752804344,0.8064506656846341,42.70961998718002,51.92715776506368,85.74988730159029,0.06933244957359537,3.8030063252392776,1.4207115291594616,0.10488156508712407,1.4614602028410857,0.4560408586388268,20.0
27,9,0.06301837545888493,0.9634085819756945,0.04328175132430835,7.665164397263813,0.18712139156242907,0.18712139156242907,0.007061778587165061,0.010046598818586919,0.06301837545888493,0.008399296925107014,5.417044752804344,0.8064506656846341,42.70961998718002,51.92715776506368,85.74988730159029,0.06933244957359537,3.8030063252392776,1.4207115291594616,0.10488156508712407,1.4614602028410857,0.4560408586388268,20.0
27,10,0.06301837545888493,0.9634085819756945,0.04328175132430835,7.665164397263813,0.18712139156242907,0.18712139156242907,0.007061778587165061,0.010046598818586919,0.06301837545888493,0.008399296925107014,5.417044752804344,0.8064506656846341,42.70961998718002,51.92715776506368,85.74988730159029,0.06933244957359537,3.8030063252392776,1.4207115291594616,0.10488156508712407,1.4614602028410857,0.4560408586388268,20.0
28,1,0.07795634061985698,0.9999999999013188,0.03673441818754413,21.41148037313365,0.0854913534197816,0.0854913534197816,6.878044899815436e-23,1.4242933068179068e-18,0.07795634061985698,0.016439920823947095,4.7718784471835844,0.23259496336267238,125.80777843080757,49.07570619721718,80.97890301242818,0.029703111553268075,3.6994310851923835,0.6828515621264067,0.10196696114193168,1.8742236575584947,0.31072087345752575,20.0
28,2,0.13737997432064888,0.9001402607405513,0.06474345785032334,21.41148037313365,0.09320774570248494,0.09320774570248494,0.014899201341433386,0.02597065808812648,0.13737997432064888,0.01918674163636787,4.7718784471835844,0.23259496336267238,125.80777843080757,49.07570619721718,80.97890301242818,0.029703111553268075,3.6994310851923835,0.6828515621264067,0.10196696114193168,1.8742236575584947,0.31072087345752575,20.0
28,3,0.14222161305368905,0.8898127045598806,0.06702559849223516,21.41148037313365,0.09322979131849778,0.09322979131849778,0.017053050233819624,0.029547556165909854,0.14222161305368905,0.01920530840970147,4.7718784471835844,0.23259496336267238,125.80777843080757,49.07570619721718,80.97890301242818,0.029703111553268075,3.6994310851923835,0.6828515621264067,0.10196696114193168,1.8742236575584947,0.31072087345752575,20.0
28,4,0.1422293336468036,0.8897482954347644,0.06702923707761213,21.41148037313365,0.09322979591796858,0.09322979591796858,0.017061566671051815,0.029559465130617208,0.1422293336468036,0.01920531384836449,4.7718784471835844,0.23259496336267238,125.80777843080757,49.07570619721718,80.97890301242818,0.029703111553268075,3.6994310851923835,0.6828515621264067,0.10196696114193168,1.8742236575584947,0.31072087345752575,20.0
28,5,0.14222933471961874,0.8897482785141485,0.06702923758315742,21.41148037313365,0.09322979591818734,0.09322979591818734,0.017061568442227733,0.0295594673602079,0.14222933471961874,0.019205313848681075,4.7718784471835844,0.23259496336267238,125.80777843080757,49.07570619721718,80.97890301242818,0.029703111553268075,3.6994310851923835,0.6828515621264067,0.10196696114193168,1.8742236575584947,0.31072087345752575,20.0
28,6,0.14222933471965593,0.8897482785132483,0.06702923758317496,21.41148037313365,0.09322979591818734,0.09322979591818734,0.01706156844230717,0.02955946736030036,0.14222933471965593,0.01920531384868109,4.7718784471835844,0.23259496336267238,125.80777843080757,49.07570619721718,80.97890301242818,0.029703111553268075,3.6994310851923835,0.6828515621264067,0.10196696114193168,1.8742236575584947,0.31072087345752575,20.0
28,7,0.14222933471965593,0.8897482785132481,0.06702923758317496,21.41148037313365,0.09322979591818734,0.09322979591818734,0.017061568442307173,0.029559467360300365,0.14222933471965593,0.01920531384868109,4.7718784471835844,0.23259496336267238,125.80777843080757,49.07570619721718,80.97890301242818,0.029703111553268075,3.6994310851923835,0.6828515621264067,0.10196696114193168,1.8742236575584947,0.31072087345752575,20.0
28,8,0.14222933471965593,0.8897482785132481,0.06702923758317496,21.41148037313365,0.09322979591818734,0.09322979591818734,0.017061568442307173,0.029559467360300365,0.14222933471965593,0.01920531384868109,4.7718784471835844,0.23259496336267238,125.80777843080757,49.07570619721718,80.97890301242818,0.029703111553268075,3.6994310851923835,0.6828515621264067,0.10196696114193168,1.8742236575584947,0.31072087345752575,20.0
28,9,0.14222933471965593,0.8897482785132481,0.06702923758317496,21.41148037313365,0.09322979591818734,0.09322979591818734,0.017061568442307173,0.029559467360300365,0.14222933471965593,0.01920531384868109,4.7718784471835844,0.23259496336267238,125.80777843080757,49.07570619721718,80.97890301242818,0.029703111553268075,3.6994310851923835,0.6828515621264067,0.10196696114193168,1.8742236575584947,0.31072087345752575,20.0
28,10,0.14222933471965593,0.8897482785132481,0.06702923758317496,21.41148037313365,0.09322979591818734,0.09322979591818734,0.017061568442307173,0.029559467360300365,0.14222933471965593,0.01920531384868109,4.7718784471835844,0.23259496336267238,125.80777843080757,49.07570619721718,80.97890301242818,0.029703111553268075,3.6994310851923835,0.6828515621264067,0.10196696114193168,1.8742236575584947,0.31072087345752575,20.0
29,1,0.07304810781176212,0.9999999226550819,0.04554062884661268,15.160413659378769,0.15210858062820143,0.15210858062820143,1.6288648204398586e-07,0.00025043942314237555,0.07304810781176212,5.473402937165728e-07,3.664012200949949,0.26717220009593745,83.58760863415964,117.69128807338869,53.89068705352401,0.13392223464685032,3.58534430200695,1.482742557662637,0.15971696465649154,1.8997138498181607,0.41140624705085743,20.0
29,2,0.09049963982265241,0.9999971874047664,0.05642037776832065,15.160413659378769,0.15210859708315475,0.15210859708315475,3.0384799430614107e-06,0.0014978484271577356,0.09049963982265241,5.548423446850074e-07,3.664012200949949,0.26717220009593745,83.58760863415964,117.69128807338869,53.89068705352401,0.13392223464685032,3.58534430200695,1.482742557662637,0.15971696465649154,1.8997138498181607,0.41140624705085743,20.0
29,3,0.09049963991137094,0.99999716979368,0.056420377823562316,15.160413659378769,0.15210859708315475,0.15210859708315475,3.0394704115931253e-06,0.0014978491186262409,0.09049963991137094,5.548423446851579e-07,3.664012200949949,0.26717220009593745,83.58760863415964,117.69128807338869,53.89068705352401,0.13392223464685032,3.58534430200695,1.482742557662637,0.15971696465649154,1.8997138498181607,0.41140624705085743,20.0
29,4,0.09049963991137094,0.99999716979368,0.056420377823562316,15.160413659378769,0.15210859708315475,0.15210859708315475,3.039470411593132e-06,0.0014978491186262409,0.09049963991137094,5.548423446851579e-07,3.664012200949949,0.26717220009593745,83.58760863415964,117.69128807338869,53.89068705352401,0.13392223464685032,3.58534430200695,1.482742557662637,0.15971696465649154,1.8997138498181607,0.41140624705085743,20.0
29,5,0.09049963991137094,0.99999716979368,0.056420377823562316,15.160413659378769,0.15210859708315475,0.15210859708315475,3.039470411593132e-06,0.0014978491186262409,0.09049963991137094,5.548423446851579e-07,3.664012200949949,0.26717220009593745,83.58760863415964,117.69128807338869,53.89068705352401,0.13392223464685032,3.58534430200695,1.482742557662637,0.15971696465649154,1.8997138498181607,0.41140624705085743,20.0
29,6,0.09049963991137094,0.99999716979368,0.056420377823562316,15.160413659378769,0.15210859708315475,0.15210859708315475,3.039470411593132e-06,0.0014978491186262409,0.09049963991137094,5.548423446851579e-07,3.664012200949949,0.26717220009593745,83.58760863415964,117.69128807338869,53.89068705352401,0.13392223464685032,3.58534430200695,1.482742557662637,0.15971696465649154,1.8997138498181607,0.41140624705085743,20.0
29,7,0.09049963991137094,0.99999716979368,0.056420377823562316,15.160413659378769,0.15210859708315475,0.15210859708315475,3.039470411593132e-06,0.0014978491186262409,0.09049963991137094,5.548423446851579e-07,3.664012200949949,0.26717220009593745,83.58760863415964,117.69128807338869,53.89068705352401,0.13392223464685032,3.58534430200695,1.482742557662637,0.15971696465649154,1.8997138498181607,0.41140624705085743,20.0
29,8,0.09049963991137094,0.99999716979368,0.056420377823562316,15.160413659378769,0.15210859708315475,0.15210859708315475,3.039470411593132e-06,0.0014978491186262409,0.09049963991137094,5.548423446851579e-07,3.664012200949949,0.26717220009593745,83.58760863415964,117.69128807338869,53.89068705352401,0.13392223464685032,3.58534430200695,1.482742557662637,0.15971696465649154,1.8997138498181607,0.41140624705085743,20.0
29,9,0.09049963991137094,0.99999716979368,0.056420377823562316,15.160413659378769,0.15210859708315475,0.15210859708315475,3.039470411593132e-06,0.0014978491186262409,0.09049963991137094,5.548423446851579e-07,3.664012200949949,0.26717220009593745,83.58760863415964,117.69128807338869,53.89068705352401,0.13392223464685032,3.58534430200695,1.482742557662637,0.15971696465649154,1.8997138498181607,0.41140624705085743,20.0
29,10,0.09049963991137094,0.99999716979368,0.056420377823562316,15.160413659378769,0.15210859708315475,0.15210859708315475,3.039470411593132e-06,0.0014978491186262409,0.09049963991137094,5.548423446851579e-07,3.664012200949949,0.26717220009593745,83.58760863415964,117.69128807338869,53.89068705352401,0.13392223464685032,3.58534430200695,1.482742557662637,0.15971696465649154,1.8997138498181607,0.41140624705085743,20.0
30,1,0.02057713111680667,0.20849004736085705,0.010891971040064771,8.853112259598745,0.36512587781331207,0.36512587781331207,0.14999751230144384,0.17482007709098565,0.02057713111680667,0.0006474037942938245,3.7430685243970796,0.5447946938143873,166.88245227188986,185.84178595149203,24.818108689153,0.1319968713645943,3.173896506377596,0.891542906236688,0.19904109990308166,0.7005062355609857,0.3934236887716351,20.0
30,2,0.020577137740851955,0.18219185551986405,0.01089197453842117,8.853112259598745,0.36512587781331207,0.36512587781331207,0.14999973911976958,0.17482025747713478,0.020577137740851955,0.0006474037942938245,3.7430685243970796,0.5447946938143873,166.88245227188986,185.84178595149203,24.818108689153,0.1319968713645943,3.173896506377596,0.891542906236688,0.19904109990308166,0.7005062355609857,0.3934236887716351,20.0
30,3,0.020577137740851955,0.18219185551986405,0.01089197453842117,8.853112259598745,0.36512587781331207,0.36512587781331207,0.14999973911976958,0.17482025747713478,0.020577137740851955,0.0006474037942938245,3.7430685243970796,0.5447946938143873,166.88245227188986,185.84178595149203,24.818108689153,0.1319968713645943,3.173896506377596,0.891542906236688,0.19904109990308166,0.7005062355609857,0.3934236887716351,20.0
30,4,0.020577137740851955,0.18219185551986405,0.01089197453842117,8.853112259598745,0.36512587781331207,0.36512587781331207,0.14999973911976958,0.17482025747713478,0.020577137740851955,0.0006474037942938245,3.7430685243970796,0.5447946938143873,166.88245227188986,185.84178595149203,24.818108689153,0.1319968713645943,3.173896506377596,0.891542906236688,0.19904109990308166,0.7005062355609857,0.3934236887716351,20.0
30,5,0.020577137740851955,0.18219185551986405,0.01089197453842117,8.853112259598745,0.36512587781331207,0.36512587781331207,0.14999973911976958,0.17482025747713478,0.020577137740851955,0.0006474037942938245,3.7430685243970796,0.5447946938143873,166.88245227188986,185.84178595149203,24.818108689153,0.1319968713645943,3.173896506377596,0.891542906236688,0.19904109990308166,0.7005062355609857,0.3934236887716351,20.0
30,6,0.020577137740851955,0.18219185551986405,0.01089197453842117,8.853112259598745,0.36512587781331207,0.36512587781331207,0.14999973911976958,0.17482025747713478,0.020577137740851955,0.0006474037942938245,3.7430685243970796,0.5447946938143873,166.88245227188986,185.84178595149203,24.818108689153,0.1319968713645943,3.173896506377596,0.891542906236688,0.19904109990308166,0.7005062355609857,0.3934236887716351,20.0
30,7,0.020577137740851955,0.18219185551986405,0.01089197453842117,8.853112259598745,0.36512587781331207,0.36512587781331207,0.14999973911976958,0.17482025747713478,0.020577137740851955,0.0006474037942938245,3.7430685243970796,0.5447946938143873,166.88245227188986,185.84178595149203,24.818108689153,0.1319968713645943,3.173896506377596,0.891542906236688,0.19904109990308166,0.7005062355609857,0.3934236887716351,20.0
30,8,0.020577137740851955,0.18219185551986405,0.01089197453842117,8.853112259598745,0.36512587781331207,0.36512587781331207,0.14999973911976958,0.17482025747713478,0.020577137740851955,0.0006474037942938245,3.7430685243970796,0.5447946938143873,166.88245227188986,185.84178595149203,24.818108689153,0.1319968713645943,3.173896506377596,0.891542906236688,0.19904109990308166,0.7005062355609857,0.3934236887716351,20.0
30,9,0.020577137740851955,0.18219185551986405,0.01089197453842117,8.853112259598745,0.36512587781331207,0.36512587781331207,0.14999973911976958,0.17482025747713478,0.020577137740851955,0.0006474037942938245,3.7430685243970796,0.5447946938143873,166.88245227188986,185.84178595149203,24.818108689153,0.1319968713645943,3.173896506377596,0.891542906236688,0.19904109990308166,0.7005062355609857,0.3934236887716351,20.0
30,10,0.020577137740851955,0.18219185551986405,0.01089197453842117,8.853112259598745,0.36512587781331207,0.36512587781331207,0.14999973911976958,0.17482025747713478,0.020577137740851955,0.0006474037942938245,3.7430685243970796,0.5447946938143873,166.88245227188986,185.84178595149203,24.818108689153,0.1319968713645943,3.173896506377596,0.891542906236688,0.19904109990308166,0.7005062355609857,0.3934236887716351,20.0
31,1,0.04682129361669553,0.6443536682923899,0.028470787673954688,49.15526344150654,0.1196149365800107,0.1196149365800107,0.10897641100653774,0.18343998409975146,0.04682129361669553,0.0021080223089857595,7.595906410261383,0.16207715636530567,154.61884318100851,186.63677758384597,84.5811074464286,0.0465013063372955,4.636196170070802,0.20356569683247147,0.03964791220611767,0.8159609026594906,0.4657251841399244,20.0
31,2,0.04848549510278786,0.5856498397310212,0.02948252017888505,49.15526344150654,0.11961546142374768,0.11961546142374768,0.12047954193719661,0.1939531428368656,0.04848549510278786,0.0021081830844111235,7.595906410261383,0.16207715636530567,154.61884318100851,186.63677758384597,84.5811074464286,0.0465013063372955,4.636196170070802,0.20356569683247147,0.03964791220611767,0.8159609026594906,0.4657251841399244,20.0
31,3,0.04848549614966712,0.5856495890455192,0.029482520815239083,49.15526344150654,0.11961546142400734,0.11961546142400734,0.12047955332839819,0.19395315095156737,0.04848549614966712,0.0021081830845133616,7.595906410261383,0.16207715636530567,154.61884318100851,186.63677758384597,84.5811074464286,0.0465013063372955,4.636196170070802,0.20356569683247147,0.03964791220611767,0.8159609026594906,0.4657251841399244,20.0
31,4,0.04848549614966738,0.5856495890453933,0.02948252081523925,49.15526344150654,0.11961546142400734,0.11961546142400734,0.12047955332840166,0.1939531509515696,0.04848549614966738,0.002108183084513362,7.595906410261383,0.16207715636530567,154.61884318100851,186.63677758384597,84.5811074464286,0.0465013063372955,4.636196170070802,0.20356569683247147,0.03964791220611767,0.8159609026594906,0.4657251841399244,20.0
31,5,0.04848549614966738,0.5856495890453933,0.02948252081523925,49.15526344150654,0.11961546142400734,0.11961546142400734,0.12047955332840166,0.1939531509515696,0.04848549614966738,0.002108183084513362,7.595906410261383,0.16207715636530567,154.61884318100851,186.63677758384597,84.5811074464286,0.0465013063372955,4.636196170070802,0.20356569683247147,0.03964791220611767,0.8159609026594906,0.4657251841399244,20.0
31,6,0.04848549614966738,0.5856495890453933,0.02948252081523925,49.15526344150654,0.11961546142400734,0.11961546142400734,0.12047955332840166,0.1939531509515696,0.04848549614966738,0.002108183084513362,7.595906410261383,0.16207715636530567,154.61884318100851,186.63677758384597,84.5811074464286,0.0465013063372955,4.636196170070802,0.20356569683247147,0.03964791220611767,0.8159609026594906,0.4657251841399244,20.0
31,7,0.04848549614966738,0.5856495890453933,0.02948252081523925,49.15526344150654,0.11961546142400734,0.11961546142400734,0.12047955332840166,0.1939531509515696,0.04848549614966738,0.002108183084513362,7.595906410261383,0.16207715636530567,154.61884318100851,186.63677758384597,84.5811074464286,0.0465013063372955,4.636196170070802,0.20356569683247147,0.03964791220611767,0.8159609026594906,0.4657251841399244,20.0
31,8,0.04848549614966738,0.5856495890453933,0.02948252081523925,49.15526344150654,0.11961546142400734,0.11961546142400734,0.12047955332840166,0.1939531509515696,0.04848549614966738,0.002108183084513362,7.595906410261383,0.16207715636530567,154.61884318100851,186.63677758384597,84.5811074464286,0.0465013063372955,4.636196170070802,0.20356569683247147,0.03964791220611767,0.8159609026594906,0.4657251841399244,20.0
31,9,0.04848549614966738,0.5856495890453933,0.02948252081523925,49.15526344150654,0.11961546142400734,0.11961546142400734,0.12047955332840166,0.1939531509515696,0.04848549614966738,0.002108183084513362,7.595906410261383,0.16207715636530567,154.61884318100851,186.63677758384597,84.5811074464286,0.0465013063372955,4.636196170070802,0.20356569683247147,0.03964791220611767,0.8159609026594906,0.4657251841399244,20.0
31,10,0.04848549614966738,0.5856495890453933,0.02948252081523925,49.15526344150654,0.11961546142400734,0.11961546142400734,0.12047955332840166,0.1939531509515696,0.04848549614966738,0.002108183084513362,7.595906410261383,0.16207715636530567,154.61884318100851,186.63677758384597,84.5811074464286,0.0465013063372955,4.636196170070802,0.20356569683247147,0.03964791220611767,0.8159609026594906,0.4657251841399244,20.0
32,1,0.022356025364961018,0.9898468036894643,0.017539738657598645,10.489896581571426,0.15559674504877047,0.15559674504877047,0.0044371968596882035,0.02391846080655784,0.022356025364961018,0.0022088334680997112,6.322467185245454,0.7168916003271916,30.6907405924072,149.36953902212974,35.38439664491522,0.11887016481833748,3.3498646658464324,0.543329013360342,0.03422891144438408,1.4207575144996383,0.40165741739181443,20.0
32,2,0.03557293311068785,0.9692487925345513,0.02790838811270228,10.489896581571426,0.1567406503767405,0.1567406503767405,0.013286981416170546,0.04627387456105331,0.03557293311068785,0.0023956636893815593,6.322467185245454,0.7168916003271916,30.6907405924072,149.36953902212974,35.38439664491522,0.11887016481833748,3.3498646658464324,0.543329013360342,0.03422891144438408,1.4207575144996383,0.40165741739181443,20.0
32,3,0.03562647251260188,0.9685369526185222,0.02795038058337919,10.489896581571426,0.15674296178290142,0.15674296178290142,0.013447673128851052,0.046450894409378704,0.03562647251260188,0.002396173776412869,6.322467185245454,0.7168916003271916,30.6907405924072,149.36953902212974,35.38439664491522,0.11887016481833748,3.3498646658464324,0.543329013360342,0.03422891144438408,1.4207575144996383,0.40165741739181443,20.0
32,4,0.03562656339707449,0.9685351257510715,0.02795045186136553,10.489896581571426,0.1567429647791912,0.1567429647791912,0.013448044286972974,0.04645124473195798,0.03562656339707449,0.002396174541730441,6.322467185245454,0.7168916003271916,30.6907405924072,149.36953902212974,35.38439664491522,0.11887016481833748,3.3498646658464324,0.543329013360342,0.03422891144438408,1.4207575144996383,0.40165741739181443,20.0
32,5,0.03562656350326232,0.968535123101117,0.027950451944641914,10.489896581571426,0.15674296478218855,0.15674296478218855,0.013448044796535179,0.04645124517482123,0.03562656350326232,0.002396174542569047,6.322467185245454,0.7168916003271916,30.6907405924072,149.36953902212974,35.38439664491522,0.11887016481833748,3.3498646658464324,0.543329013360342,0.03422891144438408,1.4207575144996383,0.40165741739181443,20.0
32,6,0.03562656350336115,0.9685351230982792,0.027950451944719425,10.489896581571426,0.15674296478219107,0.15674296478219107,0.013448044797061616,0.046451245175254535,0.03562656350336115,0.002396174542569796,6.322467185245454,0.7168916003271916,30.6907405924072,149.36953902212974,35.38439664491522,0.11887016481833748,3.3498646658464324,0.543329013360342,0.03422891144438408,1.4207575144996383,0.40165741739181443,20.0
32,7,0.03562656350336123,0.9685351230982767,0.02795045194471949,10.489896581571426,0.15674296478219107,0.15674296478219107,0.013448044797062067,0.0464512451752549,0.03562656350336123,0.002396174542569797,6.322467185245454,0.7168916003271916,30.6907405924072,149.36953902212974,35.38439664491522,0.11887016481833748,3.3498646658464324,0.543329013360342,0.03422891144438408,1.4207575144996383,0.40165741739181443,20.0
32,8,0.03562656350336123,0.9685351230982767,0.02795045194471949,10.489896581571426,0.15674296478219107,0.15674296478219107,0.013448044797062067,0.0464512451752549,0.03562656350336123,0.002396174542569797,6.322467185245454,0.7168916003271916,30.6907405924072,149.36953902212974,35.38439664491522,0.11887016481833748,3.3498646658464324,0.543329013360342,0.03422891144438408,1.4207575144996383,0.40165741739181443,20.0
32,9,0.03562656350336123,0.9685351230982767,0.02795045194471949,10.489896581571426,0.15674296478219107,0.15674296478219107,0.013448044797062067,0.0464512451752549,0.03562656350336123,0.002396174542569797,6.322467185245454,0.7168916003271916,30.6907405924072,149.36953902212974,35.38439664491522,0.11887016481833748,3.3498646658464324,0.543329013360342,0.03422891144438408,1.4207575144996383,0.40165741739181443,20.0
32,10,0.03562656350336123,0.9685351230982767,0.02795045194471949,10.489896581571426,0.15674296478219107,0.15674296478219107,0.013448044797062067,0.0464512451752549,0.03562656350336123,0.002396174542569797,6.322467185245454,0.7168916003271916,30.6907405924072,149.36953902212974,35.38439664491522,0.11887016481833748,3.3498646658464324,0.543329013360342,0.03422891144438408,1.4207575144996383,0.40165741739181443,20.0
33,1,0.03434310575573792,0.9999999998011022,0.025301557068667945,10.54633023984672,0.1464328209229532,0.1464328209229532,2.15035980983761e-11,1.605884515982811e-06,0.03434310575573792,0.00014765941196603438,6.406102963311653,0.6905619101166783,36.00782523993191,97.1115259816277,59.71246894899407,0.12296098186853432,3.540313871376983,0.9462052852602061,0.11912377477575783,1.8632039961724831,0.4177657928681998,20.0
33,2,0.05348405564153648,0.9994814525398263,0.0394032674820022,10.54633023984672,0.1465561273133907,0.1465561273133907,9.738157187724766e-05,0.00011924417682835586,0.05348405564153648,0.00018158084252153884,6.406102963311653,0.6905619101166783,36.00782523993191,97.1115259816277,59.71246894899407,0.12296098186853432,3.540313871376983,0.9462052852602061,0.11912377477575783,1.8632039961724831,0.4177657928681998,20.0
33,3,0.05348967826125532,0.9993649769343931,0.03940740705059365,10.54633023984672,0.14655612749220945,0.14655612749220945,0.000118743196364449,0.00014147522322704783,0.05348967826125532,0.00018158092110166364,6.406102963311653,0.6905619101166783,36.00782523993191,97.1115259816277,59.71246894899407,0.12296098186853432,3.540313871376983,0.9462052852602061,0.11912377477575783,1.8632039961724831,0.4177657928681998,20.0
33,4,0.053489678266005425,0.9993649767013095,0.039407407054089766,10.54633023984672,0.14655612749220945,0.14655612749220945,0.00011874323209261399,0.00014147525068636737,0.053489678266005425,0.00018158092110167858,6.406102963311653,0.6905619101166783,36.00782523993191,97.1115259816277,59.71246894899407,0.12296098186853432,3.540313871376983,0.9462052852602061,0.11912377477575783,1.8632039961724831,0.4177657928681998,20.0
33,5,0.053489678266005425,0.9993649767013095,0.039407407054089766,10.54633023984672,0.14655612749220945,0.14655612749220945,0.00011874323209261944,0.00014147525068637081,0.053489678266005425,0.00018158092110167858,6.406102963311653,0.6905619101166783,36.00782523993191,97.1115259816277,59.71246894899407,0.12296098186853432,3.540313871376983,0.9462052852602061,0.11912377477575783,1.8632039961724831,0.4177657928681998,20.0
33,6,0.053489678266005425,0.9993649767013095,0.039407407054089766,10.54633023984672,0.14655612749220945,0.14655612749220945,0.00011874323209261944,0.00014147525068637081,0.053489678266005425,0.00018158092110167858,6.406102963311653,0.6905619101166783,36.00782523993191,97.1115259816277,59.71246894899407,0.12296098186853432,3.540313871376983,0.9462052852602061,0.11912377477575783,1.8632039961724831,0.4177657928681998,20.0
33,7,0.053489678266005425,0.9993649767013095,0.039407407054089766,10.54633023984672,0.14655612749220945,0.14655612749220945,0.00011874323209261944,0.00014147525068637081,0.053489678266005425,0.00018158092110167858,6.406102963311653,0.6905619101166783,36.00782523993191,97.1115259816277,59.71246894899407,0.12296098186853432,3.540313871376983,0.9462052852602061,0.11912377477575783,1.8632039961724831,0.4177657928681998,20.0
33,8,0.053489678266005425,0.9993649767013095,0.039407407054089766,10.54633023984672,0.14655612749220945,0.14655612749220945,0.00011874323209261944,0.00014147525068637081,0.053489678266005425,0.00018158092110167858,6.406102963311653,0.6905619101166783,36.00782523993191,97.1115259816277,59.71246894899407,0.12296098186853432,3.540313871376983,0.9462052852602061,0.11912377477575783,1.8632039961724831,0.4177657928681998,20.0
33,9,0.053489678266005425,0.9993649767013095,0.039407407054089766,10.54633023984672,0.14655612749220945,0.14655612749220945,0.00011874323209261944,0.00014147525068637081,0.053489678266005425,0.00018158092110167858,6.406102963311653,0.6905619101166783,36.00782523993191,97.1115259816277,59.71246894899407,0.12296098186853432,3.540313871376983,0.9462052852602061,0.11912377477575783,1.8632039961724831,0.4177657928681998,20.0
33,10,0.053489678266005425,0.9993649767013095,0.039407407054089766,10.54633023984672,0.14655612749220945,0.14655612749220945,0.00011874323209261944,0.00014147525068637081,0.053489678266005425,0.00018158092110167858,6.406102963311653,0.6905619101166783,36.00782523993191,97.1115259816277,59.71246894899407,0.12296098186853432,3.540313871376983,0.9462052852602061,0.11912377477575783,1.8632039961724831,0.4177657928681998,20.0
34,1,0.14148694129873374,0.999999999724747,0.06785539413311341,27.534989306831065,0.06162053528076994,0.06162053528076994,4.824089231747779e-10,2.516757549168125e-07,0.14148694129873374,0.0007055657224498286,2.6547374592853537,0.10075029879211499,141.48836588865635,88.18365359255887,60.695891728022275,0.05726627091417329,5.764065338105539,1.0870870820880816,0.0843130371063617,1.3495371197334192,0.30537112003959144,20.0
34,2,0.16193025848545956,0.9969175591302207,0.07765975336494019,27.534989306831065,0.06181225272739863,0.06181225272739863,0.0003754538391133061,0.0005659024032491896,0.16193025848545956,0.0007595158825371385,2.6547374592853537,0.10075029879211499,141.48836588865635,88.18365359255887,60.695891728022275,0.05726627091417329,5.764065338105539,1.0870870820880816,0.0843130371063617,1.3495371197334192,0.30537112003959144,20.0
34,3,0.16195170071558138,0.9966924044359489,0.07767003361046088,27.534989306831065,0.06181225904309355,0.06181225904309355,0.0004015841897386586,0.0006039782217022109,0.16195170071558138,0.0007595188666134385,2.6547374592853537,0.10075029879211499,141.48836588865635,88.18365359255887,60.695891728022275,0.05726627091417329,5.764065338105539,1.0870870820880816,0.0843130371063617,1.3495371197334192,0.30537112003959144,20.0
34,4,0.16195170106867973,0.9966923946800909,0.07767003377972047,27.534989306831065,0.06181225904312918,0.06181225904312918,0.00040158498777099566,0.0006039791932774809,0.16195170106867973,0.000759518866635883,2.6547374592853537,0.10075029879211499,141.48836588865635,88.18365359255887,60.695891728022275,0.05726627091417329,5.764065338105539,1.0870870820880816,0.0843130371063617,1.3495371197334192,0.30537112003959144,20.0
34,5,0.16195170106868087,0.9966923946800293,0.07767003377972102,27.534989306831065,0.06181225904312918,0.06181225904312918,0.00040158498777472125,0.0006039791932814468,0.16195170106868087,0.000759518866635883,2.6547374592853537,0.10075029879211499,141.48836588865635,88.18365359255887,60.695891728022275,0.05726627091417329,5.764065338105539,1.0870870820880816,0.0843130371063617,1.3495371197334192,0.30537112003959144,20.0
34,6,0.16195170106868087,0.9966923946800293,0.07767003377972102,27.534989306831065,0.06181225904312918,0.06181225904312918,0.00040158498777472125,0.0006039791932814468,0.16195170106868087,0.000759518866635883,2.6547374592853537,0.10075029879211499,141.48836588865635,88.18365359255887,60.695891728022275,0.05726627091417329,5.764065338105539,1.0870870820880816,0.0843130371063617,1.3495371197334192,0.30537112003959144,20.0
34,7,0.16195170106868087,0.9966923946800293,0.07767003377972102,27.534989306831065,0.06181225904312918,0.06181225904312918,0.00040158498777472125,0.0006039791932814468,0.16195170106868087,0.000759518866635883,2.6547374592853537,0.10075029879211499,141.48836588865635,88.18365359255887,60.695891728022275,0.05726627091417329,5.764065338105539,1.0870870820880816,0.0843130371063617,1.3495371197334192,0.30537112003959144,20.0
34,8,0.16195170106868087,0.9966923946800293,0.07767003377972102,27.534989306831065,0.06181225904312918,0.06181225904312918,0.00040158498777472125,0.0006039791932814468,0.16195170106868087,0.000759518866635883,2.6547374592853537,0.10075029879211499,141.48836588865635,88.18365359255887,60.695891728022275,0.05726627091417329,5.764065338105539,1.0870870820880816,0.0843130371063617,1.3495371197334192,0.30537112003959144,20.0
34,9,0.16195170106868087,0.9966923946800293,0.07767003377972102,27.534989306831065,0.06181225904312918,0.06181225904312918,0.00040158498777472125,0.0006039791932814468,0.16195170106868087,0.000759518866635883,2.6547374592853537,0.10075029879211499,141.48836588865635,88.18365359255887,60.695891728022275,0.05726627091417329,5.764065338105539,1.0870870820880816,0.0843130371063617,1.3495371197334192,0.30537112003959144,20.0
34,10,0.16195170106868087,0.9966923946800293,0.07767003377972102,27.534989306831065,0.06181225904312918,0.06181225904312918,0.00040158498777472125,0.0006039791932814468,0.16195170106868087,0.000759518866635883,2.6547374592853537,0.10075029879211499,141.48836588865635,88.18365359255887,60.695891728022275,0.05726627091417329,5.764065338105539,1.0870870820880816,0.0843130371063617,1.3495371197334192,0.30537112003959144,20.0
35,1,0.025648587827470818,0.9999999804766493,0.020527266640459098,9.008333917734745,0.05778779088183772,0.05778779088183772,2.8510632206918246e-08,2.327816448640091e-05,0.025648587827470818,4.3323689392144714e-05,6.0705433010825,0.8845960579608492,43.70858331226123,173.75556313676213,81.65501215950033,0.0671514085787194,2.697880277389884,0.49983018017110004,0.0779954573109631,1.887809456538132,0.3612472810530383,20.0
35,2,0.03739356335429393,0.9998474159012372,0.029927086600084633,9.008333917734745,0.05780226409882163,0.05780226409882163,2.5488080405455173e-05,0.00014213759959250143,0.03739356335429393,5.323569397750233e-05,6.0705433010825,0.8845960579608492,43.70858331226123,173.75556313676213,81.65501215950033,0.0671514085787194,2.697880277389884,0.49983018017110004,0.0779954573109631,1.887809456538132,0.3612472810530383,20.0
35,3,0.03739445849776292,0.9998131917871114,0.029927802579157593,9.008333917734745,0.057802264103540814,0.057802264103540814,3.095853781046108e-05,0.00014750715244614393,0.03739445849776292,5.3235698736791e-05,6.0705433010825,0.8845960579608492,43.70858331226123,173.75556313676213,81.65501215950033,0.0671514085787194,2.697880277389884,0.49983018017110004,0.0779954573109631,1.887809456538132,0.3612472810530383,20.0
35,4,0.03739445849794409,0.9998131917728615,0.029927802579302464,9.008333917734745,0.057802264103540814,0.057802264103540814,3.095853971044143e-05,0.0001475071539209295,0.03739445849794409,5.323569873679127e-05,6.0705433010825,0.8845960579608492,43.70858331226123,173.75556313676213,81.65501215950033,0.0671514085787194,2.697880277389884,0.49983018017110004,0.0779954573109631,1.887809456538132,0.3612472810530383,20.0
35,5,0.03739445849794409,0.9998131917728615,0.029927802579302464,9.008333917734745,0.057802264103540814,0.057802264103540814,3.0958539710441504e-05,0.00014750715392092956,0.03739445849794409,5.323569873679127e-05,6.0705433010825,0.8845960579608492,43.70858331226123,173.75556313676213,81.65501215950033,0.0671514085787194,2.697880277389884,0.49983018017110004,0.0779954573109631,1.887809456538132,0.3612472810530383,20.0
35,6,0.03739445849794409,0.9998131917728615,0.029927802579302464,9.008333917734745,0.057802264103540814,0.057802264103540814,3.0958539710441504e-05,0.00014750715392092956,0.03739445849794409,5.323569873679127e-05,6.0705433010825,0.8845960579608492,43.70858331226123,173.75556313676213,81.65501215950033,0.0671514085787194,2.697880277389884,0.49983018017110004,0.0779954573109631,1.887809456538132,0.3612472810530383,20.0
35,7,0.03739445849794409,0.9998131917728615,0.029927802579302464,9.008333917734745,0.057802264103540814,0.057802264103540814,3.0958539710441504e-05,0.00014750715392092956,0.03739445849794409,5.323569873679127e-05,6.0705433010825,0.8845960579608492,43.70858331226123,173.75556313676213,81.65501215950033,0.0671514085787194,2.697880277389884,0.49983018017110004,0.0779954573109631,1.887809456538132,0.3612472810530383,20.0
35,8,0.03739445849794409,0.9998131917728615,0.029927802579302464,9.008333917734745,0.057802264103540814,0.057802264103540814,3.0958539710441504e-05,0.00014750715392092956,0.03739445849794409,5.323569873679127e-05,6.0705433010825,0.8845960579608492,43.70858331226123,173.75556313676213,81.65501215950033,0.0671514085787194,2.697880277389884,0.49983018017110004,0.0779954573109631,1.887809456538132,0.3612472810530383,20.0
35,9,0.03739445849794409,0.9998131917728615,0.029927802579302464,9.008333917734745,0.057802264103540814,0.057802264103540814,3.0958539710441504e-05,0.00014750715392092956,0.03739445849794409,5.323569873679127e-05,6.0705433010825,0.8845960579608492,43.70858331226123,173.75556313676213,81.65501215950033,0.0671514085787194,2.697880277389884,0.49983018017110004,0.0779954573109631,1.887809456538132,0.3612472810530383,20.0
35,10,0.03739445849794409,0.9998131917728615,0.029927802579302464,9.008333917734745,0.057802264103540814,0.057802264103540814,3.0958539710441504e-05,0.00014750715392092956,0.03739445849794409,5.323569873679127e-05,6.0705433010825,0.8845960579608492,43.70858331226123,173.75556313676213,81.65501215950033,0.0671514085787194,2.697880277389884,0.49983018017110004,0.0779954573109631,1.887809456538132,0.3612472810530383,20.0
36,1,0.06833760018829463,0.35122606627701164,0.02425815613091966,75.74915449770077,0.2693592963413389,0.2693592963413389,0.14975442252332002,0.23598258462421742,0.06833760018829463,7.092126927553959e-05,6.080802107304541,0.08118127775796538,167.78296907799347,65.49858641873104,38.034519688728295,0.14137180395081142,5.395123132866596,0.2833526460004001,0.1915650265428102,1.159815459711671,0.4290913640763165,20.0
36,2,0.06834003116064272,0.3056945707082613,0.024259017271003904,75.74915449770077,0.26935929634136196,0.26935929634136196,0.14995352926286554,0.23601138839847954,0.06834003116064272,7.092126929246292e-05,6.080802107304541,0.08118127775796538,167.78296907799347,65.49858641873104,38.034519688728295,0.14137180395081142,5.395123132866596,0.2833526460004001,0.1915650265428102,1.159815459711671,0.4290913640763165,20.0
36,3,0.06834003116064272,0.3056945707082581,0.024259017271003904,75.74915449770077,0.26935929634136196,0.26935929634136196,0.14995352926286554,0.23601138839847954,0.06834003116064272,7.092126929246292e-05,6.080802107304541,0.08118127775796538,167.78296907799347,65.49858641873104,38.034519688728295,0.14137180395081142,5.395123132866596,0.2833526460004001,0.1915650265428102,1.159815459711671,0.4290913640763165,20.0
36,4,0.06834003116064272,0.3056945707082581,0.024259017271003904,75.74915449770077,0.26935929634136196,0.26935929634136196,0.14995352926286554,0.23601138839847954,0.06834003116064272,7.092126929246292e-05,6.080802107304541,0.08118127775796538,167.78296907799347,65.49858641873104,38.034519688728295,0.14137180395081142,5.395123132866596,0.2833526460004001,0.1915650265428102,1.159815459711671,0.4290913640763165,20.0
36,5,0.06834003116064272,0.3056945707082581,0.024259017271003904,75.74915449770077,0.26935929634136196,0.26935929634136196,0.14995352926286554,0.23601138839847954,0.06834003116064272,7.092126929246292e-05,6.080802107304541,0.08118127775796538,167.78296907799347,65.49858641873104,38.034519688728295,0.14137180395081142,5.395123132866596,0.2833526460004001,0.1915650265428102,1.159815459711671,0.4290913640763165,20.0
36,6,0.06834003116064272,0.3056945707082581,0.024259017271003904,75.74915449770077,0.26935929634136196,0.26935929634136196,0.14995352926286554,0.23601138839847954,0.06834003116064272,7.092126929246292e-05,6.080802107304541,0.08118127775796538,167.78296907799347,65.49858641873104,38.034519688728295,0.14137180395081142,5.395123132866596,0.2833526460004001,0.1915650265428102,1.159815459711671,0.4290913640763165,20.0
36,7,0.06834003116064272,0.3056945707082581,0.024259017271003904,75.74915449770077,0.26935929634136196,0.26935929634136196,0.14995352926286554,0.23601138839847954,0.06834003116064272,7.092126929246292e-05,6.080802107304541,0.08118127775796538,167.78296907799347,65.49858641873104,38.034519688728295,0.14137180395081142,5.395123132866596,0.2833526460004001,0.1915650265428102,1.159815459711671,0.4290913640763165,20.0
36,8,0.06834003116064272,0.3056945707082581,0.024259017271003904,75.74915449770077,0.26935929634136196,0.26935929634136196,0.14995352926286554,0.23601138839847954,0.06834003116064272,7.092126929246292e-05,6.080802107304541,0.08118127775796538,167.78296907799347,65.49858641873104,38.034519688728295,0.14137180395081142,5.395123132866596,0.2833526460004001,0.1915650265428102,1.159815459711671,0.4290913640763165,20.0
36,9,0.06834003116064272,0.3056945707082581,0.024259017271003904,75.74915449770077,0.26935929634136196,0.26935929634136196,0.14995352926286554,0.23601138839847954,0.06834003116064272,7.092126929246292e-05,6.080802107304541,0.08118127775796538,167.78296907799347,65.49858641873104,38.034519688728295,0.14137180395081142,5.395123132866596,0.2833526460004001,0.1915650265428102,1.159815459711671,0.4290913640763165,20.0
36,10,0.06834003116064272,0.3056945707082581,0.024259017271003904,75.74915449770077,0.26935929634136196,0.26935929634136196,0.14995352926286554,0.23601138839847954,0.06834003116064272,7.092126929246292e-05,6.080802107304541,0.08118127775796538,167.78296907799347,65.49858641873104,38.034519688728295,0.14137180395081142,5.395123132866596,0.2833526460004001,0.1915650265428102,1.159815459711671,0.4290913640763165,20.0
37,1,0.041710392880802576,0.999999999849581,0.02331055440509006,13.631267966821914,0.1565562663840586,0.1565562663840586,1.3568083222396272e-24,3.1362638026049766e-19,0.041710392880802576,0.010886521006436042,7.89047602932822,0.6456940892592312,105.72046826094245,122.74806598398457,36.72826534770176,0.03700602553582978,3.4487482385827395,0.9265623506570506,0.08120533761589238,1.5368119996353837,0.3354321831242719,20.0
37,2,0.09767802897035868,0.9305955603974614,0.05459719252331076,13.631267966821914,0.17499105078605354,0.17499105078605354,0.011025037692494095,0.019804128578650847,0.09767802897035868,0.013955774878363175,7.89047602932822,0.6456940892592312,105.72046826094245,122.74806598398457,36.72826534770176,0.03700602553582978,3.4487482385827395,0.9265623506570506,0.08120533761589238,1.5368119996353837,0.3354321831242719,20.0
37,3,0.10391420552064667,0.9189638687826225,0.05808330737632209,13.631267966821914,0.17518864880199744,0.17518864880199744,0.013624400667369547,0.024138522813406567,0.10391420552064667,0.014029669197220013,7.89047602932822,0.6456940892592312,105.72046826094245,122.74806598398457,36.72826534770176,0.03700602553582978,3.4487482385827395,0.9265623506570506,0.08120533761589238,1.5368119996353837,0.3354321831242719,20.0
37,4,0.1039601750888789,0.9186804128541699,0.05810900209089107,13.631267966821914,0.1751888755972785,0.1751888755972785,0.013669954347265962,0.024205099577780415,0.1039601750888789,0.014029792594090174,7.89047602932822,0.6456940892592312,105.72046826094245,122.74806598398457,36.72826534770176,0.03700602553582978,3.4487482385827395,0.9265623506570506,0.08120533761589238,1.5368119996353837,0.3354321831242719,20.0
37,5,0.103960213917044,0.9186799698707788,0.05810902379189509,13.631267966821914,0.17518887566250582,0.17518887566250582,0.013670013329193036,0.02420517780866197,0.103960213917044,0.014029792638406133,7.89047602932822,0.6456940892592312,105.72046826094245,122.74806598398457,36.72826534770176,0.03700602553582978,3.4487482385827395,0.9265623506570506,0.08120533761589238,1.5368119996353837,0.3354321831242719,20.0
37,6,0.10396021392580566,0.9186799697217839,0.058109023796791615,13.631267966821914,0.17518887566251304,0.17518887566251304,0.013670013346589228,0.024205177830116185,0.10396021392580566,0.01402979263841184,7.89047602932822,0.6456940892592312,105.72046826094245,122.74806598398457,36.72826534770176,0.03700602553582978,3.4487482385827395,0.9265623506570506,0.08120533761589238,1.5368119996353837,0.3354321831242719,20.0
37,7,0.10396021392580648,0.9186799697217657,0.058109023796792086,13.631267966821914,0.17518887566251304,0.17518887566251304,0.013670013346591183,0.024205177830118475,0.10396021392580648,0.01402979263841184,7.89047602932822,0.6456940892592312,105.72046826094245,122.74806598398457,36.72826534770176,0.03700602553582978,3.4487482385827395,0.9265623506570506,0.08120533761589238,1.5368119996353837,0.3354321831242719,20.0
37,8,0.10396021392580648,0.9186799697217657,0.058109023796792086,13.631267966821914,0.17518887566251304,0.17518887566251304,0.013670013346591183,0.024205177830118475,0.10396021392580648,0.01402979263841184,7.89047602932822,0.6456940892592312,105.72046826094245,122.74806598398457,36.72826534770176,0.03700602553582978,3.4487482385827395,0.9265623506570506,0.08120533761589238,1.5368119996353837,0.3354321831242719,20.0
37,9,0.10396021392580648,0.9186799697217657,0.058109023796792086,13.631267966821914,0.17518887566251304,0.17518887566251304,0.013670013346591183,0.024205177830118475,0.10396021392580648,0.01402979263841184,7.89047602932822,0.6456940892592312,105.72046826094245,122.74806598398457,36.72826534770176,0.03700602553582978,3.4487482385827395,0.9265623506570506,0.08120533761589238,1.5368119996353837,0.3354321831242719,20.0
37,10,0.10396021392580648,0.9186799697217657,0.058109023796792086,13.631267966821914,0.17518887566251304,0.17518887566251304,0.013670013346591183,0.024205177830118475,0.10396021392580648,0.01402979263841184,7.89047602932822,0.6456940892592312,105.72046826094245,122.74806598398457,36.72826534770176,0.03700602553582978,3.4487482385827395,0.9265623506570506,0.08120533761589238,1.5368119996353837,0.3354321831242719,20.0
38,1,0.00023597655130702774,0.9999999459514692,6.901507772511186e-05,7.675697868059983,0.5380394610409758,0.5380394610409758,1.8255183546562295e-22,5.701768423786687e-19,0.00023597655130702774,0.00038254313089752426,6.509786205220343,0.9229890144472219,169.40152195819377,45.86833594861889,32.81488748599709,0.022482427054920626,5.724118664044135,0.771623006458342,0.14556650949552594,1.2028546718725006,0.48844646411861553,20.0
38,2,0.14656315860585423,0.9803151208048182,0.04297878780542151,7.675697868059983,0.8357624986515567,0.8357624986515567,0.0032124222533482503,0.008621798732399074,0.14656315860585423,0.036518875879341314,6.509786205220343,0.9229890144472219,169.40152195819377,45.86833594861889,32.81488748599709,0.022482427054920626,5.724118664044135,0.771623006458342,0.14556650949552594,1.2028546718725006,0.48844646411861553,20.0
38,3,0.2470000512922794,0.7596390876075155,0.07243642336641617,7.675697868059983,0.847805283727765,0.847805283727765,0.03721253248682375,0.06598625609609739,0.2470000512922794,0.041787389639610886,6.509786205220343,0.9229890144472219,169.40152195819377,45.86833594861889,32.81488748599709,0.022482427054920626,5.724118664044135,0.771623006458342,0.14556650949552594,1.2028546718725006,0.48844646411861553,20.0
38,4,0.2483342045171271,0.7463617806897581,0.0728276507635428,7.675697868059983,0.847835531724295,0.847835531724295,0.03860558128474048,0.06774214647005404,0.2483342045171271,0.04180873078419288,6.509786205220343,0.9229890144472219,169.40152195819377,45.86833594861889,32.81488748599709,0.022482427054920626,5.724118664044135,0.771623006458342,0.14556650949552594,1.2028546718725006,0.48844646411861553,20.0
38,5,0.24833545531165302,0.7463216497227835,0.07282801748161219,7.675697868059983,0.8478355410176759,0.8478355410176759,0.03860786204858811,0.06774451464721579,0.24833545531165302,0.04180873945806254,6.509786205220343,0.9229890144472219,169.40152195819377,45.86833594861889,32.81488748599709,0.022482427054920626,5.724118664044135,0.771623006458342,0.14556650949552594,1.2028546718725006,0.48844646411861553,20.0
38,6,0.24833545547869038,0.7463216365446466,0.07282801753057824,7.675697868059983,0.8478355410182441,0.8478355410182441,0.03860786248801422,0.06774451504088654,0.24833545547869038,0.04180873945869823,6.509786205220343,0.9229890144472219,169.40152195819377,45.86833594861889,32.81488748599709,0.022482427054920626,5.724118664044135,0.771623006458342,0.14556650949552594,1.2028546718725006,0.48844646411861553,20.0
38,7,0.24833545547869562,0.7463216365438202,0.07282801753057978,7.675697868059983,0.8478355410182441,0.8478355410182441,0.03860786248803194,0.06774451504090083,0.24833545547869562,0.04180873945869824,6.509786205220343,0.9229890144472219,169.40152195819377,45.86833594861889,32.81488748599709,0.022482427054920626,5.724118664044135,0.771623006458342,0.14556650949552594,1.2028546718725006,0.48844646411861553,20.0
38,8,0.24833545547869562,0.7463216365438202,0.07282801753057978,7.675697868059983,0.8478355410182441,0.8478355410182441,0.03860786248803195,0.06774451504090083,0.24833545547869562,0.04180873945869824,6.509786205220343,0.9229890144472219,169.40152195819377,45.86833594861889,32.81488748599709,0.022482427054920626,5.724118664044135,0.771623006458342,0.14556650949552594,1.2028546718725006,0.48844646411861553,20.0
38,9,0.24833545547869562,0.7463216365438202,0.07282801753057978,7.675697868059983,0.8478355410182441,0.8478355410182441,0.03860786248803195,0.06774451504090083,0.24833545547869562,0.04180873945869824,6.509786205220343,0.9229890144472219,169.40152195819377,45.86833594861889,32.81488748599709,0.022482427054920626,5.724118664044135,0.771623006458342,0.14556650949552594,1.2028546718725006,0.48844646411861553,20.0
38,10,0.24833545547869562,0.7463216365438202,0.07282801753057978,7.675697868059983,0.8478355410182441,0.8478355410182441,0.03860786248803195,0.06774451504090083,0.24833545547869562,0.04180873945869824,6.509786205220343,0.9229890144472219,169.40152195819377,45.86833594861889,32.81488748599709,0.022482427054920626,5.724118664044135,0.771623006458342,0.14556650949552594,1.2028546718725006,0.48844646411861553,20.0
39,1,0.04256411473906517,0.9963900243644968,0.028461830351796162,6.406577313088335,0.08514987046804975,0.08514987046804975,0.002853168298270292,0.04248594891551521,0.04256411473906517,0.0005482455588362047,4.028107746367226,0.7063489368422565,33.984342633143264,31.638523392159016,77.49511314928417,0.03163284470788128,2.2157629928940907,0.42358073645882766,0.08617060492287071,0.6222588673561539,0.40988553611969347,20.0
39,2,0.06218228882023532,0.9717399676685207,0.04157635700499816,6.406577313088335,0.08525558123996879,0.08525558123996879,0.016939061389085994,0.08691672940226676,0.06218228882023532,0.0006367640882005653,4.028107746367226,0.7063489368422565,33.984342633143264,31.638523392159016,77.49511314928417,0.03163284470788128,2.2157629928940907,0.42358073645882766,0.08617060492287071,0.6222588673561539,0.40988553611969347,20.0
39,3,0.062186266690277256,0.9714659658922494,0.04157901430331038,6.406577313088335,0.08525558503033004,0.08525558503033004,0.016974928604735727,0.08693791322169482,0.062186266690277256,0.0006367682641293002,4.028107746367226,0.7063489368422565,33.984342633143264,31.638523392159016,77.49511314928417,0.03163284470788128,2.2157629928940907,0.42358073645882766,0.08617060492287071,0.6222588673561539,0.40988553611969347,20.0
39,4,0.06218626677581749,0.971465954829652,0.04157901436044205,6.406577313088335,0.0852555850303766,0.0852555850303766,0.01697492975971547,0.08693791374872882,0.06218626677581749,0.0006367682641873355,4.028107746367226,0.7063489368422565,33.984342633143264,31.638523392159016,77.49511314928417,0.03163284470788128,2.2157629928940907,0.42358073645882766,0.08617060492287071,0.6222588673561539,0.40988553611969347,20.0
39,5,0.062186266775818275,0.97146595482951,0.041579014360442576,6.406577313088335,0.0852555850303766,0.0852555850303766,0.016974929759728558,0.08693791374873402,0.062186266775818275,0.0006367682641873359,4.028107746367226,0.7063489368422565,33.984342633143264,31.638523392159016,77.49511314928417,0.03163284470788128,2.2157629928940907,0.42358073645882766,0.08617060492287071,0.6222588673561539,0.40988553611969347,20.0
39,6,0.062186266775818275,0.97146595482951,0.041579014360442576,6.406577313088335,0.0852555850303766,0.0852555850303766,0.01697492975972856,0.08693791374873402,0.062186266775818275,0.0006367682641873359,4.028107746367226,0.7063489368422565,33.984342633143264,31.638523392159016,77.49511314928417,0.03163284470788128,2.2157629928940907,0.42358073645882766,0.08617060492287071,0.6222588673561539,0.40988553611969347,20.0
39,7,0.062186266775818275,0.97146595482951,0.041579014360442576,6.406577313088335,0.0852555850303766,0.0852555850303766,0.01697492975972856,0.08693791374873402,0.062186266775818275,0.0006367682641873359,4.028107746367226,0.7063489368422565,33.984342633143264,31.638523392159016,77.49511314928417,0.03163284470788128,2.2157629928940907,0.42358073645882766,0.08617060492287071,0.6222588673561539,0.40988553611969347,20.0
39,8,0.062186266775818275,0.97146595482951,0.041579014360442576,6.406577313088335,0.0852555850303766,0.0852555850303766,0.01697492975972856,0.08693791374873402,0.062186266775818275,0.0006367682641873359,4.028107746367226,0.7063489368422565,33.984342633143264,31.638523392159016,77.49511314928417,0.03163284470788128,2.2157629928940907,0.42358073645882766,0.08617060492287071,0.6222588673561539,0.40988553611969347,20.0
39,9,0.062186266775818275,0.97146595482951,0.041579014360442576,6.406577313088335,0.0852555850303766,0.0852555850303766,0.01697492975972856,0.08693791374873402,0.062186266775818275,0.0006367682641873359,4.028107746367226,0.7063489368422565,33.984342633143264,31.638523392159016,77.49511314928417,0.03163284470788128,2.2157629928940907,0.42358073645882766,0.08617060492287071,0.6222588673561539,0.40988553611969347,20.0
39,10,0.062186266775818275,0.97146595482951,0.041579014360442576,6.406577313088335,0.0852555850303766,0.0852555850303766,0.01697492975972856,0.08693791374873402,0.062186266775818275,0.0006367682641873359,4.028107746367226,0.7063489368422565,33.984342633143264,31.638523392159016,77.49511314928417,0.03163284470788128,2.2157629928940907,0.42358073645882766,0.08617060492287071,0.6222588673561539,0.40988553611969347,20.0
40,1,0.047063586361462,0.999579122977208,0.0305654893513701,19.541139894748014,0.14900764548825657,0.14900764548825657,0.0002633332672753902,0.007796535353676864,0.047063586361462,0.002182809657760965,3.0919421687814994,0.16468594341336334,38.88741572152255,44.113194667236314,65.04581780321016,0.08234780331058882,4.471928715571238,1.1733759921690268,0.03169184421765263,1.7788221780750673,0.4967399763108472,20.0
40,2,0.0746741104242587,0.9883236734213374,0.048496346541933764,19.541139894748014,0.16152443688497245,0.16152443688497245,0.003162498429171542,0.019233776491506684,0.0746741104242587,0.0033515733859496534,3.0919421687814994,0.16468594341336334,38.88741572152255,44.113194667236314,65.04581780321016,0.08234780331058882,4.471928715571238,1.1733759921690268,0.03169184421765263,1.7788221780750673,0.4967399763108472,20.0
40,3,0.07625459966742716,0.9834460601076753,0.04952259242862077,19.541139894748014,0.16196941852126673,0.16196941852126673,0.00425957050110523,0.02105813774287642,0.07625459966742716,0.003416301308125763,3.0919421687814994,0.16468594341336334,38.88741572152255,44.113194667236314,65.04581780321016,0.08234780331058882,4.471928715571238,1.1733759921690268,0.03169184421765263,1.7788221780750673,0.4967399763108472,20.0
40,4,0.07630234379059228,0.9831925313120556,0.04955359135040146,19.541139894748014,0.16198040170125463,0.16198040170125463,0.004312428160224884,0.02113015322103054,0.07630234379059228,0.0034183204617650276,3.0919421687814994,0.16468594341336334,38.88741572152255,44.113194667236314,65.04581780321016,0.08234780331058882,4.471928715571238,1.1733759921690268,0.03169184421765263,1.7788221780750673,0.4967399763108472,20.0
40,5,0.07630339323396494,0.9831848922583527,0.04955427269030678,19.541139894748014,0.16198061606791564,0.16198061606791564,0.004313929323723737,0.02113197657551923,0.07630339323396494,0.003418366294889243,3.0919421687814994,0.16468594341336334,38.88741572152255,44.113194667236314,65.04581780321016,0.08234780331058882,4.471928715571238,1.1733759921690268,0.03169184421765263,1.7788221780750673,0.4967399763108472,20.0
40,6,0.0763034119721235,0.9831847235232996,0.049554284855409046,19.541139894748014,0.16198061960013083,0.16198061960013083,0.004313961104943611,0.021132012240543716,0.0763034119721235,0.0034183671356848087,3.0919421687814994,0.16468594341336334,38.88741572152255,44.113194667236314,65.04581780321016,0.08234780331058882,4.471928715571238,1.1733759921690268,0.03169184421765263,1.7788221780750673,0.4967399763108472,20.0
40,7,0.07630341225963248,0.983184720495577,0.04955428504205902,19.541139894748014,0.1619806196512336,0.1619806196512336,0.0043139616569706565,0.02113201282442578,0.07630341225963248,0.003418367148876213,3.0919421687814994,0.16468594341336334,38.88741572152255,44.113194667236314,65.04581780321016,0.08234780331058882,4.471928715571238,1.1733759921690268,0.03169184421765263,1.7788221780750673,0.4967399763108472,20.0
40,8,0.07630341226355451,0.9831847204489346,0.04955428504460515,19.541139894748014,0.16198061965189978,0.16198061965189978,0.004313961665255622,0.021132012832790505,0.07630341226355451,0.0034183671490595193,3.0919421687814994,0.16468594341336334,38.88741572152255,44.113194667236314,65.04581780321016,0.08234780331058882,4.471928715571238,1.1733759921690268,0.03169184421765263,1.7788221780750673,0.4967399763108472,20.0
40,9,0.07630341226360318,0.9831847204482962,0.04955428504463674,19.541139894748014,0.16198061965190774,0.16198061965190774,0.004313961665366566,0.021132012832898353,0.07630341226360318,0.0034183671490618296,3.0919421687814994,0.16468594341336334,38.88741572152255,44.113194667236314,65.04581780321016,0.08234780331058882,4.471928715571238,1.1733759921690268,0.03169184421765263,1.7788221780750673,0.4967399763108472,20.0
40,10,0.07630341226360375,0.9831847204482883,0.04955428504463709,19.541139894748014,0.16198061965190785,0.16198061965190785,0.00431396166536792,0.021132012832899637,0.07630341226360375,0.003418367149061856,3.0919421687814994,0.16468594341336334,38.88741572152255,44.113194667236314,65.04581780321016,0.08234780331058882,4.471928715571238,1.1733759921690268,0.03169184421765263,1.7788221780750673,0.4967399763108472,20.0
41,1,0.0797625266148009,0.9999981905944856,0.04297246282298411,7.891409259780481,0.12677891072825745,0.12677891072825745,1.65062703931956e-06,2.162955405417903e-05,0.0797625266148009,0.018845903945403156,4.408932134014284,0.7610254765718096,198.7511441437102,163.97182946552286,91.65631712381398,0.024277123893534307,4.640791808604052,0.5950499331222981,0.02890189943301567,1.270755365451087,0.34991529889683964,20.0
41,2,0.10858974999395599,0.8924672402610937,0.05850318634659215,7.891409259780481,0.13470521565532018,0.13470521565532018,0.014635181392533681,0.022194238663915337,0.10858974999395599,0.021138077785492884,4.408932134014284,0.7610254765718096,198.7511441437102,163.97182946552286,91.65631712381398,0.024277123893534307,4.640791808604052,0.5950499331222981,0.02890189943301567,1.270755365451087,0.34991529889683964,20.0
41,3,0.10987398437259087,0.8836756696695669,0.05919503709397245,7.891409259780481,0.13478131147609146,0.13478131147609146,0.015959032797128205,0.024073510979100224,0.10987398437259087,0.02117538183621628,4.408932134014284,0.7610254765718096,198.7511441437102,163.97182946552286,91.65631712381398,0.024277123893534307,4.640791808604052,0.5950499331222981,0.02890189943301567,1.270755365451087,0.34991529889683964,20.0
41,4,0.10988152201923485,0.8835533887298574,0.05919909753517069,7.891409259780481,0.13478150155704474,0.13478150155704474,0.01597229294292961,0.02409028667799221,0.10988152201923485,0.021175504701565158,4.408932134014284,0.7610254765718096,198.7511441437102,163.97182946552286,91.65631712381398,0.024277123893534307,4.640791808604052,0.5950499331222981,0.02890189943301567,1.270755365451087,0.34991529889683964,20.0
41,5,0.10988153493492507,0.8835530333274133,0.059199104492352585,7.891409259780481,0.13478150175596232,0.13478150175596232,0.015972323286540184,0.02409032216302357,0.10988153493492507,0.02117550485403045,4.408932134014284,0.7610254765718096,198.7511441437102,163.97182946552286,91.65631712381398,0.024277123893534307,4.640791808604052,0.5950499331222981,0.02890189943301567,1.270755365451087,0.34991529889683964,20.0
41,6,0.10988153494504663,0.883553032926219,0.05919910449780449,7.891409259780481,0.13478150175607528,0.13478150175607528,0.01597232331516163,0.024090322194650318,0.10988153494504663,0.02117550485412778,4.408932134014284,0.7610254765718096,198.7511441437102,163.97182946552286,91.65631712381398,0.024277123893534307,4.640791808604052,0.5950499331222981,0.02890189943301567,1.270755365451087,0.34991529889683964,20.0
41,7,0.1098815349450512,0.8835530329259808,0.05919910449780695,7.891409259780481,0.13478150175607534,0.13478150175607534,0.015972323315176368,0.02409032219466593,0.1098815349450512,0.021175504854127815,4.408932134014284,0.7610254765718096,198.7511441437102,163.97182946552286,91.65631712381398,0.024277123893534307,4.640791808604052,0.5950499331222981,0.02890189943301567,1.270755365451087,0.34991529889683964,20.0
41,8,0.1098815349450512,0.8835530329259806,0.05919910449780695,7.891409259780481,0.13478150175607534,0.13478150175607534,0.015972323315176378,0.024090322194665937,0.1098815349450512,0.021175504854127815,4.408932134014284,0.7610254765718096,198.7511441437102,163.97182946552286,91.65631712381398,0.024277123893534307,4.640791808604052,0.5950499331222981,0.02890189943301567,1.270755365451087,0.34991529889683964,20.0
41,9,0.1098815349450512,0.8835530329259806,0.05919910449780695,7.891409259780481,0.13478150175607534,0.13478150175607534,0.015972323315176378,0.024090322194665937,0.1098815349450512,0.021175504854127815,4.408932134014284,0.7610254765718096,198.7511441437102,163.97182946552286,91.65631712381398,0.024277123893534307,4.640791808604052,0.5950499331222981,0.02890189943301567,1.270755365451087,0.34991529889683964,20.0
41,10,0.1098815349450512,0.8835530329259806,0.05919910449780695,7.891409259780481,0.13478150175607534,0.13478150175607534,0.015972323315176378,0.024090322194665937,0.1098815349450512,0.021175504854127815,4.408932134014284,0.7610254765718096,198.7511441437102,163.97182946552286,91.65631712381398,0.024277123893534307,4.640791808604052,0.5950499331222981,0.02890189943301567,1.270755365451087,0.34991529889683964,20.0
42,1,0.08887649389396717,0.999999999936513,0.05105984717600201,9.864123550794101,0.060641142787461536,0.060641142787461536,1.082553081045354e-13,1.7207411360961986e-10,0.08887649389396717,0.005984459964163469,7.826951257317991,0.9267590062915442,111.30568266108175,106.34407429009887,71.0348200940077,0.03562596466657955,2.6216575743016604,0.6318069476715618,0.125054464984206,1.6614138027506204,0.4277097394906699,20.0
42,2,0.1069364121322183,0.9756727180220345,0.061435462135488214,9.864123550794101,0.06112592863337603,0.06112592863337603,0.0028144041348090224,0.0036062584701336497,0.1069364121322183,0.006268478370322884,7.826951257317991,0.9267590062915442,111.30568266108175,106.34407429009887,71.0348200940077,0.03562596466657955,2.6216575743016604,0.6318069476715618,0.125054464984206,1.6614138027506204,0.4277097394906699,20.0
42,3,0.1069721602716627,0.9746885430292294,0.061455990780938934,9.864123550794101,0.06112592938661802,0.06112592938661802,0.0029144758027293514,0.00372367430937594,0.1069721602716627,0.006268479193466596,7.826951257317991,0.9267590062915442,111.30568266108175,106.34407429009887,71.0348200940077,0.03562596466657955,2.6216575743016604,0.6318069476715618,0.125054464984206,1.6614138027506204,0.4277097394906699,20.0
42,4,0.10697216028910882,0.9746885410762653,0.061455990790954505,9.864123550794101,0.06112592938661805,0.06112592938661805,0.002914475909116299,0.003723674402410639,0.10697216028910882,0.006268479193466635,7.826951257317991,0.9267590062915442,111.30568266108175,106.34407429009887,71.0348200940077,0.03562596466657955,2.6216575743016604,0.6318069476715618,0.125054464984206,1.6614138027506204,0.4277097394906699,20.0
42,5,0.10697216028910882,0.9746885410762652,0.061455990790954505,9.864123550794101,0.06112592938661805,0.06112592938661805,0.002914475909116301,0.0037236744024106406,0.10697216028910882,0.006268479193466635,7.826951257317991,0.9267590062915442,111.30568266108175,106.34407429009887,71.0348200940077,0.03562596466657955,2.6216575743016604,0.6318069476715618,0.125054464984206,1.6614138027506204,0.4277097394906699,20.0
42,6,0.10697216028910882,0.9746885410762652,0.061455990790954505,9.864123550794101,0.06112592938661805,0.06112592938661805,0.002914475909116301,0.0037236744024106406,0.10697216028910882,0.006268479193466635,7.826951257317991,0.9267590062915442,111.30568266108175,106.34407429009887,71.0348200940077,0.03562596466657955,2.6216575743016604,0.6318069476715618,0.125054464984206,1.6614138027506204,0.4277097394906699,20.0
42,7,0.10697216028910882,0.9746885410762652,0.061455990790954505,9.864123550794101,0.06112592938661805,0.06112592938661805,0.002914475909116301,0.0037236744024106406,0.10697216028910882,0.006268479193466635,7.826951257317991,0.9267590062915442,111.30568266108175,106.34407429009887,71.0348200940077,0.03562596466657955,2.6216575743016604,0.6318069476715618,0.125054464984206,1.6614138027506204,0.4277097394906699,20.0
42,8,0.10697216028910882,0.9746885410762652,0.061455990790954505,9.864123550794101,0.06112592938661805,0.06112592938661805,0.002914475909116301,0.0037236744024106406,0.10697216028910882,0.006268479193466635,7.826951257317991,0.9267590062915442,111.30568266108175,106.34407429009887,71.0348200940077,0.03562596466657955,2.6216575743016604,0.6318069476715618,0.125054464984206,1.6614138027506204,0.4277097394906699,20.0
42,9,0.10697216028910882,0.9746885410762652,0.061455990790954505,9.864123550794101,0.06112592938661805,0.06112592938661805,0.002914475909116301,0.0037236744024106406,0.10697216028910882,0.006268479193466635,7.826951257317991,0.9267590062915442,111.30568266108175,106.34407429009887,71.0348200940077,0.03562596466657955,2.6216575743016604,0.6318069476715618,0.125054464984206,1.6614138027506204,0.4277097394906699,20.0
42,10,0.10697216028910882,0.9746885410762652,0.061455990790954505,9.864123550794101,0.06112592938661805,0.06112592938661805,0.002914475909116301,0.0037236744024106406,0.10697216028910882,0.006268479193466635,7.826951257317991,0.9267590062915442,111.30568266108175,106.34407429009887,71.0348200940077,0.03562596466657955,2.6216575743016604,0.6318069476715618,0.125054464984206,1.6614138027506204,0.4277097394906699,20.0
43,1,0.10647859271783897,0.9999999999536882,0.057697080259079866,14.223992234823593,0.060188229360800094,0.060188229360800094,1.8479460281858943e-20,9.770615492273767e-17,0.10647859271783897,0.005554726208673276,7.163238532786514,0.5791372449911102,151.41737073312717,168.2103808941986,34.61569016027922,0.022677227267395825,5.914062440403198,0.45339141440018976,0.15067273809666665,1.2278874690577606,0.43976156494760454,20.0
43,2,0.1226037216218093,0.9766305721188122,0.06643477739661195,14.223992234823593,0.060770987885188144,0.060770987885188144,0.0025868649012565905,0.0036945995883892763,0.1226037216218093,0.005815554428650779,7.163238532786514,0.5791372449911102,151.41737073312717,168.2103808941986,34.61569016027922,0.022677227267395825,5.914062440403198,0.45339141440018976,0.15067273809666665,1.2278874690577606,0.43976156494760454,20.0
43,3,0.12265038012447944,0.9756682033378595,0.06646005188556738,14.223992234823593,0.0607709879775599,0.0607709879775599,0.002684030676476506,0.0038261087284416667,0.12265038012447944,0.005815554513142143,7.163238532786514,0.5791372449911102,151.41737073312717,168.2103808941986,34.61569016027922,0.022677227267395825,5.914062440403198,0.45339141440018976,0.15067273809666665,1.2278874690577606,0.43976156494760454,20.0
43,4,0.12265038012652009,0.9756682031355606,0.06646005188667245,14.223992234823593,0.0607709879775599,0.0607709879775599,0.0026840306864084193,0.003826108738709119,0.12265038012652009,0.005815554513142143,7.163238532786514,0.5791372449911102,151.41737073312717,168.2103808941986,34.61569016027922,0.022677227267395825,5.914062440403198,0.45339141440018976,0.15067273809666665,1.2278874690577606,0.43976156494760454,20.0
43,5,0.12265038012652009,0.9756682031355606,0.06646005188667245,14.223992234823593,0.0607709879775599,0.0607709879775599,0.0026840306864084193,0.003826108738709119,0.12265038012652009,0.005815554513142143,7.163238532786514,0.5791372449911102,151.41737073312717,168.2103808941986,34.61569016027922,0.022677227267395825,5.914062440403198,0.45339141440018976,0.15067273809666665,1.2278874690577606,0.43976156494760454,20.0
43,6,0.12265038012652009,0.9756682031355606,0.06646005188667245,14.223992234823593,0.0607709879775599,0.0607709879775599,0.0026840306864084193,0.003826108738709119,0.12265038012652009,0.005815554513142143,7.163238532786514,0.5791372449911102,151.41737073312717,168.2103808941986,34.61569016027922,0.022677227267395825,5.914062440403198,0.45339141440018976,0.15067273809666665,1.2278874690577606,0.43976156494760454,20.0
43,7,0.12265038012652009,0.9756682031355606,0.06646005188667245,14.223992234823593,0.0607709879775599,0.0607709879775599,0.0026840306864084193,0.003826108738709119,0.12265038012652009,0.005815554513142143,7.163238532786514,0.5791372449911102,151.41737073312717,168.2103808941986,34.61569016027922,0.022677227267395825,5.914062440403198,0.45339141440018976,0.15067273809666665,1.2278874690577606,0.43976156494760454,20.0
43,8,0.12265038012652009,0.9756682031355606,0.06646005188667245,14.223992234823593,0.0607709879775599,0.0607709879775599,0.0026840306864084193,0.003826108738709119,0.12265038012652009,0.005815554513142143,7.163238532786514,0.5791372449911102,151.41737073312717,168.2103808941986,34.61569016027922,0.022677227267395825,5.914062440403198,0.45339141440018976,0.15067273809666665,1.2278874690577606,0.43976156494760454,20.0
43,9,0.12265038012652009,0.9756682031355606,0.06646005188667245,14.223992234823593,0.0607709879775599,0.0607709879775599,0.0026840306864084193,0.003826108738709119,0.12265038012652009,0.005815554513142143,7.163238532786514,0.5791372449911102,151.41737073312717,168.2103808941986,34.61569016027922,0.022677227267395825,5.914062440403198,0.45339141440018976,0.15067273809666665,1.2278874690577606,0.43976156494760454,20.0
43,10,0.12265038012652009,0.9756682031355606,0.06646005188667245,14.223992234823593,0.0607709879775599,0.0607709879775599,0.0026840306864084193,0.003826108738709119,0.12265038012652009,0.005815554513142143,7.163238532786514,0.5791372449911102,151.41737073312717,168.2103808941986,34.61569016027922,0.022677227267395825,5.914062440403198,0.45339141440018976,0.15067273809666665,1.2278874690577606,0.43976156494760454,20.0
44,1,0.15162360760595334,0.9996683500139206,0.07020425138932983,10.94236213629124,0.18976650394674577,0.18976650394674577,0.0006241345324664855,0.025991593832440756,0.15162360760595334,0.0013879399357873687,5.591954323407633,0.5698582823150781,158.68200217360658,71.7725645367417,82.35011120766703,0.06987498214735625,4.143527564136577,1.364685819577427,0.07720826865194548,0.9711754062738649,0.4453659181773655,20.0
44,2,0.16860113164958868,0.9934896955784175,0.07806269152996266,10.94236213629124,0.18984145334019878,0.18984145334019878,0.0032733865712367715,0.06084964295533432,0.16860113164958868,0.0014026462133131842,5.591954323407633,0.5698582823150781,158.68200217360658,71.7725645367417,82.35011120766703,0.06987498214735625,4.143527564136577,1.364685819577427,0.07720826865194548,0.9711754062738649,0.4453659181773655,20.0
44,3,0.16860161546481686,0.9934495828936021,0.07806291533695484,10.94236213629124,0.18984145357588805,0.18984145357588805,0.0032756003744247235,0.06085242449605442,0.16860161546481686,0.001402646290051446,5.591954323407633,0.5698582823150781,158.68200217360658,71.7725645367417,82.35011120766703,0.06987498214735625,4.143527564136577,1.364685819577427,0.07720826865194548,0.9711754062738649,0.4453659181773655,20.0
44,4,0.16860161546516778,0.9934495827559577,0.07806291533711712,10.94236213629124,0.18984145357588816,0.18984145357588816,0.0032756003772876413,0.060852424498502374,0.16860161546516778,0.0014026462900514783,5.591954323407633,0.5698582823150781,158.68200217360658,71.7725645367417,82.35011120766703,0.06987498214735625,4.143527564136577,1.364685819577427,0.07720826865194548,0.9711754062738649,0.4453659181773655,20.0
44,5,0.16860161546516778,0.9934495827559575,0.07806291533711712,10.94236213629124,0.18984145357588816,0.18984145357588816,0.0032756003772876417,0.060852424498502374,0.16860161546516778,0.0014026462900514783,5.591954323407633,0.5698582823150781,158.68200217360658,71.7725645367417,82.35011120766703,0.06987498214735625,4.143527564136577,1.364685819577427,0.07720826865194548,0.9711754062738649,0.4453659181773655,20.0
44,6,0.16860161546516778,0.9934495827559575,0.07806291533711712,10.94236213629124,0.18984145357588816,0.18984145357588816,0.0032756003772876417,0.060852424498502374,0.16860161546516778,0.0014026462900514783,5.591954323407633,0.5698582823150781,158.68200217360658,71.7725645367417,82.35011120766703,0.06987498214735625,4.143527564136577,1.364685819577427,0.07720826865194548,0.9711754062738649,0.4453659181773655,20.0
44,7,0.16860161546516778,0.9934495827559575,0.07806291533711712,10.94236213629124,0.18984145357588816,0.18984145357588816,0.0032756003772876417,0.060852424498502374,0.16860161546516778,0.0014026462900514783,5.591954323407633,0.5698582823150781,158.68200217360658,71.7725645367417,82.35011120766703,0.06987498214735625,4.143527564136577,1.364685819577427,0.07720826865194548,0.9711754062738649,0.4453659181773655,20.0
44,8,0.16860161546516778,0.9934495827559575,0.07806291533711712,10.94236213629124,0.18984145357588816,0.18984145357588816,0.0032756003772876417,0.060852424498502374,0.16860161546516778,0.0014026462900514783,5.591954323407633,0.5698582823150781,158.68200217360658,71.7725645367417,82.35011120766703,0.06987498214735625,4.143527564136577,1.364685819577427,0.07720826865194548,0.9711754062738649,0.4453659181773655,20.0
44,9,0.16860161546516778,0.9934495827559575,0.07806291533711712,10.94236213629124,0.18984145357588816,0.18984145357588816,0.0032756003772876417,0.060852424498502374,0.16860161546516778,0.0014026462900514783,5.591954323407633,0.5698582823150781,158.68200217360658,71.7725645367417,82.35011120766703,0.06987498214735625,4.143527564136577,1.364685819577427,0.07720826865194548,0.9711754062738649,0.4453659181773655,20.0
44,10,0.16860161546516778,0.9934495827559575,0.07806291533711712,10.94236213629124,0.18984145357588816,0.18984145357588816,0.0032756003772876417,0.060852424498502374,0.16860161546516778,0.0014026462900514783,5.591954323407633,0.5698582823150781,158.68200217360658,71.7725645367417,82.35011120766703,0.06987498214735625,4.143527564136577,1.364685819577427,0.07720826865194548,0.9711754062738649,0.4453659181773655,20.0
45,1,0.06334652152333603,0.504015952879328,0.030329367225574163,7.406897503643288,0.1115043015272078,0.1115043015272078,0.131264218472067,0.17481532332933258,0.06334652152333603,0.0041088563442793075,2.9578364099433583,0.5020251995805098,171.99397445234672,126.51649212405285,49.984787860190096,0.07776449652943851,2.851919912755585,0.7245766697313842,0.04042562049826215,1.3802567877226395,0.4604251355560281,20.0
45,2,0.06440557936785372,0.45293086333950106,0.03083630367147262,7.406897503643288,0.11152181683559767,0.11152181683559767,0.13769220449333985,0.17959042415085485,0.06440557936785372,0.004115670148451693,2.9578364099433583,0.5020251995805098,171.99397445234672,126.51649212405285,49.984787860190096,0.07776449652943851,2.851919912755585,0.7245766697313842,0.04042562049826215,1.3802567877226395,0.4604251355560281,20.0
45,3,0.06440559674512882,0.4529246121162769,0.030836311988327623,7.406897503643288,0.11152181700625596,0.11152181700625596,0.13769235824597287,0.17959051850922628,0.06440559674512882,0.004115670228507433,2.9578364099433583,0.5020251995805098,171.99397445234672,126.51649212405285,49.984787860190096,0.07776449652943851,2.851919912755585,0.7245766697313842,0.04042562049826215,1.3802567877226395,0.4604251355560281,20.0
45,4,0.06440559674522159,0.452924612055744,0.030836311988372018,7.406897503643288,0.11152181700625671,0.11152181700625671,0.13769235824690249,0.17959051850976152,0.06440559674522159,0.004115670228507812,2.9578364099433583,0.5020251995805098,171.99397445234672,126.51649212405285,49.984787860190096,0.07776449652943851,2.851919912755585,0.7245766697313842,0.04042562049826215,1.3802567877226395,0.4604251355560281,20.0
45,5,0.06440559674522159,0.45292461205574375,0.030836311988372018,7.406897503643288,0.11152181700625671,0.11152181700625671,0.13769235824690249,0.17959051850976152,0.06440559674522159,0.004115670228507812,2.9578364099433583,0.5020251995805098,171.99397445234672,126.51649212405285,49.984787860190096,0.07776449652943851,2.851919912755585,0.7245766697313842,0.04042562049826215,1.3802567877226395,0.4604251355560281,20.0
45,6,0.06440559674522159,0.45292461205574375,0.030836311988372018,7.406897503643288,0.11152181700625671,0.11152181700625671,0.13769235824690249,0.17959051850976152,0.06440559674522159,0.004115670228507812,2.9578364099433583,0.5020251995805098,171.99397445234672,126.51649212405285,49.984787860190096,0.07776449652943851,2.851919912755585,0.7245766697313842,0.04042562049826215,1.3802567877226395,0.4604251355560281,20.0
45,7,0.06440559674522159,0.45292461205574375,0.030836311988372018,7.406897503643288,0.11152181700625671,0.11152181700625671,0.13769235824690249,0.17959051850976152,0.06440559674522159,0.004115670228507812,2.9578364099433583,0.5020251995805098,171.99397445234672,126.51649212405285,49.984787860190096,0.07776449652943851,2.851919912755585,0.7245766697313842,0.04042562049826215,1.3802567877226395,0.4604251355560281,20.0
45,8,0.06440559674522159,0.45292461205574375,0.030836311988372018,7.406897503643288,0.11152181700625671,0.11152181700625671,0.13769235824690249,0.17959051850976152,0.06440559674522159,0.004115670228507812,2.9578364099433583,0.5020251995805098,171.99397445234672,126.51649212405285,49.984787860190096,0.07776449652943851,2.851919912755585,0.7245766697313842,0.04042562049826215,1.3802567877226395,0.4604251355560281,20.0
45,9,0.06440559674522159,0.45292461205574375,0.030836311988372018,7.406897503643288,0.11152181700625671,0.11152181700625671,0.13769235824690249,0.17959051850976152,0.06440559674522159,0.004115670228507812,2.9578364099433583,0.5020251995805098,171.99397445234672,126.51649212405285,49.984787860190096,0.07776449652943851,2.851919912755585,0.7245766697313842,0.04042562049826215,1.3802567877226395,0.4604251355560281,20.0
45,10,0.06440559674522159,0.45292461205574375,0.030836311988372018,7.406897503643288,0.11152181700625671,0.11152181700625671,0.13769235824690249,0.17959051850976152,0.06440559674522159,0.004115670228507812,2.9578364099433583,0.5020251995805098,171.99397445234672,126.51649212405285,49.984787860190096,0.07776449652943851,2.851919912755585,0.7245766697313842,0.04042562049826215,1.3802567877226395,0.4604251355560281,20.0
46,1,0.09575747250524108,0.9022040861848311,0.0417781186561653,54.40946941872438,0.5100616133418281,0.5100616133418281,0.03843018098125595,0.10296338185019686,0.09575747250524108,0.0042833967006974715,2.9870513369840195,0.055401527145791045,56.1357787824002,39.58688253143457,19.438534679853916,0.11134228260497313,5.6845438845310525,1.2800262564351623,0.06769346073467043,0.5071958732788915,0.42240025917847235,20.0
46,2,0.11281055787091816,0.787868707677991,0.049215471481873274,54.40946941872438,0.5129528035695877,0.5129528035695877,0.07444703979655694,0.13614339484940416,0.11281055787091816,0.004586568146401366,2.9870513369840195,0.055401527145791045,56.1357787824002,39.58688253143457,19.438534679853916,0.11134228260497313,5.6845438845310525,1.2800262564351623,0.06769346073467043,0.5071958732788915,0.42240025917847235,20.0
46,3,0.11283822664803742,0.7867308824091115,0.04922753499780948,54.40946941872438,0.5129563768959065,0.5129563768959065,0.07458240087136504,0.1362168161308701,0.11283822664803742,0.004587116586412557,2.9870513369840195,0.055401527145791045,56.1357787824002,39.58688253143457,19.438534679853916,0.11134228260497313,5.6845438845310525,1.2800262564351623,0.06769346073467043,0.5071958732788915,0.42240025917847235,20.0
46,4,0.11283824720988817,0.7867293152016701,0.04922754396161175,54.40946941872438,0.5129563792150901,0.5129563792150901,0.07458253098793395,0.136216876621467,0.11283824720988817,0.004587117008213646,2.9870513369840195,0.055401527145791045,56.1357787824002,39.58688253143457,19.438534679853916,0.11134228260497313,5.6845438845310525,1.2800262564351623,0.06769346073467043,0.5071958732788915,0.42240025917847235,20.0
46,5,0.11283824721977215,0.7867293141405766,0.0492275439659203,54.40946941872438,0.5129563792161134,0.5129563792161134,0.07458253105996017,0.13621687665219562,0.11283824721977215,0.004587117008419368,2.9870513369840195,0.055401527145791045,56.1357787824002,39.58688253143457,19.438534679853916,0.11134228260497313,5.6845438845310525,1.2800262564351623,0.06769346073467043,0.5071958732788915,0.42240025917847235,20.0
46,6,0.11283824721977571,0.7867293141400978,0.049227543965921855,54.40946941872438,0.5129563792161136,0.5129563792161136,0.07458253105998859,0.1362168766522071,0.11283824721977571,0.004587117008419444,2.9870513369840195,0.055401527145791045,56.1357787824002,39.58688253143457,19.438534679853916,0.11134228260497313,5.6845438845310525,1.2800262564351623,0.06769346073467043,0.5071958732788915,0.42240025917847235,20.0
46,7,0.11283824721977571,0.7867293141400976,0.049227543965921855,54.40946941872438,0.5129563792161136,0.5129563792161136,0.07458253105998859,0.1362168766522071,0.11283824721977571,0.004587117008419444,2.9870513369840195,0.055401527145791045,56.1357787824002,39.58688253143457,19.438534679853916,0.11134228260497313,5.6845438845310525,1.2800262564351623,0.06769346073467043,0.5071958732788915,0.42240025917847235,20.0
46,8,0.11283824721977571,0.7867293141400976,0.049227543965921855,54.40946941872438,0.5129563792161136,0.5129563792161136,0.07458253105998859,0.1362168766522071,0.11283824721977571,0.004587117008419444,2.9870513369840195,0.055401527145791045,56.1357787824002,39.58688253143457,19.438534679853916,0.11134228260497313,5.6845438845310525,1.2800262564351623,0.06769346073467043,0.5071958732788915,0.42240025917847235,20.0
46,9,0.11283824721977571,0.7867293141400976,0.049227543965921855,54.40946941872438,0.5129563792161136,0.5129563792161136,0.07458253105998859,0.1362168766522071,0.11283824721977571,0.004587117008419444,2.9870513369840195,0.055401527145791045,56.1357787824002,39.58688253143457,19.438534679853916,0.11134228260497313,5.6845438845310525,1.2800262564351623,0.06769346073467043,0.5071958732788915,0.42240025917847235,20.0
46,10,0.11283824721977571,0.7867293141400976,0.049227543965921855,54.40946941872438,0.5129563792161136,0.5129563792161136,0.07458253105998859,0.1362168766522071,0.11283824721977571,0.004587117008419444,2.9870513369840195,0.055401527145791045,56.1357787824002,39.58688253143457,19.438534679853916,0.11134228260497313,5.6845438845310525,1.2800262564351623,0.06769346073467043,0.5071958732788915,0.42240025917847235,20.0
47,1,0.016764428457061685,0.9999999997490724,0.012822514972663814,10.152239446527282,0.1342500338717372,0.1342500338717372,4.251301323887797e-40,9.748646272338969e-31,0.016764428457061685,0.00804649712965475,6.601132958495348,0.8115448675577218,52.95995920092038,165.80304356863005,72.03514676763434,0.028005408825648698,4.437777283323724,1.2623520513302624,0.1633985659270972,1.2474050833221262,0.451372213260396,20.0
47,2,0.03870588199349899,0.9563196264592126,0.02960787201246724,10.152239446527282,0.15071204410210695,0.15071204410210695,0.007820185566191143,0.013191020964734146,0.03870588199349899,0.010755632374010603,6.601132958495348,0.8115448675577218,52.95995920092038,165.80304356863005,72.03514676763434,0.028005408825648698,4.437777283323724,1.2623520513302624,0.1633985659270972,1.2474050833221262,0.451372213260396,20.0
47,3,0.041273639953359566,0.9464554546063052,0.031572193864657046,10.152239446527282,0.15071404078562414,0.15071404078562414,0.010207502971610079,0.01693641105616671,0.041273639953359566,0.010756640062907871,6.601132958495348,0.8115448675577218,52.95995920092038,165.80304356863005,72.03514676763434,0.028005408825648698,4.437777283323724,1.2623520513302624,0.1633985659270972,1.2474050833221262,0.451372213260396,20.0
47,4,0.04127381491674599,0.9464518839508477,0.03157232766996317,10.152239446527282,0.15071404078632486,0.15071404078632486,0.010208098052742047,0.016937120543142954,0.04127381491674599,0.010756640063413647,6.601132958495348,0.8115448675577218,52.95995920092038,165.80304356863005,72.03514676763434,0.028005408825648698,4.437777283323724,1.2623520513302624,0.1633985659270972,1.2474050833221262,0.451372213260396,20.0
47,5,0.041273814916788755,0.9464518839491918,0.03157232766999588,10.152239446527282,0.15071404078632486,0.15071404078632486,0.010208098052977782,0.01693712054338373,0.041273814916788755,0.010756640063413647,6.601132958495348,0.8115448675577218,52.95995920092038,165.80304356863005,72.03514676763434,0.028005408825648698,4.437777283323724,1.2623520513302624,0.1633985659270972,1.2474050833221262,0.451372213260396,20.0
47,6,0.041273814916788755,0.9464518839491918,0.03157232766999588,10.152239446527282,0.15071404078632486,0.15071404078632486,0.010208098052977782,0.01693712054338373,0.041273814916788755,0.010756640063413647,6.601132958495348,0.8115448675577218,52.95995920092038,165.80304356863005,72.03514676763434,0.028005408825648698,4.437777283323724,1.2623520513302624,0.1633985659270972,1.2474050833221262,0.451372213260396,20.0
47,7,0.041273814916788755,0.9464518839491918,0.03157232766999588,10.152239446527282,0.15071404078632486,0.15071404078632486,0.010208098052977782,0.01693712054338373,0.041273814916788755,0.010756640063413647,6.601132958495348,0.8115448675577218,52.95995920092038,165.80304356863005,72.03514676763434,0.028005408825648698,4.437777283323724,1.2623520513302624,0.1633985659270972,1.2474050833221262,0.451372213260396,20.0
47,8,0.041273814916788755,0.9464518839491918,0.03157232766999588,10.152239446527282,0.15071404078632486,0.15071404078632486,0.010208098052977782,0.01693712054338373,0.041273814916788755,0.010756640063413647,6.601132958495348,0.8115448675577218,52.95995920092038,165.80304356863005,72.03514676763434,0.028005408825648698,4.437777283323724,1.2623520513302624,0.1633985659270972,1.2474050833221262,0.451372213260396,20.0
47,9,0.041273814916788755,0.9464518839491918,0.03157232766999588,10.152239446527282,0.15071404078632486,0.15071404078632486,0.010208098052977782,0.01693712054338373,0.041273814916788755,0.010756640063413647,6.601132958495348,0.8115448675577218,52.95995920092038,165.80304356863005,72.03514676763434,0.028005408825648698,4.437777283323724,1.2623520513302624,0.1633985659270972,1.2474050833221262,0.451372213260396,20.0
47,10,0.041273814916788755,0.9464518839491918,0.03157232766999588,10.152239446527282,0.15071404078632486,0.15071404078632486,0.010208098052977782,0.01693712054338373,0.041273814916788755,0.010756640063413647,6.601132958495348,0.8115448675577218,52.95995920092038,165.80304356863005,72.03514676763434,0.028005408825648698,4.437777283323724,1.2623520513302624,0.1633985659270972,1.2474050833221262,0.451372213260396,20.0
48,1,0.00042933274809391677,0.9999999821263086,0.0001667591973553316,7.6174943409832245,0.44427910014963823,0.44427910014963823,1.953839337598075e-24,1.0942001767478515e-20,0.00042933274809391677,0.00040639821266539753,5.735438445996495,0.8953605129861794,184.99380517831483,111.84386835992325,18.664964584127606,0.052300303231221174,5.455966383682197,1.1994442567737564,0.07154314515005915,1.9406235622864854,0.33000907105483274,20.0
48,2,0.06484376339687632,0.9844576008666893,0.025212936814205635,7.6174943409832245,0.7582761658645845,0.7582761658645845,0.0011554654063530268,0.002519800407199088,0.06484376339687632,0.020048191112952966,5.735438445996495,0.8953605129861794,184.99380517831483,111.84386835992325,18.664964584127606,0.052300303231221174,5.455966383682197,1.1994442567737564,0.07154314515005915,1.9406235622864854,0.33000907105483274,20.0
48,3,0.16983245674612787,0.8440315022587505,0.0660430143052143,7.6174943409832245,0.8015376325434509,0.8015376325434509,0.024093340281782682,0.04250595697634161,0.16983245674612787,0.030433301357029274,5.735438445996495,0.8953605129861794,184.99380517831483,111.84386835992325,18.664964584127606,0.052300303231221174,5.455966383682197,1.1994442567737564,0.07154314515005915,1.9406235622864854,0.33000907105483274,20.0
48,4,0.17922274342564234,0.8068917403033582,0.06969469724213147,7.6174943409832245,0.8025021366220806,0.8025021366220806,0.03015701918451289,0.05145853104789084,0.17922274342564234,0.030804696660514948,5.735438445996495,0.8953605129861794,184.99380517831483,111.84386835992325,18.664964584127606,0.052300303231221174,5.455966383682197,1.1994442567737564,0.07154314515005915,1.9406235622864854,0.33000907105483274,20.0
48,5,0.179362970095496,0.805796863121181,0.06974922517372316,7.6174943409832245,0.8025087917861597,0.8025087917861597,0.030294661837511363,0.05164406934228587,0.179362970095496,0.030808042970251394,5.735438445996495,0.8953605129861794,184.99380517831483,111.84386835992325,18.664964584127606,0.052300303231221174,5.455966383682197,1.1994442567737564,0.07154314515005915,1.9406235622864854,0.33000907105483274,20.0
48,6,0.1793636475497502,0.805787887498991,0.06974948859018192,7.6174943409832245,0.8025088093527849,0.8025088093527849,0.030295550887354347,0.05164518609484559,0.1793636475497502,0.030808053709726883,5.735438445996495,0.8953605129861794,184.99380517831483,111.84386835992325,18.664964584127606,0.052300303231221174,5.455966383682197,1.1994442567737564,0.07154314515005915,1.9406235622864854,0.33000907105483274,20.0
48,7,0.1793636488371622,0.8057878612749786,0.06974948909074283,7.6174943409832245,0.8025088093736873,0.8025088093736873,0.030295552995591772,0.05164518858527066,0.1793636488371622,0.030808053724504497,5.735438445996495,0.8953605129861794,184.99380517831483,111.84386835992325,18.664964584127606,0.052300303231221174,5.455966383682197,1.1994442567737564,0.07154314515005915,1.9406235622864854,0.33000907105483274,20.0
48,8,0.17936364883831019,0.8057878612417825,0.06974948909118917,7.6174943409832245,0.8025088093737003,0.8025088093737003,0.030295552997820746,0.05164518858777088,0.17936364883831019,0.030808053724514693,5.735438445996495,0.8953605129861794,184.99380517831483,111.84386835992325,18.664964584127606,0.052300303231221174,5.455966383682197,1.1994442567737564,0.07154314515005915,1.9406235622864854,0.33000907105483274,20.0
48,9,0.1793636488383107,0.8057878612417613,0.06974948909118937,7.6174943409832245,0.8025088093737003,0.8025088093737003,0.03029555299782195,0.05164518858777214,0.1793636488383107,0.030808053724514697,5.735438445996495,0.8953605129861794,184.99380517831483,111.84386835992325,18.664964584127606,0.052300303231221174,5.455966383682197,1.1994442567737564,0.07154314515005915,1.9406235622864854,0.33000907105483274,20.0
48,10,0.1793636488383107,0.8057878612417613,0.06974948909118937,7.6174943409832245,0.8025088093737003,0.8025088093737003,0.03029555299782195,0.05164518858777214,0.1793636488383107,0.030808053724514697,5.735438445996495,0.8953605129861794,184.99380517831483,111.84386835992325,18.664964584127606,0.052300303231221174,5.455966383682197,1.1994442567737564,0.07154314515005915,1.9406235622864854,0.33000907105483274,20.0
49,1,0.007696714293757325,0.46086186759950454,0.00621437898162004,6.264572205984239,0.36762411993218663,0.36762411993218663,0.0960711056927291,0.05278936465972717,0.007696714293757325,0.0662589713044146,2.853673706518725,0.6835458656557526,37.330969416417645,176.7008091786772,64.55094247435272,0.12836684477503799,4.919570894200973,0.5742822504381708,0.04605484105465893,0.6475437304361256,0.4936681862642469,20.0
49,2,0.009546102442194344,0.39098268455264884,0.007707486104425959,6.264572205984239,0.36762742582414293,0.36762742582414293,0.11903037101533602,0.06668883894717806,0.009546102442194344,0.06625949304127493,2.853673706518725,0.6835458656557526,37.330969416417645,176.7008091786772,64.55094247435272,0.12836684477503799,4.919570894200973,0.5742822504381708,0.04605484105465893,0.6475437304361256,0.4936681862642469,20.0
49,3,0.00954611173043288,0.3909821520535812,0.007707493602326253,6.264572205984239,0.36762742583414443,0.36762742583414443,0.11903053066411229,0.06668892041426058,0.00954611173043288,0.06625949304296815,2.853673706518725,0.6835458656557526,37.330969416417645,176.7008091786772,64.55094247435272,0.12836684477503799,4.919570894200973,0.5742822504381708,0.04605484105465893,0.6475437304361256,0.4936681862642469,20.0
49,4,0.009546111730457368,0.3909821520518247,0.007707493602346019,6.264572205984239,0.36762742583414443,0.36762742583414443,0.11903053066457699,0.06668892041448629,0.009546111730457368,0.06625949304296815,2.853673706518725,0.6835458656557526,37.330969416417645,176.7008091786772,64.55094247435272,0.12836684477503799,4.919570894200973,0.5742822504381708,0.04605484105465893,0.6475437304361256,0.4936681862642469,20.0
49,5,0.009546111730457368,0.3909821520518246,0.007707493602346019,6.264572205984239,0.36762742583414443,0.36762742583414443,0.11903053066457699,0.06668892041448629,0.009546111730457368,0.06625949304296815,2.853673706518725,0.6835458656557526,37.330969416417645,176.7008091786772,64.55094247435272,0.12836684477503799,4.919570894200973,0.5742822504381708,0.04605484105465893,0.6475437304361256,0.4936681862642469,20.0
49,6,0.009546111730457368,0.3909821520518246,0.007707493602346019,6.264572205984239,0.36762742583414443,0.36762742583414443,0.11903053066457699,0.06668892041448629,0.009546111730457368,0.06625949304296815,2.853673706518725,0.6835458656557526,37.330969416417645,176.7008091786772,64.55094247435272,0.12836684477503799,4.919570894200973,0.5742822504381708,0.04605484105465893,0.6475437304361256,0.4936681862642469,20.0
49,7,0.009546111730457368,0.3909821520518246,0.007707493602346019,6.264572205984239,0.36762742583414443,0.36762742583414443,0.11903053066457699,0.06668892041448629,0.009546111730457368,0.06625949304296815,2.853673706518725,0.6835458656557526,37.330969416417645,176.7008091786772,64.55094247435272,0.12836684477503799,4.919570894200973,0.5742822504381708,0.04605484105465893,0.6475437304361256,0.4936681862642469,20.0
49,8,0.009546111730457368,0.3909821520518246,0.007707493602346019,6.264572205984239,0.36762742583414443,0.36762742583414443,0.11903053066457699,0.06668892041448629,0.009546111730457368,0.06625949304296815,2.853673706518725,0.6835458656557526,37.330969416417645,176.7008091786772,64.55094247435272,0.12836684477503799,4.919570894200973,0.5742822504381708,0.04605484105465893,0.6475437304361256,0.4936681862642469,20.0
49,9,0.009546111730457368,0.3909821520518246,0.007707493602346019,6.264572205984239,0.36762742583414443,0.36762742583414443,0.11903053066457699,0.06668892041448629,0.009546111730457368,0.06625949304296815,2.853673706518725,0.6835458656557526,37.330969416417645,176.7008091786772,64.55094247435272,0.12836684477503799,4.919570894200973,0.5742822504381708,0.04605484105465893,0.6475437304361256,0.4936681862642469,20.0
49,10,0.009546111730457368,0.3909821520518246,0.007707493602346019,6.264572205984239,0.36762742583414443,0.36762742583414443,0.11903053066457699,0.06668892041448629,0.009546111730457368,0.06625949304296815,2.853673706518725,0.6835458656557526,37.330969416417645,176.7008091786772,64.55094247435272,0.12836684477503799,4.919570894200973,0.5742822504381708,0.04605484105465893,0.6475437304361256,0.4936681862642469,20.0
50,1,0.09056593586590049,0.9762995862928676,0.04321474297917665,6.681168883988498,0.36865514354332923,0.36865514354332923,0.009903179828941733,0.04044774930286407,0.09056593586590049,0.01378351727339459,4.229821742566986,0.7341032364745058,88.55485197235163,84.67358145750109,14.508710502106354,0.08741592534486059,3.902070175469826,1.3778965546940551,0.02705591128943687,1.3886700474080789,0.4911324419453548,20.0
50,2,0.12243059298962121,0.8738585326030266,0.058417216111721265,6.681168883988498,0.40689867984103356,0.40689867984103356,0.03388780652247496,0.07850879402545996,0.12243059298962121,0.017754973065762104,4.229821742566986,0.7341032364745058,88.55485197235163,84.67358145750109,14.508710502106354,0.08741592534486059,3.902070175469826,1.3778965546940551,0.02705591128943687,1.3886700474080789,0.4911324419453548,20.0
50,3,0.12434444137481829,0.8571986647666696,0.05933020522960043,6.681168883988498,0.4084015252275416,0.4084015252275416,0.03685249107218495,0.08176412164775647,0.12434444137481829,0.017977567968332667,4.229821742566986,0.7341032364745058,88.55485197235163,84.67358145750109,14.508710502106354,0.08741592534486059,3.902070175469826,1.3778965546940551,0.02705591128943687,1.3886700474080789,0.4911324419453548,20.0
50,4,0.12440192605042284,0.8564129195100658,0.05935762669321359,6.681168883988498,0.40843898591579536,0.40843898591579536,0.036964813942787354,0.08187364550786821,0.12440192605042284,0.017984154922447742,4.229821742566986,0.7341032364745058,88.55485197235163,84.67358145750109,14.508710502106354,0.08741592534486059,3.902070175469826,1.3778965546940551,0.02705591128943687,1.3886700474080789,0.4911324419453548,20.0
50,5,0.12440313364945388,0.8563913934667466,0.05935820272880973,6.681168883988498,0.40843968978961664,0.40843968978961664,0.03696749856129532,0.08187609501782978,0.12440313364945388,0.01798429258422199,4.229821742566986,0.7341032364745058,88.55485197235163,84.67358145750109,14.508710502106354,0.08741592534486059,3.902070175469826,1.3778965546940551,0.02705591128943687,1.3886700474080789,0.4911324419453548,20.0
50,6,0.12440315370474576,0.8563909659107927,0.059358212295179145,6.681168883988498,0.4084397006247668,0.4084397006247668,0.03696754716718874,0.08187613741097866,0.12440315370474576,0.017984294865710206,4.229821742566986,0.7341032364745058,88.55485197235163,84.67358145750109,14.508710502106354,0.08741592534486059,3.902070175469826,1.3778965546940551,0.02705591128943687,1.3886700474080789,0.4911324419453548,20.0
50,7,0.12440315398559264,0.856390959084165,0.059358212429141105,6.681168883988498,0.4084397007682793,0.4084397007682793,0.036967547892036545,0.08187613802249566,0.12440315398559264,0.017984294897632466,4.229821742566986,0.7341032364745058,88.55485197235163,84.67358145750109,14.508710502106354,0.08741592534486059,3.902070175469826,1.3778965546940551,0.02705591128943687,1.3886700474080789,0.4911324419453548,20.0
50,8,0.12440315398904181,0.8563909589913631,0.05935821243078632,6.681168883988498,0.40843970076996766,0.40843970076996766,0.03696754790137983,0.08187613803017713,0.12440315398904181,0.017984294898024396,4.229821742566986,0.7341032364745058,88.55485197235163,84.67358145750109,14.508710502106354,0.08741592534486059,3.902070175469826,1.3778965546940551,0.02705591128943687,1.3886700474080789,0.4911324419453548,20.0
50,9,0.12440315398907996,0.8563909589902498,0.0593582124308045,6.681168883988498,0.4084397007699857,0.4084397007699857,0.03696754790148719,0.08187613803026356,0.12440315398907996,0.01798429489802873,4.229821742566986,0.7341032364745058,88.55485197235163,84.67358145750109,14.508710502106354,0.08741592534486059,3.902070175469826,1.3778965546940551,0.02705591128943687,1.3886700474080789,0.4911324419453548,20.0
50,10,0.1244031539890803,0.8563909589902378,0.05935821243080467,6.681168883988498,0.40843970076998587,0.40843970076998587,0.036967547901488304,0.08187613803026442,0.1244031539890803,0.017984294898028767,4.229821742566986,0.7341032364745058,88.55485197235163,84.67358145750109,14.508710502106354,0.08741592534486059,3.902070175469826,1.3778965546940551,0.02705591128943687,1.3886700474080789,0.4911324419453548,20.0
51,1,1.5941148010003913e-05,0.999999362705843,5.236771341688949e-06,3.2691674595753324,0.3280156818690595,0.3280156818690595,3.305997951343235e-14,2.510013258269035e-12,1.5941148010003913e-05,0.0001188678680831522,2.3318403839485757,0.9700686067487743,180.99242469120753,74.35792384233444,24.35981581992315,0.02619729202957318,5.228317626787419,0.8046274319487794,0.17734439868857338,1.52760065036224,0.38183176933088625,20.0
51,2,0.12488326387900715,0.9548482690794705,0.04111140107390505,3.2691674595753324,0.4957646840706307,0.4957646840706307,0.013172222507458545,0.030793694939486475,0.12488326387900715,0.06606201008075999,2.3318403839485757,0.9700686067487743,180.99242469120753,74.35792384233444,24.35981581992315,0.02619729202957318,5.228317626787419,0.8046274319487794,0.17734439868857338,1.52760065036224,0.38183176933088625,20.0
51,3,0.16883246746150204,0.6222702630154268,0.05557901331081194,3.2691674595753324,0.4986827520635913,0.4986827520635913,0.05622157343948346,0.0863318443328841,0.16883246746150204,0.07005104097502486,2.3318403839485757,0.9700686067487743,180.99242469120753,74.35792384233444,24.35981581992315,0.02619729202957318,5.228317626787419,0.8046274319487794,0.17734439868857338,1.52760065036224,0.38183176933088625,20.0
51,4,0.16893065565357404,0.6166212271478063,0.055611326302208074,3.2691674595753324,0.4986835400348385,0.4986835400348385,0.05651014229103837,0.08658555630468191,0.16893065565357404,0.07005284917444562,2.3318403839485757,0.9700686067487743,180.99242469120753,74.35792384233444,24.35981581992315,0.02619729202957318,5.228317626787419,0.8046274319487794,0.17734439868857338,1.52760065036224,0.38183176933088625,20.0
51,5,0.1689306592817862,0.6166196093402644,0.05561132749589941,3.2691674595753324,0.4986835400415856,0.4986835400415856,0.05651016233152145,0.08658556963573416,0.1689306592817862,0.0700528491944955,2.3318403839485757,0.9700686067487743,180.99242469120753,74.35792384233444,24.35981581992315,0.02619729202957318,5.228317626787419,0.8046274319487794,0.17734439868857338,1.52760065036224,0.38183176933088625,20.0
51,6,0.16893065928179352,0.6166196093263258,0.055611327495901815,3.2691674595753324,0.4986835400415856,0.4986835400415856,0.05651016233158089,0.08658556963576707,0.16893065928179352,0.0700528491944955,2.3318403839485757,0.9700686067487743,180.99242469120753,74.35792384233444,24.35981581992315,0.02619729202957318,5.228317626787419,0.8046274319487794,0.17734439868857338,1.52760065036224,0.38183176933088625,20.0
51,7,0.16893065928179352,0.6166196093263258,0.055611327495901815,3.2691674595753324,0.4986835400415856,0.4986835400415856,0.05651016233158089,0.08658556963576707,0.16893065928179352,0.0700528491944955,2.3318403839485757,0.9700686067487743,180.99242469120753,74.35792384233444,24.35981581992315,0.02619729202957318,5.228317626787419,0.8046274319487794,0.17734439868857338,1.52760065036224,0.38183176933088625,20.0
51,8,0.16893065928179352,0.6166196093263258,0.055611327495901815,3.2691674595753324,0.4986835400415856,0.4986835400415856,0.05651016233158089,0.08658556963576707,0.16893065928179352,0.0700528491944955,2.3318403839485757,0.9700686067487743,180.99242469120753,74.35792384233444,24.35981581992315,0.02619729202957318,5.228317626787419,0.8046274319487794,0.17734439868857338,1.52760065036224,0.38183176933088625,20.0
51,9,0.16893065928179352,0.6166196093263258,0.055611327495901815,3.2691674595753324,0.4986835400415856,0.4986835400415856,0.05651016233158089,0.08658556963576707,0.16893065928179352,0.0700528491944955,2.3318403839485757,0.9700686067487743,180.99242469120753,74.35792384233444,24.35981581992315,0.02619729202957318,5.228317626787419,0.8046274319487794,0.17734439868857338,1.52760065036224,0.38183176933088625,20.0
51,10,0.16893065928179352,0.6166196093263258,0.055611327495901815,3.2691674595753324,0.4986835400415856,0.4986835400415856,0.05651016233158089,0.08658556963576707,0.16893065928179352,0.0700528491944955,2.3318403839485757,0.9700686067487743,180.99242469120753,74.35792384233444,24.35981581992315,0.02619729202957318,5.228317626787419,0.8046274319487794,0.17734439868857338,1.52760065036224,0.38183176933088625,20.0
52,1,0.02275925883180946,0.24518295655990788,0.011902575291630416,6.3344347235389655,0.1032437310723078,0.1032437310723078,0.14052318618620985,0.10014744460060515,0.02275925883180946,0.05106416422225861,2.585379952756657,0.5074859103447559,102.01609920918662,113.89644661477172,20.19681707018378,0.06190822607524861,3.3976756607311422,0.24723409099587607,0.053228850616528975,0.5699231527505401,0.3383110422534256,20.0
52,2,0.02324114273089197,0.20838489647634212,0.012154552171123895,6.3344347235389655,0.10324678682462636,0.10324678682462636,0.14511876453227374,0.10265363875471849,0.02324114273089197,0.051066085913274606,2.585379952756657,0.5074859103447559,102.01609920918662,113.89644661477172,20.19681707018378,0.06190822607524861,3.3976756607311422,0.24723409099587607,0.053228850616528975,0.5699231527505401,0.3383110422534256,20.0
52,3,0.023241146420207526,0.20838418377831378,0.012154554100055335,6.3344347235389655,0.1032467868421576,0.1032467868421576,0.14511881016572442,0.10265366010291967,0.023241146420207526,0.05106608592523787,2.585379952756657,0.5074859103447559,102.01609920918662,113.89644661477172,20.19681707018378,0.06190822607524861,3.3976756607311422,0.24723409099587607,0.053228850616528975,0.5699231527505401,0.3383110422534256,20.0
52,4,0.02324114642022224,0.20838418377423748,0.01215455410006303,6.3344347235389655,0.10324678684215767,0.10324678684215767,0.1451188101659254,0.10265366010300846,0.02324114642022224,0.05106608592523792,2.585379952756657,0.5074859103447559,102.01609920918662,113.89644661477172,20.19681707018378,0.06190822607524861,3.3976756607311422,0.24723409099587607,0.053228850616528975,0.5699231527505401,0.3383110422534256,20.0
52,5,0.02324114642022224,0.20838418377423748,0.01215455410006303,6.3344347235389655,0.10324678684215767,0.10324678684215767,0.1451188101659254,0.10265366010300846,0.02324114642022224,0.05106608592523792,2.585379952756657,0.5074859103447559,102.01609920918662,113.89644661477172,20.19681707018378,0.06190822607524861,3.3976756607311422,0.24723409099587607,0.053228850616528975,0.5699231527505401,0.3383110422534256,20.0
52,6,0.02324114642022224,0.20838418377423748,0.01215455410006303,6.3344347235389655,0.10324678684215767,0.10324678684215767,0.1451188101659254,0.10265366010300846,0.02324114642022224,0.05106608592523792,2.585379952756657,0.5074859103447559,102.01609920918662,113.89644661477172,20.19681707018378,0.06190822607524861,3.3976756607311422,0.24723409099587607,0.053228850616528975,0.5699231527505401,0.3383110422534256,20.0
52,7,0.02324114642022224,0.20838418377423748,0.01215455410006303,6.3344347235389655,0.10324678684215767,0.10324678684215767,0.1451188101659254,0.10265366010300846,0.02324114642022224,0.05106608592523792,2.585379952756657,0.5074859103447559,102.01609920918662,113.89644661477172,20.19681707018378,0.06190822607524861,3.3976756607311422,0.24723409099587607,0.053228850616528975,0.5699231527505401,0.3383110422534256,20.0
52,8,0.02324114642022224,0.20838418377423748,0.01215455410006303,6.3344347235389655,0.10324678684215767,0.10324678684215767,0.1451188101659254,0.10265366010300846,0.02324114642022224,0.05106608592523792,2.585379952756657,0.5074859103447559,102.01609920918662,113.89644661477172,20.19681707018378,0.06190822607524861,3.3976756607311422,0.24723409099587607,0.053228850616528975,0.5699231527505401,0.3383110422534256,20.0
52,9,0.02324114642022224,0.20838418377423748,0.01215455410006303,6.3344347235389655,0.10324678684215767,0.10324678684215767,0.1451188101659254,0.10265366010300846,0.02324114642022224,0.05106608592523792,2.585379952756657,0.5074859103447559,102.01609920918662,113.89644661477172,20.19681707018378,0.06190822607524861,3.3976756607311422,0.24723409099587607,0.053228850616528975,0.5699231527505401,0.3383110422534256,20.0
52,10,0.02324114642022224,0.20838418377423748,0.01215455410006303,6.3344347235389655,0.10324678684215767,0.10324678684215767,0.1451188101659254,0.10265366010300846,0.02324114642022224,0.05106608592523792,2.585379952756657,0.5074859103447559,102.01609920918662,113.89644661477172,20.19681707018378,0.06190822607524861,3.3976756607311422,0.24723409099587607,0.053228850616528975,0.5699231527505401,0.3383110422534256,20.0
53,1,0.12578838780106652,0.999992777071656,0.06098002941057878,8.780424479201962,0.1616134794874715,0.1616134794874715,1.2483866539287908e-05,0.0035305353755660553,0.12578838780106652,0.004241199145096348,6.231045649484762,0.7931980379001358,93.15157362130202,78.44185447906405,28.081402980515787,0.1479367388773019,2.405989028046651,1.3395723196573102,0.10010212947464335,1.9920288343849315,0.37979004056820787,20.0
53,2,0.15414067365845704,0.9831522777928452,0.07472351279247944,8.780424479201962,0.16212657195831645,0.16212657195831645,0.002122750440931824,0.01869066090971539,0.15414067365845704,0.0043864681083548174,6.231045649484762,0.7931980379001358,93.15157362130202,78.44185447906405,28.081402980515787,0.1479367388773019,2.405989028046651,1.3395723196573102,0.10010212947464335,1.9920288343849315,0.37979004056820787,20.0
53,3,0.1541548307280666,0.9826926178969122,0.07473037039772906,8.780424479201962,0.16212659234788968,0.16212659234788968,0.0021646019738552984,0.018739476131849817,0.1541548307280666,0.004386477919863934,6.231045649484762,0.7931980379001358,93.15157362130202,78.44185447906405,28.081402980515787,0.1479367388773019,2.405989028046651,1.3395723196573102,0.10010212947464335,1.9920288343849315,0.37979004056820787,20.0
53,4,0.15415483090567084,0.9826925960380776,0.0747303704837334,8.780424479201962,0.1621265923479907,0.1621265923479907,0.0021646030476401806,0.0187394769639877,0.15415483090567084,0.004386477919926502,6.231045649484762,0.7931980379001358,93.15157362130202,78.44185447906405,28.081402980515787,0.1479367388773019,2.405989028046651,1.3395723196573102,0.10010212947464335,1.9920288343849315,0.37979004056820787,20.0
53,5,0.15415483090567123,0.9826925960379639,0.07473037048373359,8.780424479201962,0.1621265923479907,0.1621265923479907,0.0021646030476437615,0.018739476963989924,0.15415483090567123,0.004386477919926502,6.231045649484762,0.7931980379001358,93.15157362130202,78.44185447906405,28.081402980515787,0.1479367388773019,2.405989028046651,1.3395723196573102,0.10010212947464335,1.9920288343849315,0.37979004056820787,20.0
53,6,0.15415483090567123,0.9826925960379639,0.07473037048373359,8.780424479201962,0.1621265923479907,0.1621265923479907,0.0021646030476437615,0.018739476963989924,0.15415483090567123,0.004386477919926502,6.231045649484762,0.7931980379001358,93.15157362130202,78.44185447906405,28.081402980515787,0.1479367388773019,2.405989028046651,1.3395723196573102,0.10010212947464335,1.9920288343849315,0.37979004056820787,20.0
53,7,0.15415483090567123,0.9826925960379639,0.07473037048373359,8.780424479201962,0.1621265923479907,0.1621265923479907,0.0021646030476437615,0.018739476963989924,0.15415483090567123,0.004386477919926502,6.231045649484762,0.7931980379001358,93.15157362130202,78.44185447906405,28.081402980515787,0.1479367388773019,2.405989028046651,1.3395723196573102,0.10010212947464335,1.9920288343849315,0.37979004056820787,20.0
53,8,0.15415483090567123,0.9826925960379639,0.07473037048373359,8.780424479201962,0.1621265923479907,0.1621265923479907,0.0021646030476437615,0.018739476963989924,0.15415483090567123,0.004386477919926502,6.231045649484762,0.7931980379001358,93.15157362130202,78.44185447906405,28.081402980515787,0.1479367388773019,2.405989028046651,1.3395723196573102,0.10010212947464335,1.9920288343849315,0.37979004056820787,20.0
53,9,0.15415483090567123,0.9826925960379639,0.07473037048373359,8.780424479201962,0.1621265923479907,0.1621265923479907,0.0021646030476437615,0.018739476963989924,0.15415483090567123,0.004386477919926502,6.231045649484762,0.7931980379001358,93.15157362130202,78.44185447906405,28.081402980515787,0.1479367388773019,2.405989028046651,1.3395723196573102,0.10010212947464335,1.9920288343849315,0.37979004056820787,20.0
53,10,0.15415483090567123,0.9826925960379639,0.07473037048373359,8.780424479201962,0.1621265923479907,0.1621265923479907,0.0021646030476437615,0.018739476963989924,0.15415483090567123,0.004386477919926502,6.231045649484762,0.7931980379001358,93.15157362130202,78.44185447906405,28.081402980515787,0.1479367388773019,2.405989028046651,1.3395723196573102,0.10010212947464335,1.9920288343849315,0.37979004056820787,20.0
54,1,0.13572887827665453,0.5538355881499555,0.04245451978156663,5.151613053842605,0.06938533387566832,0.06938533387566832,0.1348908474132466,0.19954922979770365,0.13572887827665453,0.00610395700270551,2.1560868495979078,0.48778529211075905,164.92758519137993,61.99823880985715,22.295029927951354,0.04965091608743849,2.559007074728057,0.5519430140394477,0.07319322680913763,1.2603869739136884,0.42080304561688453,20.0
54,2,0.13697382010627607,0.485097243923212,0.042843706084736845,5.151613053842605,0.06940059009026205,0.06940059009026205,0.1419051856395703,0.2038523179828052,0.13697382010627607,0.006121754120977317,2.1560868495979078,0.48778529211075905,164.92758519137993,61.99823880985715,22.295029927951354,0.04965091608743849,2.559007074728057,0.5519430140394477,0.07319322680913763,1.2603869739136884,0.42080304561688453,20.0
54,3,0.13697382381337536,0.48508603280303764,0.04284370724329917,5.151613053842605,0.06940059011115426,0.06940059011115426,0.14190522466401637,0.20385233441854983,0.13697382381337536,0.006121754151256089,2.1560868495979078,0.48778529211075905,164.92758519137993,61.99823880985715,22.295029927951354,0.04965091608743849,2.559007074728057,0.5519430140394477,0.07319322680913763,1.2603869739136884,0.42080304561688453,20.0
54,4,0.1369738238133768,0.4850860327881182,0.04284370724329962,5.151613053842605,0.06940059011115426,0.06940059011115426,0.1419052246640351,0.20385233441855685,0.1369738238133768,0.006121754151256099,2.1560868495979078,0.48778529211075905,164.92758519137993,61.99823880985715,22.295029927951354,0.04965091608743849,2.559007074728057,0.5519430140394477,0.07319322680913763,1.2603869739136884,0.42080304561688453,20.0
54,5,0.1369738238133768,0.4850860327881182,0.04284370724329962,5.151613053842605,0.06940059011115426,0.06940059011115426,0.1419052246640351,0.20385233441855685,0.1369738238133768,0.006121754151256099,2.1560868495979078,0.48778529211075905,164.92758519137993,61.99823880985715,22.295029927951354,0.04965091608743849,2.559007074728057,0.5519430140394477,0.07319322680913763,1.2603869739136884,0.42080304561688453,20.0
54,6,0.1369738238133768,0.4850860327881182,0.04284370724329962,5.151613053842605,0.06940059011115426,0.06940059011115426,0.1419052246640351,0.20385233441855685,0.1369738238133768,0.006121754151256099,2.1560868495979078,0.48778529211075905,164.92758519137993,61.99823880985715,22.295029927951354,0.04965091608743849,2.559007074728057,0.5519430140394477,0.07319322680913763,1.2603869739136884,0.42080304561688453,20.0
54,7,0.1369738238133768,0.4850860327881182,0.04284370724329962,5.151613053842605,0.06940059011115426,0.06940059011115426,0.1419052246640351,0.20385233441855685,0.1369738238133768,0.006121754151256099,2.1560868495979078,0.48778529211075905,164.92758519137993,61.99823880985715,22.295029927951354,0.04965091608743849,2.559007074728057,0.5519430140394477,0.07319322680913763,1.2603869739136884,0.42080304561688453,20.0
54,8,0.1369738238133768,0.4850860327881182,0.04284370724329962,5.151613053842605,0.06940059011115426,0.06940059011115426,0.1419052246640351,0.20385233441855685,0.1369738238133768,0.006121754151256099,2.1560868495979078,0.48778529211075905,164.92758519137993,61.99823880985715,22.295029927951354,0.04965091608743849,2.559007074728057,0.5519430140394477,0.07319322680913763,1.2603869739136884,0.42080304561688453,20.0
54,9,0.1369738238133768,0.4850860327881182,0.04284370724329962,5.151613053842605,0.06940059011115426,0.06940059011115426,0.1419052246640351,0.20385233441855685,0.1369738238133768,0.006121754151256099,2.1560868495979078,0.48778529211075905,164.92758519137993,61.99823880985715,22.295029927951354,0.04965091608743849,2.559007074728057,0.5519430140394477,0.07319322680913763,1.2603869739136884,0.42080304561688453,20.0
54,10,0.1369738238133768,0.4850860327881182,0.04284370724329962,5.151613053842605,0.06940059011115426,0.06940059011115426,0.1419052246640351,0.20385233441855685,0.1369738238133768,0.006121754151256099,2.1560868495979078,0.48778529211075905,164.92758519137993,61.99823880985715,22.295029927951354,0.04965091608743849,2.559007074728057,0.5519430140394477,0.07319322680913763,1.2603869739136884,0.42080304561688453,20.0
55,1,0.019096926308521885,0.4335182112727173,0.013055785757576622,8.022800043372577,0.23973642496405248,0.23973642496405248,0.1340176417345382,0.13998026735774624,0.019096926308521885,0.011853566735837595,3.319561132622419,0.5603587899872923,96.80484310831187,166.62259138578224,86.51637464721172,0.10109353497744454,2.5008997650548905,0.8791013766786078,0.07417400983046472,0.9541895607992247,0.47407357755290125,20.0
55,2,0.019433516823742544,0.35257656015716177,0.013285797513867041,8.022800043372577,0.23973642555717647,0.23973642555717647,0.14295882273344432,0.1439505878938018,0.019433516823742544,0.011853566975831013,3.319561132622419,0.5603587899872923,96.80484310831187,166.62259138578224,86.51637464721172,0.10109353497744454,2.5008997650548905,0.8791013766786078,0.07417400983046472,0.9541895607992247,0.47407357755290125,20.0
55,3,0.019433516823802555,0.3525765600081061,0.01328579751390804,8.022800043372577,0.23973642555717647,0.23973642555717647,0.14295882273612143,0.14395058789468318,0.019433516823802555,0.011853566975831013,3.319561132622419,0.5603587899872923,96.80484310831187,166.62259138578224,86.51637464721172,0.10109353497744454,2.5008997650548905,0.8791013766786078,0.07417400983046472,0.9541895607992247,0.47407357755290125,20.0
55,4,0.019433516823802555,0.3525765600081061,0.01328579751390804,8.022800043372577,0.23973642555717647,0.23973642555717647,0.14295882273612143,0.14395058789468318,0.019433516823802555,0.011853566975831013,3.319561132622419,0.5603587899872923,96.80484310831187,166.62259138578224,86.51637464721172,0.10109353497744454,2.5008997650548905,0.8791013766786078,0.07417400983046472,0.9541895607992247,0.47407357755290125,20.0
55,5,0.019433516823802555,0.3525765600081061,0.01328579751390804,8.022800043372577,0.23973642555717647,0.23973642555717647,0.14295882273612143,0.14395058789468318,0.019433516823802555,0.011853566975831013,3.319561132622419,0.5603587899872923,96.80484310831187,166.62259138578224,86.51637464721172,0.10109353497744454,2.5008997650548905,0.8791013766786078,0.07417400983046472,0.9541895607992247,0.47407357755290125,20.0
55,6,0.019433516823802555,0.3525765600081061,0.01328579751390804,8.022800043372577,0.23973642555717647,0.23973642555717647,0.14295882273612143,0.14395058789468318,0.019433516823802555,0.011853566975831013,3.319561132622419,0.5603587899872923,96.80484310831187,166.62259138578224,86.51637464721172,0.10109353497744454,2.5008997650548905,0.8791013766786078,0.07417400983046472,0.9541895607992247,0.47407357755290125,20.0
55,7,0.019433516823802555,0.3525765600081061,0.01328579751390804,8.022800043372577,0.23973642555717647,0.23973642555717647,0.14295882273612143,0.14395058789468318,0.019433516823802555,0.011853566975831013,3.319561132622419,0.5603587899872923,96.80484310831187,166.62259138578224,86.51637464721172,0.10109353497744454,2.5008997650548905,0.8791013766786078,0.07417400983046472,0.9541895607992247,0.47407357755290125,20.0
55,8,0.019433516823802555,0.3525765600081061,0.01328579751390804,8.022800043372577,0.23973642555717647,0.23973642555717647,0.14295882273612143,0.14395058789468318,0.019433516823802555,0.011853566975831013,3.319561132622419,0.5603587899872923,96.80484310831187,166.62259138578224,86.51637464721172,0.10109353497744454,2.5008997650548905,0.8791013766786078,0.07417400983046472,0.9541895607992247,0.47407357755290125,20.0
55,9,0.019433516823802555,0.3525765600081061,0.01328579751390804,8.022800043372577,0.23973642555717647,0.23973642555717647,0.14295882273612143,0.14395058789468318,0.019433516823802555,0.011853566975831013,3.319561132622419,0.5603587899872923,96.80484310831187,166.62259138578224,86.51637464721172,0.10109353497744454,2.5008997650548905,0.8791013766786078,0.07417400983046472,0.9541895607992247,0.47407357755290125,20.0
55,10,0.019433516823802555,0.3525765600081061,0.01328579751390804,8.022800043372577,0.23973642555717647,0.23973642555717647,0.14295882273612143,0.14395058789468318,0.019433516823802555,0.011853566975831013,3.319561132622419,0.5603587899872923,96.80484310831187,166.62259138578224,86.51637464721172,0.10109353497744454,2.5008997650548905,0.8791013766786078,0.07417400983046472,0.9541895607992247,0.47407357755290125,20.0
56,1,0.10499331918890219,0.6183062566614977,0.03954002696887154,13.844000841670098,0.4606396109268543,0.4606396109268543,0.09981660530875217,0.11485769757688623,0.10499331918890219,0.019075669983439156,5.91307968975571,0.4502653863365117,136.9060230789878,47.45489704491056,47.40392017042537,0.10768096505686535,3.9738359036207056,1.0323924034828276,0.023627759453423075,0.8706765763176815,0.45453249300512416,20.0
56,2,0.11288565201002543,0.5293811455362979,0.042511835208151647,13.844000841670098,0.4716254666578096,0.4716254666578096,0.11642955903588496,0.1278964184670169,0.11288565201002543,0.020055102212029375,5.91307968975571,0.4502653863365117,136.9060230789878,47.45489704491056,47.40392017042537,0.10768096505686535,3.9738359036207056,1.0323924034828276,0.023627759453423075,0.8706765763176815,0.45453249300512416,20.0
56,3,0.11298059650394386,0.5273923800092544,0.04254758391537576,13.844000841670098,0.47174194979550704,0.47174194979550704,0.11667309575716706,0.12807544978541305,0.11298059650394386,0.02006767738921038,5.91307968975571,0.4502653863365117,136.9060230789878,47.45489704491056,47.40392017042537,0.10768096505686535,3.9738359036207056,1.0323924034828276,0.023627759453423075,0.8706765763176815,0.45453249300512416,20.0
56,4,0.11298139428912288,0.5273703165611373,0.042547884291183766,13.844000841670098,0.4717428675170042,0.4717428675170042,0.11667531543370666,0.12807704043630347,0.11298139428912288,0.020067786778774892,5.91307968975571,0.4502653863365117,136.9060230789878,47.45489704491056,47.40392017042537,0.10768096505686535,3.9738359036207056,1.0323924034828276,0.023627759453423075,0.8706765763176815,0.45453249300512416,20.0
56,5,0.11298139974032448,0.5273701384737345,0.04254788634359347,13.844000841670098,0.4717428735363793,0.4717428735363793,0.116675331362762,0.12807705166902822,0.11298139974032448,0.02006778754328534,5.91307968975571,0.4502653863365117,136.9060230789878,47.45489704491056,47.40392017042537,0.10768096505686535,3.9738359036207056,1.0323924034828276,0.023627759453423075,0.8706765763176815,0.45453249300512416,20.0
56,6,0.11298139977269249,0.527370137288404,0.042547886355780086,13.844000841670098,0.47174287357110234,0.47174287357110234,0.11667533146057801,0.12807705173722328,0.11298139977269249,0.020067787547898838,5.91307968975571,0.4502653863365117,136.9060230789878,47.45489704491056,47.40392017042537,0.10768096505686535,3.9738359036207056,1.0323924034828276,0.023627759453423075,0.8706765763176815,0.45453249300512416,20.0
56,7,0.1129813997728658,0.5273701372814983,0.04254788635584533,13.844000841670098,0.4717428735712842,0.4717428735712842,0.11667533146111483,0.12807705173759434,0.1129813997728658,0.020067787547923842,5.91307968975571,0.4502653863365117,136.9060230789878,47.45489704491056,47.40392017042537,0.10768096505686535,3.9738359036207056,1.0323924034828276,0.023627759453423075,0.8706765763176815,0.45453249300512416,20.0
56,8,0.11298139977286666,0.5273701372814618,0.042547886355845645,13.844000841670098,0.4717428735712851,0.4717428735712851,0.11667533146111748,0.12807705173759618,0.11298139977286666,0.020067787547923977,5.91307968975571,0.4502653863365117,136.9060230789878,47.45489704491056,47.40392017042537,0.10768096505686535,3.9738359036207056,1.0323924034828276,0.023627759453423075,0.8706765763176815,0.45453249300512416,20.0
56,9,0.11298139977286666,0.5273701372814616,0.042547886355845645,13.844000841670098,0.4717428735712851,0.4717428735712851,0.1166753314611175,0.12807705173759618,0.11298139977286666,0.020067787547923977,5.91307968975571,0.4502653863365117,136.9060230789878,47.45489704491056,47.40392017042537,0.10768096505686535,3.9738359036207056,1.0323924034828276,0.023627759453423075,0.8706765763176815,0.45453249300512416,20.0
56,10,0.11298139977286666,0.5273701372814616,0.042547886355845645,13.844000841670098,0.4717428735712851,0.4717428735712851,0.1166753314611175,0.12807705173759618,0.11298139977286666,0.020067787547923977,5.91307968975571,0.4502653863365117,136.9060230789878,47.45489704491056,47.40392017042537,0.10768096505686535,3.9738359036207056,1.0323924034828276,0.023627759453423075,0.8706765763176815,0.45453249300512416,20.0
57,1,0.025800778536270587,0.9999999998251672,0.016115598554687655,5.804516897445977,0.12408796987545041,0.12408796987545041,9.479587889241069e-23,6.850054123970332e-19,0.025800778536270587,0.034542181367432305,3.875000987723884,0.987208317817526,113.08942138273083,154.03039016751427,67.80039118522373,0.03886339033563802,2.280578393220203,1.1429553450694827,0.1838397494376671,1.9788263599670892,0.30841263569888006,20.0
57,2,0.06198156148744942,0.7853136617379958,0.038721324999264964,5.804516897445977,0.13065021843026892,0.13065021843026892,0.030256138403715032,0.042667789844480046,0.06198156148744942,0.04073318346670792,3.875000987723884,0.987208317817526,113.08942138273083,154.03039016751427,67.80039118522373,0.03886339033563802,2.280578393220203,1.1429553450694827,0.1838397494376671,1.9788263599670892,0.30841263569888006,20.0
57,3,0.06285762781673122,0.7677453778902477,0.03926860482765789,5.804516897445977,0.1306504653900863,0.1306504653900863,0.03262929332925055,0.045365990915977795,0.06285762781673122,0.04073378667623772,3.875000987723884,0.987208317817526,113.08942138273083,154.03039016751427,67.80039118522373,0.03886339033563802,2.280578393220203,1.1429553450694827,0.1838397494376671,1.9788263599670892,0.30841263569888006,20.0
57,4,0.06285763296913456,0.7677443478324756,0.039268608044903223,5.804516897445977,0.130650465390095,0.130650465390095,0.0326293402685179,0.04536602670892349,0.06285763296913456,0.04073378667626665,3.875000987723884,0.987208317817526,113.08942138273083,154.03039016751427,67.80039118522373,0.03886339033563802,2.280578393220203,1.1429553450694827,0.1838397494376671,1.9788263599670892,0.30841263569888006,20.0
57,5,0.06285763296913462,0.7677443478324371,0.03926860804490326,5.804516897445977,0.130650465390095,0.130650465390095,0.03262934026851877,0.04536602670892403,0.06285763296913462,0.04073378667626665,3.875000987723884,0.987208317817526,113.08942138273083,154.03039016751427,67.80039118522373,0.03886339033563802,2.280578393220203,1.1429553450694827,0.1838397494376671,1.9788263599670892,0.30841263569888006,20.0
57,6,0.06285763296913462,0.7677443478324371,0.03926860804490326,5.804516897445977,0.130650465390095,0.130650465390095,0.03262934026851877,0.04536602670892403,0.06285763296913462,0.04073378667626665,3.875000987723884,0.987208317817526,113.08942138273083,154.03039016751427,67.80039118522373,0.03886339033563802,2.280578393220203,1.1429553450694827,0.1838397494376671,1.9788263599670892,0.30841263569888006,20.0
57,7,0.06285763296913462,0.7677443478324371,0.03926860804490326,5.804516897445977,0.130650465390095,0.130650465390095,0.03262934026851877,0.04536602670892403,0.06285763296913462,0.04073378667626665,3.875000987723884,0.987208317817526,113.08942138273083,154.03039016751427,67.80039118522373,0.03886339033563802,2.280578393220203,1.1429553450694827,0.1838397494376671,1.9788263599670892,0.30841263569888006,20.0
57,8,0.06285763296913462,0.7677443478324371,0.03926860804490326,5.804516897445977,0.130650465390095,0.130650465390095,0.03262934026851877,0.04536602670892403,0.06285763296913462,0.04073378667626665,3.875000987723884,0.987208317817526,113.08942138273083,154.03039016751427,67.80039118522373,0.03886339033563802,2.280578393220203,1.1429553450694827,0.1838397494376671,1.9788263599670892,0.30841263569888006,20.0
57,9,0.06285763296913462,0.7677443478324371,0.03926860804490326,5.804516897445977,0.130650465390095,0.130650465390095,0.03262934026851877,0.04536602670892403,0.06285763296913462,0.04073378667626665,3.875000987723884,0.987208317817526,113.08942138273083,154.03039016751427,67.80039118522373,0.03886339033563802,2.280578393220203,1.1429553450694827,0.1838397494376671,1.9788263599670892,0.30841263569888006,20.0
57,10,0.06285763296913462,0.7677443478324371,0.03926860804490326,5.804516897445977,0.130650465390095,0.130650465390095,0.03262934026851877,0.04536602670892403,0.06285763296913462,0.04073378667626665,3.875000987723884,0.987208317817526,113.08942138273083,154.03039016751427,67.80039118522373,0.03886339033563802,2.280578393220203,1.1429553450694827,0.1838397494376671,1.9788263599670892,0.30841263569888006,20.0
58,1,0.02028173913414812,0.2874110583125682,0.011736097245793407,60.661194919407926,0.3423401177209797,0.3423401177209797,0.14942332430375002,0.15634824242609394,0.02028173913414812,0.00182675506867109,7.15491084366129,0.12072311375369124,113.63649836212427,94.7280071657262,89.35967521844431,0.14475193805463846,2.1850919063477305,0.6673669198599199,0.15300329187599382,1.0598704155699876,0.4725734836073766,20.0
58,2,0.020285424405878827,0.23364167794618096,0.011738226666054619,60.661194919407926,0.34234011772097983,0.34234011772097983,0.1499048808078778,0.15641548230441177,0.020285424405878827,0.0018267550686711066,7.15491084366129,0.12072311375369124,113.63649836212427,94.7280071657262,89.35967521844431,0.14475193805463846,2.1850919063477305,0.6673669198599199,0.15300329187599382,1.0598704155699876,0.4725734836073766,20.0
58,3,0.020285424405878827,0.23364167794618096,0.011738226666054619,60.661194919407926,0.34234011772097983,0.34234011772097983,0.1499048808078778,0.15641548230441177,0.020285424405878827,0.0018267550686711066,7.15491084366129,0.12072311375369124,113.63649836212427,94.7280071657262,89.35967521844431,0.14475193805463846,2.1850919063477305,0.6673669198599199,0.15300329187599382,1.0598704155699876,0.4725734836073766,20.0
58,4,0.020285424405878827,0.23364167794618096,0.011738226666054619,60.661194919407926,0.34234011772097983,0.34234011772097983,0.1499048808078778,0.15641548230441177,0.020285424405878827,0.0018267550686711066,7.15491084366129,0.12072311375369124,113.63649836212427,94.7280071657262,89.35967521844431,0.14475193805463846,2.1850919063477305,0.6673669198599199,0.15300329187599382,1.0598704155699876,0.4725734836073766,20.0
58,5,0.020285424405878827,0.23364167794618096,0.011738226666054619,60.661194919407926,0.34234011772097983,0.34234011772097983,0.1499048808078778,0.15641548230441177,0.020285424405878827,0.0018267550686711066,7.15491084366129,0.12072311375369124,113.63649836212427,94.7280071657262,89.35967521844431,0.14475193805463846,2.1850919063477305,0.6673669198599199,0.15300329187599382,1.0598704155699876,0.4725734836073766,20.0
58,6,0.020285424405878827,0.23364167794618096,0.011738226666054619,60.661194919407926,0.34234011772097983,0.34234011772097983,0.1499048808078778,0.15641548230441177,0.020285424405878827,0.0018267550686711066,7.15491084366129,0.12072311375369124,113.63649836212427,94.7280071657262,89.35967521844431,0.14475193805463846,2.1850919063477305,0.6673669198599199,0.15300329187599382,1.0598704155699876,0.4725734836073766,20.0
58,7,0.020285424405878827,0.23364167794618096,0.011738226666054619,60.661194919407926,0.34234011772097983,0.34234011772097983,0.1499048808078778,0.15641548230441177,0.020285424405878827,0.0018267550686711066,7.15491084366129,0.12072311375369124,113.63649836212427,94.7280071657262,89.35967521844431,0.14475193805463846,2.1850919063477305,0.6673669198599199,0.15300329187599382,1.0598704155699876,0.4725734836073766,20.0
58,8,0.020285424405878827,0.23364167794618096,0.011738226666054619,60.661194919407926,0.34234011772097983,0.34234011772097983,0.1499048808078778,0.15641548230441177,0.020285424405878827,0.0018267550686711066,7.15491084366129,0.12072311375369124,113.63649836212427,94.7280071657262,89.35967521844431,0.14475193805463846,2.1850919063477305,0.6673669198599199,0.15300329187599382,1.0598704155699876,0.4725734836073766,20.0
58,9,0.020285424405878827,0.23364167794618096,0.011738226666054619,60.661194919407926,0.34234011772097983,0.34234011772097983,0.1499048808078778,0.15641548230441177,0.020285424405878827,0.0018267550686711066,7.15491084366129,0.12072311375369124,113.63649836212427,94.7280071657262,89.35967521844431,0.14475193805463846,2.1850919063477305,0.6673669198599199,0.15300329187599382,1.0598704155699876,0.4725734836073766,20.0
58,10,0.020285424405878827,0.23364167794618096,0.011738226666054619,60.661194919407926,0.34234011772097983,0.34234011772097983,0.1499048808078778,0.15641548230441177,0.020285424405878827,0.0018267550686711066,7.15491084366129,0.12072311375369124,113.63649836212427,94.7280071657262,89.35967521844431,0.14475193805463846,2.1850919063477305,0.6673669198599199,0.15300329187599382,1.0598704155699876,0.4725734836073766,20.0
59,1,0.12275631590193276,0.8703139370572118,0.0550079119645582,9.937228484807486,0.1361423807320085,0.1361423807320085,0.1210955860963472,0.2319328301314815,0.12275631590193276,1.3803289435066742e-05,7.653576759034903,0.9062781627934712,188.54296650358992,128.93851829341872,40.55593266115905,0.12499510430442631,2.37512408906499,0.8518443710398773,0.13519189977510862,1.4972805598682548,0.3466454252012712,20.0
59,2,0.12319045476929316,0.7837419036310279,0.055202120837767106,9.937228484807486,0.13614238092859257,0.13614238092859257,0.141222470505912,0.23774029638317756,0.12319045476929316,1.380341353701248e-05,7.653576759034903,0.9062781627934712,188.54296650358992,128.93851829341872,40.55593266115905,0.12499510430442631,2.37512408906499,0.8518443710398773,0.13519189977510862,1.4972805598682548,0.3466454252012712,20.0
59,3,0.12319045476929373,0.7837419035102696,0.05520212083776736,9.937228484807486,0.13614238092859257,0.13614238092859257,0.14122247050597503,0.23774029638318733,0.12319045476929373,1.380341353701248e-05,7.653576759034903,0.9062781627934712,188.54296650358992,128.93851829341872,40.55593266115905,0.12499510430442631,2.37512408906499,0.8518443710398773,0.13519189977510862,1.4972805598682548,0.3466454252012712,20.0
59,4,0.12319045476929373,0.7837419035102696,0.05520212083776736,9.937228484807486,0.13614238092859257,0.13614238092859257,0.14122247050597503,0.23774029638318733,0.12319045476929373,1.380341353701248e-05,7.653576759034903,0.9062781627934712,188.54296650358992,128.93851829341872,40.55593266115905,0.12499510430442631,2.37512408906499,0.8518443710398773,0.13519189977510862,1.4972805598682548,0.3466454252012712,20.0
59,5,0.12319045476929373,0.7837419035102696,0.05520212083776736,9.937228484807486,0.13614238092859257,0.13614238092859257,0.14122247050597503,0.23774029638318733,0.12319045476929373,1.380341353701248e-05,7.653576759034903,0.9062781627934712,188.54296650358992,128.93851829341872,40.55593266115905,0.12499510430442631,2.37512408906499,0.8518443710398773,0.13519189977510862,1.4972805598682548,0.3466454252012712,20.0
59,6,0.12319045476929373,0.7837419035102696,0.05520212083776736,9.937228484807486,0.13614238092859257,0.13614238092859257,0.14122247050597503,0.23774029638318733,0.12319045476929373,1.380341353701248e-05,7.653576759034903,0.9062781627934712,188.54296650358992,128.93851829341872,40.55593266115905,0.12499510430442631,2.37512408906499,0.8518443710398773,0.13519189977510862,1.4972805598682548,0.3466454252012712,20.0
59,7,0.12319045476929373,0.7837419035102696,0.05520212083776736,9.937228484807486,0.13614238092859257,0.13614238092859257,0.14122247050597503,0.23774029638318733,0.12319045476929373,1.380341353701248e-05,7.653576759034903,0.9062781627934712,188.54296650358992,128.93851829341872,40.55593266115905,0.12499510430442631,2.37512408906499,0.8518443710398773,0.13519189977510862,1.4972805598682548,0.3466454252012712,20.0
59,8,0.12319045476929373,0.7837419035102696,0.05520212083776736,9.937228484807486,0.13614238092859257,0.13614238092859257,0.14122247050597503,0.23774029638318733,0.12319045476929373,1.380341353701248e-05,7.653576759034903,0.9062781627934712,188.54296650358992,128.93851829341872,40.55593266115905,0.12499510430442631,2.37512408906499,0.8518443710398773,0.13519189977510862,1.4972805598682548,0.3466454252012712,20.0
59,9,0.12319045476929373,0.7837419035102696,0.05520212083776736,9.937228484807486,0.13614238092859257,0.13614238092859257,0.14122247050597503,0.23774029638318733,0.12319045476929373,1.380341353701248e-05,7.653576759034903,0.9062781627934712,188.54296650358992,128.93851829341872,40.55593266115905,0.12499510430442631,2.37512408906499,0.8518443710398773,0.13519189977510862,1.4972805598682548,0.3466454252012712,20.0
59,10,0.12319045476929373,0.7837419035102696,0.05520212083776736,9.937228484807486,0.13614238092859257,0.13614238092859257,0.14122247050597503,0.23774029638318733,0.12319045476929373,1.380341353701248e-05,7.653576759034903,0.9062781627934712,188.54296650358992,128.93851829341872,40.55593266115905,0.12499510430442631,2.37512408906499,0.8518443710398773,0.13519189977510862,1.4972805598682548,0.3466454252012712,20.0
60,1,0.03863722158184781,0.9962025389787661,0.0278930136850577,6.260033347404428,0.360028077327868,0.360028077327868,0.004372067917523613,0.10466112904893962,0.03863722158184781,1.872368058468113e-05,3.5582235626522833,0.8251871222032429,62.477420701647716,175.05825822494506,39.48610747297546,0.13849138453147852,4.34607874306362,1.2159065192751273,0.190461901427986,0.6111451962367528,0.3332061198645043,20.0
60,2,0.04351760425900143,0.9626038892598054,0.0314114306027706,6.260033347404428,0.36002807732996334,0.36002807732996334,0.037163255213795134,0.17331737112355292,0.04351760425900143,1.8723681597182226e-05,3.5582235626522833,0.8251871222032429,62.477420701647716,175.05825822494506,39.48610747297546,0.13849138453147852,4.34607874306362,1.2159065192751273,0.190461901427986,0.6111451962367528,0.3332061198645043,20.0
60,3,0.04351760425900155,0.9626038892581545,0.03141143060277068,6.260033347404428,0.36002807732996334,0.36002807732996334,0.037163255213819926,0.17331737112355622,0.04351760425900155,1.8723681597182226e-05,3.5582235626522833,0.8251871222032429,62.477420701647716,175.05825822494506,39.48610747297546,0.13849138453147852,4.34607874306362,1.2159065192751273,0.190461901427986,0.6111451962367528,0.3332061198645043,20.0
60,4,0.04351760425900155,0.9626038892581545,0.03141143060277068,6.260033347404428,0.36002807732996334,0.36002807732996334,0.037163255213819926,0.17331737112355622,0.04351760425900155,1.8723681597182226e-05,3.5582235626522833,0.8251871222032429,62.477420701647716,175.05825822494506,39.48610747297546,0.13849138453147852,4.34607874306362,1.2159065192751273,0.190461901427986,0.6111451962367528,0.3332061198645043,20.0
60,5,0.04351760425900155,0.9626038892581545,0.03141143060277068,6.260033347404428,0.36002807732996334,0.36002807732996334,0.037163255213819926,0.17331737112355622,0.04351760425900155,1.8723681597182226e-05,3.5582235626522833,0.8251871222032429,62.477420701647716,175.05825822494506,39.48610747297546,0.13849138453147852,4.34607874306362,1.2159065192751273,0.190461901427986,0.6111451962367528,0.3332061198645043,20.0
60,6,0.04351760425900155,0.9626038892581545,0.03141143060277068,6.260033347404428,0.36002807732996334,0.36002807732996334,0.037163255213819926,0.17331737112355622,0.04351760425900155,1.8723681597182226e-05,3.5582235626522833,0.8251871222032429,62.477420701647716,175.05825822494506,39.48610747297546,0.13849138453147852,4.34607874306362,1.2159065192751273,0.190461901427986,0.6111451962367528,0.3332061198645043,20.0
60,7,0.04351760425900155,0.9626038892581545,0.03141143060277068,6.260033347404428,0.36002807732996334,0.36002807732996334,0.037163255213819926,0.17331737112355622,0.04351760425900155,1.8723681597182226e-05,3.5582235626522833,0.8251871222032429,62.477420701647716,175.05825822494506,39.48610747297546,0.13849138453147852,4.34607874306362,1.2159065192751273,0.190461901427986,0.6111451962367528,0.3332061198645043,20.0
60,8,0.04351760425900155,0.9626038892581545,0.03141143060277068,6.260033347404428,0.36002807732996334,0.36002807732996334,0.037163255213819926,0.17331737112355622,0.04351760425900155,1.8723681597182226e-05,3.5582235626522833,0.8251871222032429,62.477420701647716,175.05825822494506,39.48610747297546,0.13849138453147852,4.34607874306362,1.2159065192751273,0.190461901427986,0.6111451962367528,0.3332061198645043,20.0
60,9,0.04351760425900155,0.9626038892581545,0.03141143060277068,6.260033347404428,0.36002807732996334,0.36002807732996334,0.037163255213819926,0.17331737112355622,0.04351760425900155,1.8723681597182226e-05,3.5582235626522833,0.8251871222032429,62.477420701647716,175.05825822494506,39.48610747297546,0.13849138453147852,4.34607874306362,1.2159065192751273,0.190461901427986,0.6111451962367528,0.3332061198645043,20.0
60,10,0.04351760425900155,0.9626038892581545,0.03141143060277068,6.260033347404428,0.36002807732996334,0.36002807732996334,0.037163255213819926,0.17331737112355622,0.04351760425900155,1.8723681597182226e-05,3.5582235626522833,0.8251871222032429,62.477420701647716,175.05825822494506,39.48610747297546,0.13849138453147852,4.34607874306362,1.2159065192751273,0.190461901427986,0.6111451962367528,0.3332061198645043,20.0
61,1,0.03593037829225273,0.598910422515181,0.02296170668547229,7.009791731286326,0.2502204271455661,0.2502204271455661,0.1408905677178853,0.1959803314404951,0.03593037829225273,3.1128974189873916e-05,4.563510496954696,0.9915777031593672,143.58109074070288,191.35582029489922,98.7922657553089,0.12176706910806598,3.0477027357609487,1.019016336189132,0.10766654829737993,0.9438808707330308,0.39172635744394074,20.0
61,2,0.03604058178608152,0.514433836363047,0.02303205580547072,7.009791731286326,0.25022042714600623,0.25022042714600623,0.14682175012505994,0.19798899201725104,0.03604058178608152,3.112897439315013e-05,4.563510496954696,0.9915777031593672,143.58109074070288,191.35582029489922,98.7922657553089,0.12176706910806598,3.0477027357609487,1.019016336189132,0.10766654829737993,0.9438808707330308,0.39172635744394074,20.0
61,3,0.03604058178608152,0.5144338363629228,0.02303205580547072,7.009791731286326,0.25022042714600623,0.25022042714600623,0.14682175012506002,0.1979889920172511,0.03604058178608152,3.112897439315013e-05,4.563510496954696,0.9915777031593672,143.58109074070288,191.35582029489922,98.7922657553089,0.12176706910806598,3.0477027357609487,1.019016336189132,0.10766654829737993,0.9438808707330308,0.39172635744394074,20.0
61,4,0.03604058178608152,0.5144338363629228,0.02303205580547072,7.009791731286326,0.25022042714600623,0.25022042714600623,0.14682175012506002,0.1979889920172511,0.03604058178608152,3.112897439315013e-05,4.563510496954696,0.9915777031593672,143.58109074070288,191.35582029489922,98.7922657553089,0.12176706910806598,3.0477027357609487,1.019016336189132,0.10766654829737993,0.9438808707330308,0.39172635744394074,20.0
61,5,0.03604058178608152,0.5144338363629228,0.02303205580547072,7.009791731286326,0.25022042714600623,0.25022042714600623,0.14682175012506002,0.1979889920172511,0.03604058178608152,3.112897439315013e-05,4.563510496954696,0.9915777031593672,143.58109074070288,191.35582029489922,98.7922657553089,0.12176706910806598,3.0477027357609487,1.019016336189132,0.10766654829737993,0.9438808707330308,0.39172635744394074,20.0
61,6,0.03604058178608152,0.5144338363629228,0.02303205580547072,7.009791731286326,0.25022042714600623,0.25022042714600623,0.14682175012506002,0.1979889920172511,0.03604058178608152,3.112897439315013e-05,4.563510496954696,0.9915777031593672,143.58109074070288,191.35582029489922,98.7922657553089,0.12176706910806598,3.0477027357609487,1.019016336189132,0.10766654829737993,0.9438808707330308,0.39172635744394074,20.0
61,7,0.03604058178608152,0.5144338363629228,0.02303205580547072,7.009791731286326,0.25022042714600623,0.25022042714600623,0.14682175012506002,0.1979889920172511,0.03604058178608152,3.112897439315013e-05,4.563510496954696,0.9915777031593672,143.58109074070288,191.35582029489922,98.7922657553089,0.12176706910806598,3.0477027357609487,1.019016336189132,0.10766654829737993,0.9438808707330308,0.39172635744394074,20.0
61,8,0.03604058178608152,0.5144338363629228,0.02303205580547072,7.009791731286326,0.25022042714600623,0.25022042714600623,0.14682175012506002,0.1979889920172511,0.03604058178608152,3.112897439315013e-05,4.563510496954696,0.9915777031593672,143.58109074070288,191.35582029489922,98.7922657553089,0.12176706910806598,3.0477027357609487,1.019016336189132,0.10766654829737993,0.9438808707330308,0.39172635744394074,20.0
61,9,0.03604058178608152,0.5144338363629228,0.02303205580547072,7.009791731286326,0.25022042714600623,0.25022042714600623,0.14682175012506002,0.1979889920172511,0.03604058178608152,3.112897439315013e-05,4.563510496954696,0.9915777031593672,143.58109074070288,191.35582029489922,98.7922657553089,0.12176706910806598,3.0477027357609487,1.019016336189132,0.10766654829737993,0.9438808707330308,0.39172635744394074,20.0
61,10,0.03604058178608152,0.5144338363629228,0.02303205580547072,7.009791731286326,0.25022042714600623,0.25022042714600623,0.14682175012506002,0.1979889920172511,0.03604058178608152,3.112897439315013e-05,4.563510496954696,0.9915777031593672,143.58109074070288,191.35582029489922,98.7922657553089,0.12176706910806598,3.0477027357609487,1.019016336189132,0.10766654829737993,0.9438808707330308,0.39172635744394074,20.0
62,1,0.08344204099103525,0.966235694722661,0.0467674710109793,4.790430350273514,0.22783145724236437,0.22783145724236437,0.02444367810687685,0.09142678254917762,0.08344204099103525,0.0027474463141516393,3.045507684222618,0.8955229896460023,95.10850228279487,130.98813817129727,15.946867816370386,0.11631011161162878,4.020123336154786,1.3162532301269303,0.06974231876624157,1.3689924999672836,0.46359604192462245,20.0
62,2,0.09350787413141308,0.9127515356815571,0.052406683239570324,4.790430350273514,0.22812843731545915,0.22812843731545915,0.0516138986353577,0.1289574681928775,0.09350787413141308,0.0028228511883689176,3.045507684222618,0.8955229896460023,95.10850228279487,130.98813817129727,15.946867816370386,0.11631011161162878,4.020123336154786,1.3162532301269303,0.06974231876624157,1.3689924999672836,0.46359604192462245,20.0
62,3,0.09350901773554966,0.9125461544192053,0.052407323624853806,4.790430350273514,0.2281284417417369,0.2281284417417369,0.051626577322867316,0.1289648831002412,0.09350901773554966,0.0028228528166900457,3.045507684222618,0.8955229896460023,95.10850228279487,130.98813817129727,15.946867816370386,0.11631011161162878,4.020123336154786,1.3162532301269303,0.06974231876624157,1.3689924999672836,0.46359604192462245,20.0
62,4,0.09350901774250062,0.9125461511878179,0.05240732362874561,4.790430350273514,0.22812844174174995,0.22812844174174995,0.05162657742723394,0.12896488315090976,0.09350901774250062,0.002822852816695651,3.045507684222618,0.8955229896460023,95.10850228279487,130.98813817129727,15.946867816370386,0.11631011161162878,4.020123336154786,1.3162532301269303,0.06974231876624157,1.3689924999672836,0.46359604192462245,20.0
62,5,0.09350901774250063,0.9125461511878082,0.052407323628745624,4.790430350273514,0.22812844174174995,0.22812844174174995,0.05162657742723415,0.12896488315090981,0.09350901774250063,0.002822852816695651,3.045507684222618,0.8955229896460023,95.10850228279487,130.98813817129727,15.946867816370386,0.11631011161162878,4.020123336154786,1.3162532301269303,0.06974231876624157,1.3689924999672836,0.46359604192462245,20.0
62,6,0.09350901774250063,0.9125461511878082,0.052407323628745624,4.790430350273514,0.22812844174174995,0.22812844174174995,0.05162657742723415,0.12896488315090981,0.09350901774250063,0.002822852816695651,3.045507684222618,0.8955229896460023,95.10850228279487,130.98813817129727,15.946867816370386,0.11631011161162878,4.020123336154786,1.3162532301269303,0.06974231876624157,1.3689924999672836,0.46359604192462245,20.0
62,7,0.09350901774250063,0.9125461511878082,0.052407323628745624,4.790430350273514,0.22812844174174995,0.22812844174174995,0.05162657742723415,0.12896488315090981,0.09350901774250063,0.002822852816695651,3.045507684222618,0.8955229896460023,95.10850228279487,130.98813817129727,15.946867816370386,0.11631011161162878,4.020123336154786,1.3162532301269303,0.06974231876624157,1.3689924999672836,0.46359604192462245,20.0
62,8,0.09350901774250063,0.9125461511878082,0.052407323628745624,4.790430350273514,0.22812844174174995,0.22812844174174995,0.05162657742723415,0.12896488315090981,0.09350901774250063,0.002822852816695651,3.045507684222618,0.8955229896460023,95.10850228279487,130.98813817129727,15.946867816370386,0.11631011161162878,4.020123336154786,1.3162532301269303,0.06974231876624157,1.3689924999672836,0.46359604192462245,20.0
62,9,0.09350901774250063,0.9125461511878082,0.052407323628745624,4.790430350273514,0.22812844174174995,0.22812844174174995,0.05162657742723415,0.12896488315090981,0.09350901774250063,0.002822852816695651,3.045507684222618,0.8955229896460023,95.10850228279487,130.98813817129727,15.946867816370386,0.11631011161162878,4.020123336154786,1.3162532301269303,0.06974231876624157,1.3689924999672836,0.46359604192462245,20.0
62,10,0.09350901774250063,0.9125461511878082,0.052407323628745624,4.790430350273514,0.22812844174174995,0.22812844174174995,0.05162657742723415,0.12896488315090981,0.09350901774250063,0.002822852816695651,3.045507684222618,0.8955229896460023,95.10850228279487,130.98813817129727,15.946867816370386,0.11631011161162878,4.020123336154786,1.3162532301269303,0.06974231876624157,1.3689924999672836,0.46359604192462245,20.0
63,1,0.06413040115529248,0.9999999999305824,0.04238511391003951,18.679974879905856,0.06885294163271086,0.06885294163271086,7.787824982798819e-12,2.1234592944914788e-08,0.06413040115529248,9.121766520999907e-08,7.458939873140006,0.44469384079324836,100.32128154958195,146.71640281395585,87.92165640564525,0.04735302794530205,5.489921475137003,0.3359688637197157,0.15448782642479872,1.446545048018405,0.40752980576623865,20.0
63,2,0.07691812405385583,0.9999997486350578,0.050836785532996365,18.679974879905856,0.06885294559598576,0.06885294559598576,1.77535633107588e-08,1.594412927180195e-07,0.07691812405385583,9.424798376000357e-08,7.458939873140006,0.44469384079324836,100.32128154958195,146.71640281395585,87.92165640564525,0.04735302794530205,5.489921475137003,0.3359688637197157,0.15448782642479872,1.446545048018405,0.40752980576623865,20.0
63,3,0.07691812410805238,0.9999997408026893,0.05083678556878387,18.679974879905856,0.06885294559598576,0.06885294559598576,1.824206514194616e-08,1.598698147908004e-07,0.07691812410805238,9.424798376000426e-08,7.458939873140006,0.44469384079324836,100.32128154958195,146.71640281395585,87.92165640564525,0.04735302794530205,5.489921475137003,0.3359688637197157,0.15448782642479872,1.446545048018405,0.40752980576623865,20.0
63,4,0.07691812410805238,0.9999997408026893,0.05083678556878387,18.679974879905856,0.06885294559598576,0.06885294559598576,1.8242065141946208e-08,1.5986981479080042e-07,0.07691812410805238,9.424798376000426e-08,7.458939873140006,0.44469384079324836,100.32128154958195,146.71640281395585,87.92165640564525,0.04735302794530205,5.489921475137003,0.3359688637197157,0.15448782642479872,1.446545048018405,0.40752980576623865,20.0
63,5,0.07691812410805238,0.9999997408026893,0.05083678556878387,18.679974879905856,0.06885294559598576,0.06885294559598576,1.8242065141946208e-08,1.5986981479080042e-07,0.07691812410805238,9.424798376000426e-08,7.458939873140006,0.44469384079324836,100.32128154958195,146.71640281395585,87.92165640564525,0.04735302794530205,5.489921475137003,0.3359688637197157,0.15448782642479872,1.446545048018405,0.40752980576623865,20.0
63,6,0.07691812410805238,0.9999997408026893,0.05083678556878387,18.679974879905856,0.06885294559598576,0.06885294559598576,1.8242065141946208e-08,1.5986981479080042e-07,0.07691812410805238,9.424798376000426e-08,7.458939873140006,0.44469384079324836,100.32128154958195,146.71640281395585,87.92165640564525,0.04735302794530205,5.489921475137003,0.3359688637197157,0.15448782642479872,1.446545048018405,0.40752980576623865,20.0
63,7,0.07691812410805238,0.9999997408026893,0.05083678556878387,18.679974879905856,0.06885294559598576,0.06885294559598576,1.8242065141946208e-08,1.5986981479080042e-07,0.07691812410805238,9.424798376000426e-08,7.458939873140006,0.44469384079324836,100.32128154958195,146.71640281395585,87.92165640564525,0.04735302794530205,5.489921475137003,0.3359688637197157,0.15448782642479872,1.446545048018405,0.40752980576623865,20.0
63,8,0.07691812410805238,0.9999997408026893,0.05083678556878387,18.679974879905856,0.06885294559598576,0.06885294559598576,1.8242065141946208e-08,1.5986981479080042e-07,0.07691812410805238,9.424798376000426e-08,7.458939873140006,0.44469384079324836,100.32128154958195,146.71640281395585,87.92165640564525,0.04735302794530205,5.489921475137003,0.3359688637197157,0.15448782642479872,1.446545048018405,0.40752980576623865,20.0
63,9,0.07691812410805238,0.9999997408026893,0.05083678556878387,18.679974879905856,0.06885294559598576,0.06885294559598576,1.8242065141946208e-08,1.5986981479080042e-07,0.07691812410805238,9.424798376000426e-08,7.458939873140006,0.44469384079324836,100.32128154958195,146.71640281395585,87.92165640564525,0.04735302794530205,5.489921475137003,0.3359688637197157,0.15448782642479872,1.446545048018405,0.40752980576623865,20.0
63,10,0.07691812410805238,0.9999997408026893,0.05083678556878387,18.679974879905856,0.06885294559598576,0.06885294559598576,1.8242065141946208e-08,1.5986981479080042e-07,0.07691812410805238,9.424798376000426e-08,7.458939873140006,0.44469384079324836,100.32128154958195,146.71640281395585,87.92165640564525,0.04735302794530205,5.489921475137003,0.3359688637197157,0.15448782642479872,1.446545048018405,0.40752980576623865,20.0
64,1,0.08564645675241088,0.6858197491615947,0.03542982637551919,7.787988372715551,0.1469035254708669,0.1469035254708669,0.08382656304798676,0.12202343491480867,0.08564645675241088,0.016130592448444732,5.280479436168999,0.725363884262982,78.39977850601538,32.13805948598944,37.36832968525261,0.11405052902828768,2.948024668339407,0.3138621631988534,0.050019513775096405,1.0826683765387486,0.3222513712694184,20.0
64,2,0.09481864827081105,0.5767672599507514,0.039223357160690454,7.787988372715551,0.14822361960752056,0.14822361960752056,0.1069857250569304,0.14067712265409266,0.09481864827081105,0.01667213612577032,5.280479436168999,0.725363884262982,78.39977850601538,32.13805948598944,37.36832968525261,0.11405052902828768,2.948024668339407,0.3138621631988534,0.050019513775096405,1.0826683765387486,0.3222513712694184,20.0
64,3,0.09484260241937972,0.5757279486134486,0.039233262740530184,7.787988372715551,0.1482261130944113,0.1482261130944113,0.10708527670559974,0.14073740068548143,0.09484260241937972,0.016673402345225363,5.280479436168999,0.725363884262982,78.39977850601538,32.13805948598944,37.36832968525261,0.11405052902828768,2.948024668339407,0.3138621631988534,0.050019513775096405,1.0826683765387486,0.3222513712694184,20.0
64,4,0.0948426323177351,0.5757258834002845,0.03923327510332442,7.787988372715551,0.14822611578764433,0.14822611578764433,0.10708542449529432,0.14073748189477334,0.0948426323177351,0.01667340385644692,5.280479436168999,0.725363884262982,78.39977850601538,32.13805948598944,37.36832968525261,0.11405052902828768,2.948024668339407,0.3138621631988534,0.050019513775096405,1.0826683765387486,0.3222513712694184,20.0
64,5,0.09484263234316206,0.5757258811243519,0.03923327511383789,7.787988372715551,0.14822611578974487,0.14822611578974487,0.10708542463380195,0.14073748196681835,0.09484263234316206,0.016673403857699075,5.280479436168999,0.725363884262982,78.39977850601538,32.13805948598944,37.36832968525261,0.11405052902828768,2.948024668339407,0.3138621631988534,0.050019513775096405,1.0826683765387486,0.3222513712694184,20.0
64,6,0.09484263234317895,0.5757258811225582,0.039233275113844876,7.787988372715551,0.14822611578974615,0.14822611578974615,0.10708542463389999,0.1407374819668675,0.09484263234317895,0.01667340385769989,5.280479436168999,0.725363884262982,78.39977850601538,32.13805948598944,37.36832968525261,0.11405052902828768,2.948024668339407,0.3138621631988534,0.050019513775096405,1.0826683765387486,0.3222513712694184,20.0
64,7,0.09484263234317898,0.5757258811225571,0.039233275113844876,7.787988372715551,0.14822611578974615,0.14822611578974615,0.10708542463390004,0.14073748196686753,0.09484263234317898,0.016673403857699894,5.280479436168999,0.725363884262982,78.39977850601538,32.13805948598944,37.36832968525261,0.11405052902828768,2.948024668339407,0.3138621631988534,0.050019513775096405,1.0826683765387486,0.3222513712694184,20.0
64,8,0.09484263234317898,0.5757258811225571,0.039233275113844876,7.787988372715551,0.14822611578974615,0.14822611578974615,0.10708542463390004,0.14073748196686753,0.09484263234317898,0.016673403857699894,5.280479436168999,0.725363884262982,78.39977850601538,32.13805948598944,37.36832968525261,0.11405052902828768,2.948024668339407,0.3138621631988534,0.050019513775096405,1.0826683765387486,0.3222513712694184,20.0
64,9,0.09484263234317898,0.5757258811225571,0.039233275113844876,7.787988372715551,0.14822611578974615,0.14822611578974615,0.10708542463390004,0.14073748196686753,0.09484263234317898,0.016673403857699894,5.280479436168999,0.725363884262982,78.39977850601538,32.13805948598944,37.36832968525261,0.11405052902828768,2.948024668339407,0.3138621631988534,0.050019513775096405,1.0826683765387486,0.3222513712694184,20.0
64,10,0.09484263234317898,0.5757258811225571,0.039233275113844876,7.787988372715551,0.14822611578974615,0.14822611578974615,0.10708542463390004,0.14073748196686753,0.09484263234317898,0.016673403857699894,5.280479436168999,0.725363884262982,78.39977850601538,32.13805948598944,37.36832968525261,0.11405052902828768,2.948024668339407,0.3138621631988534,0.050019513775096405,1.0826683765387486,0.3222513712694184,20.0
65,1,0.07855096688270934,0.8806973218503491,0.043824074913659944,13.260271075994568,0.26082337842041897,0.26082337842041897,0.10704674167397575,0.2351019738106056,0.07855096688270934,1.0763061254530762e-09,6.903005184004994,0.6241658507530634,176.55364347725967,191.86749901406128,56.40545236727422,0.13638086549883727,5.160211930042599,0.6982302327992727,0.13733365080238782,1.3114616904617116,0.44642482032754127,20.0
65,2,0.07909508550458406,0.7941253897210789,0.04412717037618033,13.260271075994568,0.2608233784204486,0.2608233784204486,0.13409904836805628,0.2449919873583389,0.07909508550458406,1.0763176089179805e-09,6.903005184004994,0.6241658507530634,176.55364347725967,191.86749901406128,56.40545236727422,0.13638086549883727,5.160211930042599,0.6982302327992727,0.13733365080238782,1.3114616904617116,0.44642482032754127,20.0
65,3,0.07909508550458406,0.7941253897210686,0.04412717037618033,13.260271075994568,0.2608233784204486,0.2608233784204486,0.13409904836805628,0.24499198735833894,0.07909508550458406,1.0763176089179805e-09,6.903005184004994,0.6241658507530634,176.55364347725967,191.86749901406128,56.40545236727422,0.13638086549883727,5.160211930042599,0.6982302327992727,0.13733365080238782,1.3114616904617116,0.44642482032754127,20.0
65,4,0.07909508550458406,0.7941253897210686,0.04412717037618033,13.260271075994568,0.2608233784204486,0.2608233784204486,0.13409904836805628,0.24499198735833894,0.07909508550458406,1.0763176089179805e-09,6.903005184004994,0.6241658507530634,176.55364347725967,191.86749901406128,56.40545236727422,0.13638086549883727,5.160211930042599,0.6982302327992727,0.13733365080238782,1.3114616904617116,0.44642482032754127,20.0
65,5,0.07909508550458406,0.7941253897210686,0.04412717037618033,13.260271075994568,0.2608233784204486,0.2608233784204486,0.13409904836805628,0.24499198735833894,0.07909508550458406,1.0763176089179805e-09,6.903005184004994,0.6241658507530634,176.55364347725967,191.86749901406128,56.40545236727422,0.13638086549883727,5.160211930042599,0.6982302327992727,0.13733365080238782,1.3114616904617116,0.44642482032754127,20.0
65,6,0.07909508550458406,0.7941253897210686,0.04412717037618033,13.260271075994568,0.2608233784204486,0.2608233784204486,0.13409904836805628,0.24499198735833894,0.07909508550458406,1.0763176089179805e-09,6.903005184004994,0.6241658507530634,176.55364347725967,191.86749901406128,56.40545236727422,0.13638086549883727,5.160211930042599,0.6982302327992727,0.13733365080238782,1.3114616904617116,0.44642482032754127,20.0
65,7,0.07909508550458406,0.7941253897210686,0.04412717037618033,13.260271075994568,0.2608233784204486,0.2608233784204486,0.13409904836805628,0.24499198735833894,0.07909508550458406,1.0763176089179805e-09,6.903005184004994,0.6241658507530634,176.55364347725967,191.86749901406128,56.40545236727422,0.13638086549883727,5.160211930042599,0.6982302327992727,0.13733365080238782,1.3114616904617116,0.44642482032754127,20.0
65,8,0.07909508550458406,0.7941253897210686,0.04412717037618033,13.260271075994568,0.2608233784204486,0.2608233784204486,0.13409904836805628,0.24499198735833894,0.07909508550458406,1.0763176089179805e-09,6.903005184004994,0.6241658507530634,176.55364347725967,191.86749901406128,56.40545236727422,0.13638086549883727,5.160211930042599,0.6982302327992727,0.13733365080238782,1.3114616904617116,0.44642482032754127,20.0
65,9,0.07909508550458406,0.7941253897210686,0.04412717037618033,13.260271075994568,0.2608233784204486,0.2608233784204486,0.13409904836805628,0.24499198735833894,0.07909508550458406,1.0763176089179805e-09,6.903005184004994,0.6241658507530634,176.55364347725967,191.86749901406128,56.40545236727422,0.13638086549883727,5.160211930042599,0.6982302327992727,0.13733365080238782,1.3114616904617116,0.44642482032754127,20.0
65,10,0.07909508550458406,0.7941253897210686,0.04412717037618033,13.260271075994568,0.2608233784204486,0.2608233784204486,0.13409904836805628,0.24499198735833894,0.07909508550458406,1.0763176089179805e-09,6.903005184004994,0.6241658507530634,176.55364347725967,191.86749901406128,56.40545236727422,0.13638086549883727,5.160211930042599,0.6982302327992727,0.13733365080238782,1.3114616904617116,0.44642482032754127,20.0
66,1,0.06448604813847658,0.9999999999025304,0.041359873287527986,11.01234171995511,0.0940638106944921,0.0940638106944921,8.171898546869473e-19,5.157087801953519e-13,0.06448604813847658,0.0006694087496086477,3.2488892393027857,0.33915937802949303,68.92677993256527,127.4900323848412,31.640185514630968,0.07133344831640985,5.982681100285289,1.109534044231564,0.1964724058598074,1.3384549597380475,0.3519178418133903,20.0
66,2,0.08341345126764281,0.9974976415516493,0.05349953300053229,11.01234171995511,0.09421383328960717,0.09421383328960717,0.0003306318158493452,0.0003840692977855267,0.08341345126764281,0.0007300201165075965,3.2488892393027857,0.33915937802949303,68.92677993256527,127.4900323848412,31.640185514630968,0.07133344831640985,5.982681100285289,1.109534044231564,0.1964724058598074,1.3384549597380475,0.3519178418133903,20.0
66,3,0.08342089843163757,0.9972829229108134,0.053504306103161904,11.01234171995511,0.09421383329291806,0.09421383329291806,0.0003573229617550127,0.00041321865861152033,0.08342089843163757,0.0007300201189635495,3.2488892393027857,0.33915937802949303,68.92677993256527,127.4900323848412,31.640185514630968,0.07133344831640985,5.982681100285289,1.109534044231564,0.1964724058598074,1.3384549597380475,0.3519178418133903,20.0
66,4,0.08342089843169544,0.9972829229044552,0.053504306103198986,11.01234171995511,0.09421383329291806,0.09421383329291806,0.0003573229622526453,0.00041321865898335657,0.08342089843169544,0.0007300201189635495,3.2488892393027857,0.33915937802949303,68.92677993256527,127.4900323848412,31.640185514630968,0.07133344831640985,5.982681100285289,1.109534044231564,0.1964724058598074,1.3384549597380475,0.3519178418133903,20.0
66,5,0.08342089843169544,0.9972829229044552,0.053504306103198986,11.01234171995511,0.09421383329291806,0.09421383329291806,0.0003573229622526453,0.00041321865898335657,0.08342089843169544,0.0007300201189635495,3.2488892393027857,0.33915937802949303,68.92677993256527,127.4900323848412,31.640185514630968,0.07133344831640985,5.982681100285289,1.109534044231564,0.1964724058598074,1.3384549597380475,0.3519178418133903,20.0
66,6,0.08342089843169544,0.9972829229044552,0.053504306103198986,11.01234171995511,0.09421383329291806,0.09421383329291806,0.0003573229622526453,0.00041321865898335657,0.08342089843169544,0.0007300201189635495,3.2488892393027857,0.33915937802949303,68.92677993256527,127.4900323848412,31.640185514630968,0.07133344831640985,5.982681100285289,1.109534044231564,0.1964724058598074,1.3384549597380475,0.3519178418133903,20.0
66,7,0.08342089843169544,0.9972829229044552,0.053504306103198986,11.01234171995511,0.09421383329291806,0.09421383329291806,0.0003573229622526453,0.00041321865898335657,0.08342089843169544,0.0007300201189635495,3.2488892393027857,0.33915937802949303,68.92677993256527,127.4900323848412,31.640185514630968,0.07133344831640985,5.982681100285289,1.109534044231564,0.1964724058598074,1.3384549597380475,0.3519178418133903,20.0
66,8,0.08342089843169544,0.9972829229044552,0.053504306103198986,11.01234171995511,0.09421383329291806,0.09421383329291806,0.0003573229622526453,0.00041321865898335657,0.08342089843169544,0.0007300201189635495,3.2488892393027857,0.33915937802949303,68.92677993256527,127.4900323848412,31.640185514630968,0.07133344831640985,5.982681100285289,1.109534044231564,0.1964724058598074,1.3384549597380475,0.3519178418133903,20.0
66,9,0.08342089843169544,0.9972829229044552,0.053504306103198986,11.01234171995511,0.09421383329291806,0.09421383329291806,0.0003573229622526453,0.00041321865898335657,0.08342089843169544,0.0007300201189635495,3.2488892393027857,0.33915937802949303,68.92677993256527,127.4900323848412,31.640185514630968,0.07133344831640985,5.982681100285289,1.109534044231564,0.1964724058598074,1.3384549597380475,0.3519178418133903,20.0
66,10,0.08342089843169544,0.9972829229044552,0.053504306103198986,11.01234171995511,0.09421383329291806,0.09421383329291806,0.0003573229622526453,0.00041321865898335657,0.08342089843169544,0.0007300201189635495,3.2488892393027857,0.33915937802949303,68.92677993256527,127.4900323848412,31.640185514630968,0.07133344831640985,5.982681100285289,1.109534044231564,0.1964724058598074,1.3384549597380475,0.3519178418133903,20.0
67,1,0.08665785002785724,0.999881255749732,0.05189629031643676,24.11271559492788,0.15825455957506052,0.15825455957506052,0.00018633838656747684,0.009451090783704706,0.08665785002785724,4.265388704194906e-07,6.965236003309704,0.31537746087777535,129.5262996679,182.1226507378629,41.218687045874276,0.04593375137265265,5.11553598527003,0.6240014430861309,0.09189104878851224,0.6845271541158513,0.4335859589169504,20.0
67,2,0.09950512662193806,0.999524497165332,0.05958923215319168,24.11271559492788,0.15825459225512634,0.15825459225512634,0.000755707593014109,0.022619847706358474,0.09950512662193806,4.3549819131895005e-07,6.965236003309704,0.31537746087777535,129.5262996679,182.1226507378629,41.218687045874276,0.04593375137265265,5.11553598527003,0.6240014430861309,0.09189104878851224,0.6845271541158513,0.4335859589169504,20.0
67,3,0.09950512678947396,0.9995244737511793,0.059589232253435286,24.11271559492788,0.1582545922551264,0.1582545922551264,0.0007557088525687538,0.022619848969627553,0.09950512678947396,4.35498191328225e-07,6.965236003309704,0.31537746087777535,129.5262996679,182.1226507378629,41.218687045874276,0.04593375137265265,5.11553598527003,0.6240014430861309,0.09189104878851224,0.6845271541158513,0.4335859589169504,20.0
67,4,0.09950512678947396,0.9995244737511793,0.059589232253435286,24.11271559492788,0.1582545922551264,0.1582545922551264,0.0007557088525687541,0.022619848969627553,0.09950512678947396,4.35498191328225e-07,6.965236003309704,0.31537746087777535,129.5262996679,182.1226507378629,41.218687045874276,0.04593375137265265,5.11553598527003,0.6240014430861309,0.09189104878851224,0.6845271541158513,0.4335859589169504,20.0
67,5,0.09950512678947396,0.9995244737511793,0.059589232253435286,24.11271559492788,0.1582545922551264,0.1582545922551264,0.0007557088525687541,0.022619848969627553,0.09950512678947396,4.35498191328225e-07,6.965236003309704,0.31537746087777535,129.5262996679,182.1226507378629,41.218687045874276,0.04593375137265265,5.11553598527003,0.6240014430861309,0.09189104878851224,0.6845271541158513,0.4335859589169504,20.0
67,6,0.09950512678947396,0.9995244737511793,0.059589232253435286,24.11271559492788,0.1582545922551264,0.1582545922551264,0.0007557088525687541,0.022619848969627553,0.09950512678947396,4.35498191328225e-07,6.965236003309704,0.31537746087777535,129.5262996679,182.1226507378629,41.218687045874276,0.04593375137265265,5.11553598527003,0.6240014430861309,0.09189104878851224,0.6845271541158513,0.4335859589169504,20.0
67,7,0.09950512678947396,0.9995244737511793,0.059589232253435286,24.11271559492788,0.1582545922551264,0.1582545922551264,0.0007557088525687541,0.022619848969627553,0.09950512678947396,4.35498191328225e-07,6.965236003309704,0.31537746087777535,129.5262996679,182.1226507378629,41.218687045874276,0.04593375137265265,5.11553598527003,0.6240014430861309,0.09189104878851224,0.6845271541158513,0.4335859589169504,20.0
67,8,0.09950512678947396,0.9995244737511793,0.059589232253435286,24.11271559492788,0.1582545922551264,0.1582545922551264,0.0007557088525687541,0.022619848969627553,0.09950512678947396,4.35498191328225e-07,6.965236003309704,0.31537746087777535,129.5262996679,182.1226507378629,41.218687045874276,0.04593375137265265,5.11553598527003,0.6240014430861309,0.09189104878851224,0.6845271541158513,0.4335859589169504,20.0
67,9,0.09950512678947396,0.9995244737511793,0.059589232253435286,24.11271559492788,0.1582545922551264,0.1582545922551264,0.0007557088525687541,0.022619848969627553,0.09950512678947396,4.35498191328225e-07,6.965236003309704,0.31537746087777535,129.5262996679,182.1226507378629,41.218687045874276,0.04593375137265265,5.11553598527003,0.6240014430861309,0.09189104878851224,0.6845271541158513,0.4335859589169504,20.0
67,10,0.09950512678947396,0.9995244737511793,0.059589232253435286,24.11271559492788,0.1582545922551264,0.1582545922551264,0.0007557088525687541,0.022619848969627553,0.09950512678947396,4.35498191328225e-07,6.965236003309704,0.31537746087777535,129.5262996679,182.1226507378629,41.218687045874276,0.04593375137265265,5.11553598527003,0.6240014430861309,0.09189104878851224,0.6845271541158513,0.4335859589169504,20.0
68,1,0.054057757281152786,0.990522556569532,0.0356894628332092,20.087265337882865,0.21285592866637862,0.21285592866637862,0.010537010236549293,0.1279677007281789,0.054057757281152786,5.703143536954379e-07,4.141875705872982,0.2267558051168081,85.39176362378244,159.19717679695285,45.89913666610118,0.08257840606713687,2.9999506774995237,1.2073938243744327,0.12351889638828704,0.5850035875848405,0.3271373459597071,20.0
68,2,0.05944692837907044,0.9529371054441795,0.03924387593583331,20.087265337882865,0.21285592870676986,0.21285592870676986,0.04425081731742699,0.18388538466332857,0.05944692837907044,5.703306743834592e-07,4.141875705872982,0.2267558051168081,85.39176362378244,159.19717679695285,45.89913666610118,0.08257840606713687,2.9999506774995237,1.2073938243744327,0.12351889638828704,0.5850035875848405,0.3271373459597071,20.0
68,3,0.05944692837909659,0.9529371054057384,0.03924387593585055,20.087265337882865,0.21285592870676986,0.21285592870676986,0.044250817318838016,0.18388538466378226,0.05944692837909659,5.703306743834592e-07,4.141875705872982,0.2267558051168081,85.39176362378244,159.19717679695285,45.89913666610118,0.08257840606713687,2.9999506774995237,1.2073938243744327,0.12351889638828704,0.5850035875848405,0.3271373459597071,20.0
68,4,0.05944692837909659,0.9529371054057384,0.03924387593585055,20.087265337882865,0.21285592870676986,0.21285592870676986,0.044250817318838016,0.18388538466378226,0.05944692837909659,5.703306743834592e-07,4.141875705872982,0.2267558051168081,85.39176362378244,159.19717679695285,45.89913666610118,0.08257840606713687,2.9999506774995237,1.2073938243744327,0.12351889638828704,0.5850035875848405,0.3271373459597071,20.0
68,5,0.05944692837909659,0.9529371054057384,0.03924387593585055,20.087265337882865,0.21285592870676986,0.21285592870676986,0.044250817318838016,0.18388538466378226,0.05944692837909659,5.703306743834592e-07,4.141875705872982,0.2267558051168081,85.39176362378244,159.19717679695285,45.89913666610118,0.08257840606713687,2.9999506774995237,1.2073938243744327,0.12351889638828704,0.5850035875848405,0.3271373459597071,20.0
68,6,0.05944692837909659,0.9529371054057384,0.03924387593585055,20.087265337882865,0.21285592870676986,0.21285592870676986,0.044250817318838016,0.18388538466378226,0.05944692837909659,5.703306743834592e-07,4.141875705872982,0.2267558051168081,85.39176362378244,159.19717679695285,45.89913666610118,0.08257840606713687,2.9999506774995237,1.2073938243744327,0.12351889638828704,0.5850035875848405,0.3271373459597071,20.0
68,7,0.05944692837909659,0.9529371054057384,0.03924387593585055,20.087265337882865,0.21285592870676986,0.21285592870676986,0.044250817318838016,0.18388538466378226,0.05944692837909659,5.703306743834592e-07,4.141875705872982,0.2267558051168081,85.39176362378244,159.19717679695285,45.89913666610118,0.08257840606713687,2.9999506774995237,1.2073938243744327,0.12351889638828704,0.5850035875848405,0.3271373459597071,20.0
68,8,0.05944692837909659,0.9529371054057384,0.03924387593585055,20.087265337882865,0.21285592870676986,0.21285592870676986,0.044250817318838016,0.18388538466378226,0.05944692837909659,5.703306743834592e-07,4.141875705872982,0.2267558051168081,85.39176362378244,159.19717679695285,45.89913666610118,0.08257840606713687,2.9999506774995237,1.2073938243744327,0.12351889638828704,0.5850035875848405,0.3271373459597071,20.0
68,9,0.05944692837909659,0.9529371054057384,0.03924387593585055,20.087265337882865,0.21285592870676986,0.21285592870676986,0.044250817318838016,0.18388538466378226,0.05944692837909659,5.703306743834592e-07,4.141875705872982,0.2267558051168081,85.39176362378244,159.19717679695285,45.89913666610118,0.08257840606713687,2.9999506774995237,1.2073938243744327,0.12351889638828704,0.5850035875848405,0.3271373459597071,20.0
68,10,0.05944692837909659,0.9529371054057384,0.03924387593585055,20.087265337882865,0.21285592870676986,0.21285592870676986,0.044250817318838016,0.18388538466378226,0.05944692837909659,5.703306743834592e-07,4.141875705872982,0.2267558051168081,85.39176362378244,159.19717679695285,45.89913666610118,0.08257840606713687,2.9999506774995237,1.2073938243744327,0.12351889638828704,0.5850035875848405,0.3271373459597071,20.0
69,1,0.15733606594262026,0.9910608786748527,0.05247623260995701,12.88583064401837,0.4847484280502369,0.4847484280502369,0.0037604203825555207,0.02528284348139666,0.15733606594262026,0.013424674588319564,7.233165131748406,0.5930085647909579,145.15740747619407,54.95176625035486,27.7817654322745,0.1272761775792836,5.332669665693647,0.7170327126189755,0.02120467566430124,1.6110442307361628,0.3459028614203061,20.0
69,2,0.22441289189202357,0.8833897151583288,0.07484594376927566,12.88583064401837,0.5757511558700726,0.5757511558700726,0.025104542511441633,0.07045398990461875,0.22441289189202357,0.02064264412293429,7.233165131748406,0.5930085647909579,145.15740747619407,54.95176625035486,27.7817654322745,0.1272761775792836,5.332669665693647,0.7170327126189755,0.02120467566430124,1.6110442307361628,0.3459028614203061,20.0
69,3,0.23255451203044994,0.8500664105776384,0.0775608581743935,12.88583064401837,0.5841846306020059,0.5841846306020059,0.03102395545387487,0.0790300547679847,0.23255451203044994,0.021711625983742475,7.233165131748406,0.5930085647909579,145.15740747619407,54.95176625035486,27.7817654322745,0.1272761775792836,5.332669665693647,0.7170327126189755,0.02120467566430124,1.6110442307361628,0.3459028614203061,20.0
69,4,0.23310371342371547,0.8461735577602587,0.07774398676952983,12.88583064401837,0.5846866398302535,0.5846866398302535,0.03156793548754075,0.07970658564129529,0.23310371342371547,0.021791746733526355,7.233165131748406,0.5930085647909579,145.15740747619407,54.95176625035486,27.7817654322745,0.1272761775792836,5.332669665693647,0.7170327126189755,0.02120467566430124,1.6110442307361628,0.3459028614203061,20.0
69,5,0.23313001878229142,0.8459110291591533,0.07775275790344204,12.88583064401837,0.5847089448996405,0.5847089448996405,0.03159879172530524,0.07974187439030707,0.23313001878229142,0.021795848429513293,7.233165131748406,0.5930085647909579,145.15740747619407,54.95176625035486,27.7817654322745,0.1272761775792836,5.332669665693647,0.7170327126189755,0.02120467566430124,1.6110442307361628,0.3459028614203061,20.0
69,6,0.2331310121111087,0.8458984747316836,0.07775308910717714,12.88583064401837,0.5847097451194161,0.5847097451194161,0.03160009631088575,0.07974328394630589,0.2331310121111087,0.021796010725044435,7.233165131748406,0.5930085647909579,145.15740747619407,54.95176625035486,27.7817654322745,0.1272761775792836,5.332669665693647,0.7170327126189755,0.02120467566430124,1.6110442307361628,0.3459028614203061,20.0
69,7,0.23313104347143707,0.8458980024643644,0.07775309956342104,12.88583064401837,0.584709769451602,0.584709769451602,0.031600141032688316,0.07974333027926316,0.23313104347143707,0.021796016030650595,7.233165131748406,0.5930085647909579,145.15740747619407,54.95176625035486,27.7817654322745,0.1272761775792836,5.332669665693647,0.7170327126189755,0.02120467566430124,1.6110442307361628,0.3459028614203061,20.0
69,8,0.23313104433109624,0.8458979876228074,0.07775309985004718,12.88583064401837,0.5847097700995659,0.5847097700995659,0.03160014233862473,0.0797433315888128,0.23313104433109624,0.021796016180091242,7.233165131748406,0.5930085647909579,145.15740747619407,54.95176625035486,27.7817654322745,0.1272761775792836,5.332669665693647,0.7170327126189755,0.02120467566430124,1.6110442307361628,0.3459028614203061,20.0
69,9,0.23313104435209928,0.8458979872178737,0.07775309985704988,12.88583064401837,0.5847097701150347,0.5847097701150347,0.03160014237217986,0.07974333162158856,0.23313104435209928,0.02179601618382288,7.233165131748406,0.5930085647909579,145.15740747619407,54.95176625035486,27.7817654322745,0.1272761775792836,5.332669665693647,0.7170327126189755,0.02120467566430124,1.6110442307361628,0.3459028614203061,20.0
69,10,0.23313104435256535,0.8458979872080252,0.07775309985720529,12.88583064401837,0.5847097701153714,0.5847097701153714,0.03160014237295593,0.07974333162233033,0.23313104435256535,0.02179601618390719,7.233165131748406,0.5930085647909579,145.15740747619407,54.95176625035486,27.7817654322745,0.1272761775792836,5.332669665693647,0.7170327126189755,0.02120467566430124,1.6110442307361628,0.3459028614203061,20.0
70,1,0.030290666987685917,0.8563057567335762,0.021209306762135085,5.821879616329775,0.26646369485212906,0.26646369485212906,0.05001161521506951,0.09095236838502037,0.030290666987685917,0.006928232862369338,3.592353823685626,0.8412401986048307,51.844228180352296,142.11946416599068,26.07561516552532,0.07600552984841012,3.039629608727155,0.9385518143274525,0.06314368967677704,0.543340557986567,0.4047597014267434,20.0
70,2,0.03574122297998241,0.7347433929068031,0.025024581352637,5.821879616329775,0.266493857281832,0.266493857281832,0.08484330708767479,0.11851862344173493,0.03574122297998241,0.0069364201173978774,3.592353823685626,0.8412401986048307,51.844228180352296,142.11946416599068,26.07561516552532,0.07600552984841012,3.039629608727155,0.9385518143274525,0.06314368967677704,0.543340557986567,0.4047597014267434,20.0
70,3,0.03574135453871628,0.7347221582039831,0.02502467340827941,5.821879616329775,0.26649385747644344,0.26649385747644344,0.0848453800430721,0.11851960218442478,0.03574135453871628,0.006936420182621345,3.592353823685626,0.8412401986048307,51.844228180352296,142.11946416599068,26.07561516552532,0.07600552984841012,3.039629608727155,0.9385518143274525,0.06314368967677704,0.543340557986567,0.4047597014267434,20.0
70,4,0.03574135453929465,0.7347221580590537,0.02502467340868407,5.821879616329775,0.26649385747644394,0.26649385747644394,0.08484538005414509,0.11851960218911545,0.03574135453929465,0.006936420182621539,3.592353823685626,0.8412401986048307,51.844228180352296,142.11946416599068,26.07561516552532,0.07600552984841012,3.039629608727155,0.9385518143274525,0.06314368967677704,0.543340557986567,0.4047597014267434,20.0
70,5,0.03574135453929465,0.7347221580590534,0.02502467340868407,5.821879616329775,0.26649385747644394,0.26649385747644394,0.08484538005414512,0.11851960218911546,0.03574135453929465,0.006936420182621539,3.592353823685626,0.8412401986048307,51.844228180352296,142.11946416599068,26.07561516552532,0.07600552984841012,3.039629608727155,0.9385518143274525,0.06314368967677704,0.543340557986567,0.4047597014267434,20.0
70,6,0.03574135453929465,0.7347221580590534,0.02502467340868407,5.821879616329775,0.26649385747644394,0.26649385747644394,0.08484538005414512,0.11851960218911546,0.03574135453929465,0.006936420182621539,3.592353823685626,0.8412401986048307,51.844228180352296,142.11946416599068,26.07561516552532,0.07600552984841012,3.039629608727155,0.9385518143274525,0.06314368967677704,0.543340557986567,0.4047597014267434,20.0
70,7,0.03574135453929465,0.7347221580590534,0.02502467340868407,5.821879616329775,0.26649385747644394,0.26649385747644394,0.08484538005414512,0.11851960218911546,0.03574135453929465,0.006936420182621539,3.592353823685626,0.8412401986048307,51.844228180352296,142.11946416599068,26.07561516552532,0.07600552984841012,3.039629608727155,0.9385518143274525,0.06314368967677704,0.543340557986567,0.4047597014267434,20.0
70,8,0.03574135453929465,0.7347221580590534,0.02502467340868407,5.821879616329775,0.26649385747644394,0.26649385747644394,0.08484538005414512,0.11851960218911546,0.03574135453929465,0.006936420182621539,3.592353823685626,0.8412401986048307,51.844228180352296,142.11946416599068,26.07561516552532,0.07600552984841012,3.039629608727155,0.9385518143274525,0.06314368967677704,0.543340557986567,0.4047597014267434,20.0
70,9,0.03574135453929465,0.7347221580590534,0.02502467340868407,5.821879616329775,0.26649385747644394,0.26649385747644394,0.08484538005414512,0.11851960218911546,0.03574135453929465,0.006936420182621539,3.592353823685626,0.8412401986048307,51.844228180352296,142.11946416599068,26.07561516552532,0.07600552984841012,3.039629608727155,0.9385518143274525,0.06314368967677704,0.543340557986567,0.4047597014267434,20.0
70,10,0.03574135453929465,0.7347221580590534,0.02502467340868407,5.821879616329775,0.26649385747644394,0.26649385747644394,0.08484538005414512,0.11851960218911546,0.03574135453929465,0.006936420182621539,3.592353823685626,0.8412401986048307,51.844228180352296,142.11946416599068,26.07561516552532,0.07600552984841012,3.039629608727155,0.9385518143274525,0.06314368967677704,0.543340557986567,0.4047597014267434,20.0
71,1,0.06794934755288244,0.5690370620679592,0.029287215904506385,6.859807576028324,0.11070376842745704,0.11070376842745704,0.1328534981099147,0.20441812747291488,0.06794934755288244,0.0003923833834481453,3.185501665475655,0.5195924855209085,98.69666784929758,55.75595993374738,34.295732746379315,0.12029061970285493,3.215235236542921,0.3018843346806356,0.1734087127013565,1.7171676268731413,0.38549147303249165,20.0
71,2,0.06836481827187273,0.452935728238747,0.029466040869592956,6.859807576028324,0.11070377030428835,0.11070377030428835,0.1449950992619705,0.207741034985446,0.06836481827187273,0.00039238665438582775,3.185501665475655,0.5195924855209085,98.69666784929758,55.75595993374738,34.295732746379315,0.12029061970285493,3.215235236542921,0.3018843346806356,0.1734087127013565,1.7171676268731413,0.38549147303249165,20.0
71,3,0.06836481827187917,0.4529357268012065,0.029466040869595714,6.859807576028324,0.11070377030428835,0.11070377030428835,0.14499509926261755,0.2077410349855164,0.06836481827187917,0.00039238665438582775,3.185501665475655,0.5195924855209085,98.69666784929758,55.75595993374738,34.295732746379315,0.12029061970285493,3.215235236542921,0.3018843346806356,0.1734087127013565,1.7171676268731413,0.38549147303249165,20.0
71,4,0.06836481827187917,0.4529357268012065,0.029466040869595714,6.859807576028324,0.11070377030428835,0.11070377030428835,0.14499509926261755,0.2077410349855164,0.06836481827187917,0.00039238665438582775,3.185501665475655,0.5195924855209085,98.69666784929758,55.75595993374738,34.295732746379315,0.12029061970285493,3.215235236542921,0.3018843346806356,0.1734087127013565,1.7171676268731413,0.38549147303249165,20.0
71,5,0.06836481827187917,0.4529357268012065,0.029466040869595714,6.859807576028324,0.11070377030428835,0.11070377030428835,0.14499509926261755,0.2077410349855164,0.06836481827187917,0.00039238665438582775,3.185501665475655,0.5195924855209085,98.69666784929758,55.75595993374738,34.295732746379315,0.12029061970285493,3.215235236542921,0.3018843346806356,0.1734087127013565,1.7171676268731413,0.38549147303249165,20.0
71,6,0.06836481827187917,0.4529357268012065,0.029466040869595714,6.859807576028324,0.11070377030428835,0.11070377030428835,0.14499509926261755,0.2077410349855164,0.06836481827187917,0.00039238665438582775,3.185501665475655,0.5195924855209085,98.69666784929758,55.75595993374738,34.295732746379315,0.12029061970285493,3.215235236542921,0.3018843346806356,0.1734087127013565,1.7171676268731413,0.38549147303249165,20.0
71,7,0.06836481827187917,0.4529357268012065,0.029466040869595714,6.859807576028324,0.11070377030428835,0.11070377030428835,0.14499509926261755,0.2077410349855164,0.06836481827187917,0.00039238665438582775,3.185501665475655,0.5195924855209085,98.69666784929758,55.75595993374738,34.295732746379315,0.12029061970285493,3.215235236542921,0.3018843346806356,0.1734087127013565,1.7171676268731413,0.38549147303249165,20.0
71,8,0.06836481827187917,0.4529357268012065,0.029466040869595714,6.859807576028324,0.11070377030428835,0.11070377030428835,0.14499509926261755,0.2077410349855164,0.06836481827187917,0.00039238665438582775,3.185501665475655,0.5195924855209085,98.69666784929758,55.75595993374738,34.295732746379315,0.12029061970285493,3.215235236542921,0.3018843346806356,0.1734087127013565,1.7171676268731413,0.38549147303249165,20.0
71,9,0.06836481827187917,0.4529357268012065,0.029466040869595714,6.859807576028324,0.11070377030428835,0.11070377030428835,0.14499509926261755,0.2077410349855164,0.06836481827187917,0.00039238665438582775,3.185501665475655,0.5195924855209085,98.69666784929758,55.75595993374738,34.295732746379315,0.12029061970285493,3.215235236542921,0.3018843346806356,0.1734087127013565,1.7171676268731413,0.38549147303249165,20.0
71,10,0.06836481827187917,0.4529357268012065,0.029466040869595714,6.859807576028324,0.11070377030428835,0.11070377030428835,0.14499509926261755,0.2077410349855164,0.06836481827187917,0.00039238665438582775,3.185501665475655,0.5195924855209085,98.69666784929758,55.75595993374738,34.295732746379315,0.12029061970285493,3.215235236542921,0.3018843346806356,0.1734087127013565,1.7171676268731413,0.38549147303249165,20.0
72,1,0.048664787656382345,0.9999999996675708,0.01780139851267377,7.075580560446815,0.16675922665288181,0.16675922665288181,6.514383089781889e-11,1.4001908200676936e-08,0.048664787656382345,0.05050736385736148,2.244872379145839,0.35918265441216274,134.37417842763335,75.92609579284999,13.27461752922472,0.034542892850433854,5.827264035286861,0.43661022421086065,0.16111867894604726,1.921754664571619,0.34317194781242155,20.0
72,2,0.12713891142077868,0.6027393663082795,0.04652710896140988,7.075580560446815,0.18088509337642056,0.18088509337642056,0.05167766284650533,0.0724159791099895,0.12713891142077868,0.06177821072201989,2.244872379145839,0.35918265441216274,134.37417842763335,75.92609579284999,13.27461752922472,0.034542892850433854,5.827264035286861,0.43661022421086065,0.16111867894604726,1.921754664571619,0.34317194781242155,20.0
72,3,0.13026070475650373,0.5755413460729797,0.04766976171534758,7.075580560446815,0.18089726380154203,0.18089726380154203,0.05641179485018863,0.07781963521608323,0.13026070475650373,0.061806003129289355,2.244872379145839,0.35918265441216274,134.37417842763335,75.92609579284999,13.27461752922472,0.034542892850433854,5.827264035286861,0.43661022421086065,0.16111867894604726,1.921754664571619,0.34317194781242155,20.0
72,4,0.13026099161990531,0.575506885785792,0.04766986666647184,7.075580560446815,0.18089726390129446,0.18089726390129446,0.05641312816152743,0.07782059689325434,0.13026099161990531,0.06180600345073193,2.244872379145839,0.35918265441216274,134.37417842763335,75.92609579284999,13.27461752922472,0.034542892850433854,5.827264035286861,0.43661022421086065,0.16111867894604726,1.921754664571619,0.34317194781242155,20.0
72,5,0.13026099162049068,0.5755068854934027,0.047669866666685934,7.075580560446815,0.1808972639012945,0.1808972639012945,0.05641312816601975,0.07782059689577672,0.13026099162049068,0.06180600345073216,2.244872379145839,0.35918265441216274,134.37417842763335,75.92609579284999,13.27461752922472,0.034542892850433854,5.827264035286861,0.43661022421086065,0.16111867894604726,1.921754664571619,0.34317194781242155,20.0
72,6,0.13026099162049068,0.5755068854934025,0.047669866666685934,7.075580560446815,0.1808972639012945,0.1808972639012945,0.05641312816601975,0.07782059689577672,0.13026099162049068,0.06180600345073216,2.244872379145839,0.35918265441216274,134.37417842763335,75.92609579284999,13.27461752922472,0.034542892850433854,5.827264035286861,0.43661022421086065,0.16111867894604726,1.921754664571619,0.34317194781242155,20.0
72,7,0.13026099162049068,0.5755068854934025,0.047669866666685934,7.075580560446815,0.1808972639012945,0.1808972639012945,0.05641312816601975,0.07782059689577672,0.13026099162049068,0.06180600345073216,2.244872379145839,0.35918265441216274,134.37417842763335,75.92609579284999,13.27461752922472,0.034542892850433854,5.827264035286861,0.43661022421086065,0.16111867894604726,1.921754664571619,0.34317194781242155,20.0
72,8,0.13026099162049068,0.5755068854934025,0.047669866666685934,7.075580560446815,0.1808972639012945,0.1808972639012945,0.05641312816601975,0.07782059689577672,0.13026099162049068,0.06180600345073216,2.244872379145839,0.35918265441216274,134.37417842763335,75.92609579284999,13.27461752922472,0.034542892850433854,5.827264035286861,0.43661022421086065,0.16111867894604726,1.921754664571619,0.34317194781242155,20.0
72,9,0.13026099162049068,0.5755068854934025,0.047669866666685934,7.075580560446815,0.1808972639012945,0.1808972639012945,0.05641312816601975,0.07782059689577672,0.13026099162049068,0.06180600345073216,2.244872379145839,0.35918265441216274,134.37417842763335,75.92609579284999,13.27461752922472,0.034542892850433854,5.827264035286861,0.43661022421086065,0.16111867894604726,1.921754664571619,0.34317194781242155,20.0
72,10,0.13026099162049068,0.5755068854934025,0.047669866666685934,7.075580560446815,0.1808972639012945,0.1808972639012945,0.05641312816601975,0.07782059689577672,0.13026099162049068,0.06180600345073216,2.244872379145839,0.35918265441216274,134.37417842763335,75.92609579284999,13.27461752922472,0.034542892850433854,5.827264035286861,0.43661022421086065,0.16111867894604726,1.921754664571619,0.34317194781242155,20.0
73,1,0.03113793009161941,0.9999999991948206,0.024354509239493293,11.594051210663535,0.11408976759298635,0.11408976759298635,1.084898377045702e-09,3.819520606954249e-06,0.03113793009161941,1.6783000448519324e-06,4.380941861938187,0.4767579702657365,58.849280890830514,197.7109862858078,85.58286926696425,0.1263848659151437,5.650992667165966,0.7887948139361134,0.09607055530437672,1.7102427024330504,0.3282199610857646,20.0
73,2,0.04172912031142771,0.9999940959521201,0.03263840019137392,11.594051210663535,0.11409036606141539,0.11409036606141539,8.129764966097645e-07,1.668120010971912e-05,0.04172912031142771,1.896366334382896e-06,4.380941861938187,0.4767579702657365,58.849280890830514,197.7109862858078,85.58286926696425,0.1263848659151437,5.650992667165966,0.7887948139361134,0.09607055530437672,1.7102427024330504,0.3282199610857646,20.0
73,3,0.041729134257334384,0.9999933490475992,0.032638411091884166,11.594051210663535,0.11409036606141609,0.11409036606141609,9.103348899158891e-07,1.6779101766373303e-05,0.041729134257334384,1.896366334776651e-06,4.380941861938187,0.4767579702657365,58.849280890830514,197.7109862858078,85.58286926696425,0.1263848659151437,5.650992667165966,0.7887948139361134,0.09607055530437672,1.7102427024330504,0.3282199610857646,20.0
73,4,0.0417291342573344,0.9999933490475981,0.03263841109188417,11.594051210663535,0.11409036606141609,0.11409036606141609,9.103348900287421e-07,1.677910176646154e-05,0.0417291342573344,1.896366334776651e-06,4.380941861938187,0.4767579702657365,58.849280890830514,197.7109862858078,85.58286926696425,0.1263848659151437,5.650992667165966,0.7887948139361134,0.09607055530437672,1.7102427024330504,0.3282199610857646,20.0
73,5,0.0417291342573344,0.9999933490475981,0.03263841109188417,11.594051210663535,0.11409036606141609,0.11409036606141609,9.103348900287421e-07,1.677910176646154e-05,0.0417291342573344,1.896366334776651e-06,4.380941861938187,0.4767579702657365,58.849280890830514,197.7109862858078,85.58286926696425,0.1263848659151437,5.650992667165966,0.7887948139361134,0.09607055530437672,1.7102427024330504,0.3282199610857646,20.0
73,6,0.0417291342573344,0.9999933490475981,0.03263841109188417,11.594051210663535,0.11409036606141609,0.11409036606141609,9.103348900287421e-07,1.677910176646154e-05,0.0417291342573344,1.896366334776651e-06,4.380941861938187,0.4767579702657365,58.849280890830514,197.7109862858078,85.58286926696425,0.1263848659151437,5.650992667165966,0.7887948139361134,0.09607055530437672,1.7102427024330504,0.3282199610857646,20.0
73,7,0.0417291342573344,0.9999933490475981,0.03263841109188417,11.594051210663535,0.11409036606141609,0.11409036606141609,9.103348900287421e-07,1.677910176646154e-05,0.0417291342573344,1.896366334776651e-06,4.380941861938187,0.4767579702657365,58.849280890830514,197.7109862858078,85.58286926696425,0.1263848659151437,5.650992667165966,0.7887948139361134,0.09607055530437672,1.7102427024330504,0.3282199610857646,20.0
73,8,0.0417291342573344,0.9999933490475981,0.03263841109188417,11.594051210663535,0.11409036606141609,0.11409036606141609,9.103348900287421e-07,1.677910176646154e-05,0.0417291342573344,1.896366334776651e-06,4.380941861938187,0.4767579702657365,58.849280890830514,197.7109862858078,85.58286926696425,0.1263848659151437,5.650992667165966,0.7887948139361134,0.09607055530437672,1.7102427024330504,0.3282199610857646,20.0
73,9,0.0417291342573344,0.9999933490475981,0.03263841109188417,11.594051210663535,0.11409036606141609,0.11409036606141609,9.103348900287421e-07,1.677910176646154e-05,0.0417291342573344,1.896366334776651e-06,4.380941861938187,0.4767579702657365,58.849280890830514,197.7109862858078,85.58286926696425,0.1263848659151437,5.650992667165966,0.7887948139361134,0.09607055530437672,1.7102427024330504,0.3282199610857646,20.0
73,10,0.0417291342573344,0.9999933490475981,0.03263841109188417,11.594051210663535,0.11409036606141609,0.11409036606141609,9.103348900287421e-07,1.677910176646154e-05,0.0417291342573344,1.896366334776651e-06,4.380941861938187,0.4767579702657365,58.849280890830514,197.7109862858078,85.58286926696425,0.1263848659151437,5.650992667165966,0.7887948139361134,0.09607055530437672,1.7102427024330504,0.3282199610857646,20.0
74,1,0.11537000678939312,0.9589416314033429,0.05731884637988665,9.344269371049393,0.0615642279147985,0.0615642279147985,0.03125055357986277,0.11302941354698795,0.11537000678939312,0.0003227991144316338,2.024370167118293,0.24830274975340705,128.35567827552558,91.7217377742195,54.844350457202125,0.07394051948794333,2.7603290209628515,0.8369479011384666,0.08117015635658441,1.7601037312710424,0.3528307223317317,20.0
74,2,0.12531931016381764,0.9207613621100237,0.06225975614902484,9.344269371049393,0.06156967739813034,0.06156967739813034,0.05352836349349363,0.14820744022865795,0.12531931016381764,0.00032825682944651486,2.024370167118293,0.24830274975340705,128.35567827552558,91.7217377742195,54.844350457202125,0.07394051948794333,2.7603290209628515,0.8369479011384666,0.08117015635658441,1.7601037312710424,0.3528307223317317,20.0
74,3,0.12531933043474697,0.9207509287677085,0.06225976620983616,9.344269371049393,0.0615696773997619,0.0615696773997619,0.05352860684638333,0.1482075812378144,0.12531933043474697,0.00032825683176027076,2.024370167118293,0.24830274975340705,128.35567827552558,91.7217377742195,54.844350457202125,0.07394051948794333,2.7603290209628515,0.8369479011384666,0.08117015635658441,1.7601037312710424,0.3528307223317317,20.0
74,4,0.12531933043474855,0.9207509287645627,0.06225976620983695,9.344269371049393,0.0615696773997619,0.0615696773997619,0.05352860684641071,0.1482075812378271,0.12531933043474855,0.0003282568317602708,2.024370167118293,0.24830274975340705,128.35567827552558,91.7217377742195,54.844350457202125,0.07394051948794333,2.7603290209628515,0.8369479011384666,0.08117015635658441,1.7601037312710424,0.3528307223317317,20.0
74,5,0.12531933043474855,0.9207509287645627,0.06225976620983695,9.344269371049393,0.0615696773997619,0.0615696773997619,0.05352860684641071,0.1482075812378271,0.12531933043474855,0.0003282568317602708,2.024370167118293,0.24830274975340705,128.35567827552558,91.7217377742195,54.844350457202125,0.07394051948794333,2.7603290209628515,0.8369479011384666,0.08117015635658441,1.7601037312710424,0.3528307223317317,20.0
74,6,0.12531933043474855,0.9207509287645627,0.06225976620983695,9.344269371049393,0.0615696773997619,0.0615696773997619,0.05352860684641071,0.1482075812378271,0.12531933043474855,0.0003282568317602708,2.024370167118293,0.24830274975340705,128.35567827552558,91.7217377742195,54.844350457202125,0.07394051948794333,2.7603290209628515,0.8369479011384666,0.08117015635658441,1.7601037312710424,0.3528307223317317,20.0
74,7,0.12531933043474855,0.9207509287645627,0.06225976620983695,9.344269371049393,0.0615696773997619,0.0615696773997619,0.05352860684641071,0.1482075812378271,0.12531933043474855,0.0003282568317602708,2.024370167118293,0.24830274975340705,128.35567827552558,91.7217377742195,54.844350457202125,0.07394051948794333,2.7603290209628515,0.8369479011384666,0.08117015635658441,1.7601037312710424,0.3528307223317317,20.0
74,8,0.12531933043474855,0.9207509287645627,0.06225976620983695,9.344269371049393,0.0615696773997619,0.0615696773997619,0.05352860684641071,0.1482075812378271,0.12531933043474855,0.0003282568317602708,2.024370167118293,0.24830274975340705,128.35567827552558,91.7217377742195,54.844350457202125,0.07394051948794333,2.7603290209628515,0.8369479011384666,0.08117015635658441,1.7601037312710424,0.3528307223317317,20.0
74,9,0.12531933043474855,0.9207509287645627,0.06225976620983695,9.344269371049393,0.0615696773997619,0.0615696773997619,0.05352860684641071,0.1482075812378271,0.12531933043474855,0.0003282568317602708,2.024370167118293,0.24830274975340705,128.35567827552558,91.7217377742195,54.844350457202125,0.07394051948794333,2.7603290209628515,0.8369479011384666,0.08117015635658441,1.7601037312710424,0.3528307223317317,20.0
74,10,0.12531933043474855,0.9207509287645627,0.06225976620983695,9.344269371049393,0.0615696773997619,0.0615696773997619,0.05352860684641071,0.1482075812378271,0.12531933043474855,0.0003282568317602708,2.024370167118293,0.24830274975340705,128.35567827552558,91.7217377742195,54.844350457202125,0.07394051948794333,2.7603290209628515,0.8369479011384666,0.08117015635658441,1.7601037312710424,0.3528307223317317,20.0
75,1,0.022496377739249725,0.161833580818156,0.010232021439093505,4.460827730150331,0.18314599656769315,0.18314599656769315,0.14999729461621836,0.1668589861045912,0.022496377739249725,0.005861437380754192,2.4123854014688892,0.7634756291023361,183.2033534897829,90.28845929771066,79.64038717312532,0.10674485665104885,4.117979212145119,0.3742706210844188,0.17606944065223504,0.8050456843000947,0.3363275096463148,20.0
75,2,0.02249639207710961,0.14371106052876575,0.010232027948730153,4.460827730150331,0.18314599656769315,0.18314599656769315,0.14999961651155788,0.16685926543788923,0.02249639207710961,0.0058614373807541935,2.4123854014688892,0.7634756291023361,183.2033534897829,90.28845929771066,79.64038717312532,0.10674485665104885,4.117979212145119,0.3742706210844188,0.17606944065223504,0.8050456843000947,0.3363275096463148,20.0
75,3,0.02249639207710961,0.14371106052876575,0.010232027948730153,4.460827730150331,0.18314599656769315,0.18314599656769315,0.14999961651155788,0.16685926543788923,0.02249639207710961,0.0058614373807541935,2.4123854014688892,0.7634756291023361,183.2033534897829,90.28845929771066,79.64038717312532,0.10674485665104885,4.117979212145119,0.3742706210844188,0.17606944065223504,0.8050456843000947,0.3363275096463148,20.0
75,4,0.02249639207710961,0.14371106052876575,0.010232027948730153,4.460827730150331,0.18314599656769315,0.18314599656769315,0.14999961651155788,0.16685926543788923,0.02249639207710961,0.0058614373807541935,2.4123854014688892,0.7634756291023361,183.2033534897829,90.28845929771066,79.64038717312532,0.10674485665104885,4.117979212145119,0.3742706210844188,0.17606944065223504,0.8050456843000947,0.3363275096463148,20.0
75,5,0.02249639207710961,0.14371106052876575,0.010232027948730153,4.460827730150331,0.18314599656769315,0.18314599656769315,0.14999961651155788,0.16685926543788923,0.02249639207710961,0.0058614373807541935,2.4123854014688892,0.7634756291023361,183.2033534897829,90.28845929771066,79.64038717312532,0.10674485665104885,4.117979212145119,0.3742706210844188,0.17606944065223504,0.8050456843000947,0.3363275096463148,20.0
75,6,0.02249639207710961,0.14371106052876575,0.010232027948730153,4.460827730150331,0.18314599656769315,0.18314599656769315,0.14999961651155788,0.16685926543788923,0.02249639207710961,0.0058614373807541935,2.4123854014688892,0.7634756291023361,183.2033534897829,90.28845929771066,79.64038717312532,0.10674485665104885,4.117979212145119,0.3742706210844188,0.17606944065223504,0.8050456843000947,0.3363275096463148,20.0
75,7,0.02249639207710961,0.14371106052876575,0.010232027948730153,4.460827730150331,0.18314599656769315,0.18314599656769315,0.14999961651155788,0.16685926543788923,0.02249639207710961,0.0058614373807541935,2.4123854014688892,0.7634756291023361,183.2033534897829,90.28845929771066,79.64038717312532,0.10674485665104885,4.117979212145119,0.3742706210844188,0.17606944065223504,0.8050456843000947,0.3363275096463148,20.0
75,8,0.02249639207710961,0.14371106052876575,0.010232027948730153,4.460827730150331,0.18314599656769315,0.18314599656769315,0.14999961651155788,0.16685926543788923,0.02249639207710961,0.0058614373807541935,2.4123854014688892,0.7634756291023361,183.2033534897829,90.28845929771066,79.64038717312532,0.10674485665104885,4.117979212145119,0.3742706210844188,0.17606944065223504,0.8050456843000947,0.3363275096463148,20.0
75,9,0.02249639207710961,0.14371106052876575,0.010232027948730153,4.460827730150331,0.18314599656769315,0.18314599656769315,0.14999961651155788,0.16685926543788923,0.02249639207710961,0.0058614373807541935,2.4123854014688892,0.7634756291023361,183.2033534897829,90.28845929771066,79.64038717312532,0.10674485665104885,4.117979212145119,0.3742706210844188,0.17606944065223504,0.8050456843000947,0.3363275096463148,20.0
75,10,0.02249639207710961,0.14371106052876575,0.010232027948730153,4.460827730150331,0.18314599656769315,0.18314599656769315,0.14999961651155788,0.16685926543788923,0.02249639207710961,0.0058614373807541935,2.4123854014688892,0.7634756291023361,183.2033534897829,90.28845929771066,79.64038717312532,0.10674485665104885,4.117979212145119,0.3742706210844188,0.17606944065223504,0.8050456843000947,0.3363275096463148,20.0
76,1,0.08912501078803026,0.9999999998007589,0.0402512549009429,28.32128390838343,0.14199013407141417,0.14199013407141417,1.5043583664433072e-24,4.2072924864586437e-16,0.08912501078803026,0.008301939357291474,7.578910367365138,0.2723407191404856,48.306823082532354,42.11438955356354,14.271701944094355,0.08030599882679396,5.857858366396416,0.5198498354992298,0.1933802826255204,1.8091134554792685,0.37286612440936123,20.0
76,2,0.15496999959298124,0.9582848212083622,0.06999549847456044,28.32128390838343,0.15949166592836325,0.15949166592836325,0.007430271987421578,0.012440846059818825,0.15496999959298124,0.011353035916810318,7.578910367365138,0.2723407191404856,48.306823082532354,42.11438955356354,14.271701944094355,0.08030599882679396,5.857858366396416,0.5198498354992298,0.1933802826255204,1.8091134554792685,0.37286612440936123,20.0
76,3,0.1618666892375196,0.9464959113917937,0.07311118857431166,28.32128390838343,0.15954607192507847,0.15954607192507847,0.009995494658452852,0.016521800945718937,0.1618666892375196,0.01137335361157757,7.578910367365138,0.2723407191404856,48.306823082532354,42.11438955356354,14.271701944094355,0.08030599882679396,5.857858366396416,0.5198498354992298,0.1933802826255204,1.8091134554792685,0.37286612440936123,20.0
76,4,0.16188014587511362,0.9464238410635544,0.07311726619020222,28.32128390838343,0.15954609405266063,0.15954609405266063,0.010007953422513377,0.0165371846826037,0.16188014587511362,0.011373365125617822,7.578910367365138,0.2723407191404856,48.306823082532354,42.11438955356354,14.271701944094355,0.08030599882679396,5.857858366396416,0.5198498354992298,0.1933802826255204,1.8091134554792685,0.37286612440936123,20.0
76,5,0.1618801497611282,0.9464238030133818,0.07311726794494992,28.32128390838343,0.1595460940553656,0.1595460940553656,0.01000795913086222,0.016537190657814827,0.1618801497611282,0.011373365127354932,7.578910367365138,0.2723407191404856,48.306823082532354,42.11438955356354,14.271701944094355,0.08030599882679396,5.857858366396416,0.5198498354992298,0.1933802826255204,1.8091134554792685,0.37286612440936123,20.0
76,6,0.16188014976148668,0.9464238030080003,0.07311726794511181,28.32128390838343,0.15954609405536574,0.15954609405536574,0.01000795913158658,0.0165371906584801,0.16188014976148668,0.011373365127355031,7.578910367365138,0.2723407191404856,48.306823082532354,42.11438955356354,14.271701944094355,0.08030599882679396,5.857858366396416,0.5198498354992298,0.1933802826255204,1.8091134554792685,0.37286612440936123,20.0
76,7,0.16188014976148668,0.9464238030079999,0.07311726794511181,28.32128390838343,0.15954609405536574,0.15954609405536574,0.010007959131586619,0.016537190658480132,0.16188014976148668,0.011373365127355031,7.578910367365138,0.2723407191404856,48.306823082532354,42.11438955356354,14.271701944094355,0.08030599882679396,5.857858366396416,0.5198498354992298,0.1933802826255204,1.8091134554792685,0.37286612440936123,20.0
76,8,0.16188014976148668,0.9464238030079999,0.07311726794511181,28.32128390838343,0.15954609405536574,0.15954609405536574,0.010007959131586619,0.016537190658480132,0.16188014976148668,0.011373365127355031,7.578910367365138,0.2723407191404856,48.306823082532354,42.11438955356354,14.271701944094355,0.08030599882679396,5.857858366396416,0.5198498354992298,0.1933802826255204,1.8091134554792685,0.37286612440936123,20.0
76,9,0.16188014976148668,0.9464238030079999,0.07311726794511181,28.32128390838343,0.15954609405536574,0.15954609405536574,0.010007959131586619,0.016537190658480132,0.16188014976148668,0.011373365127355031,7.578910367365138,0.2723407191404856,48.306823082532354,42.11438955356354,14.271701944094355,0.08030599882679396,5.857858366396416,0.5198498354992298,0.1933802826255204,1.8091134554792685,0.37286612440936123,20.0
76,10,0.16188014976148668,0.9464238030079999,0.07311726794511181,28.32128390838343,0.15954609405536574,0.15954609405536574,0.010007959131586619,0.016537190658480132,0.16188014976148668,0.011373365127355031,7.578910367365138,0.2723407191404856,48.306823082532354,42.11438955356354,14.271701944094355,0.08030599882679396,5.857858366396416,0.5198498354992298,0.1933802826255204,1.8091134554792685,0.37286612440936123,20.0
77,1,0.08886333043631595,0.9999999999458254,0.053345191326090995,20.447346248186722,0.15097979776221315,0.15097979776221315,3.7288301352226936e-11,1.107682677507328e-07,0.08886333043631595,2.9122918838240564e-07,7.474494665768915,0.411157537778067,161.88723694056864,180.4252088117946,92.7887771098529,0.055365162876796506,5.93919079731816,1.0136965014053125,0.1170306704664391,0.846655153674869,0.4192099855199189,20.0
77,2,0.0998443056359333,0.9999990897594416,0.059937136718847664,20.447346248186722,0.15097980504994885,0.15097980504994885,6.597039808569414e-08,6.228460210792382e-07,0.0998443056359333,2.9289858157967777e-07,7.474494665768915,0.411157537778067,161.88723694056864,180.4252088117946,92.7887771098529,0.055365162876796506,5.93919079731816,1.0136965014053125,0.1170306704664391,0.846655153674869,0.4192099855199189,20.0
77,3,0.09984430567865202,0.9999990852655793,0.05993713674447474,20.447346248186722,0.15097980504994885,0.15097980504994885,6.621656971720453e-08,6.231179348873894e-07,0.09984430567865202,2.92898581579684e-07,7.474494665768915,0.411157537778067,161.88723694056864,180.4252088117946,92.7887771098529,0.055365162876796506,5.93919079731816,1.0136965014053125,0.1170306704664391,0.846655153674869,0.4192099855199189,20.0
77,4,0.09984430567865202,0.9999990852655793,0.05993713674447474,20.447346248186722,0.15097980504994885,0.15097980504994885,6.621656971720483e-08,6.231179348873896e-07,0.09984430567865202,2.92898581579684e-07,7.474494665768915,0.411157537778067,161.88723694056864,180.4252088117946,92.7887771098529,0.055365162876796506,5.93919079731816,1.0136965014053125,0.1170306704664391,0.846655153674869,0.4192099855199189,20.0
77,5,0.09984430567865202,0.9999990852655793,0.05993713674447474,20.447346248186722,0.15097980504994885,0.15097980504994885,6.621656971720483e-08,6.231179348873896e-07,0.09984430567865202,2.92898581579684e-07,7.474494665768915,0.411157537778067,161.88723694056864,180.4252088117946,92.7887771098529,0.055365162876796506,5.93919079731816,1.0136965014053125,0.1170306704664391,0.846655153674869,0.4192099855199189,20.0
77,6,0.09984430567865202,0.9999990852655793,0.05993713674447474,20.447346248186722,0.15097980504994885,0.15097980504994885,6.621656971720483e-08,6.231179348873896e-07,0.09984430567865202,2.92898581579684e-07,7.474494665768915,0.411157537778067,161.88723694056864,180.4252088117946,92.7887771098529,0.055365162876796506,5.93919079731816,1.0136965014053125,0.1170306704664391,0.846655153674869,0.4192099855199189,20.0
77,7,0.09984430567865202,0.9999990852655793,0.05993713674447474,20.447346248186722,0.15097980504994885,0.15097980504994885,6.621656971720483e-08,6.231179348873896e-07,0.09984430567865202,2.92898581579684e-07,7.474494665768915,0.411157537778067,161.88723694056864,180.4252088117946,92.7887771098529,0.055365162876796506,5.93919079731816,1.0136965014053125,0.1170306704664391,0.846655153674869,0.4192099855199189,20.0
77,8,0.09984430567865202,0.9999990852655793,0.05993713674447474,20.447346248186722,0.15097980504994885,0.15097980504994885,6.621656971720483e-08,6.231179348873896e-07,0.09984430567865202,2.92898581579684e-07,7.474494665768915,0.411157537778067,161.88723694056864,180.4252088117946,92.7887771098529,0.055365162876796506,5.93919079731816,1.0136965014053125,0.1170306704664391,0.846655153674869,0.4192099855199189,20.0
77,9,0.09984430567865202,0.9999990852655793,0.05993713674447474,20.447346248186722,0.15097980504994885,0.15097980504994885,6.621656971720483e-08,6.231179348873896e-07,0.09984430567865202,2.92898581579684e-07,7.474494665768915,0.411157537778067,161.88723694056864,180.4252088117946,92.7887771098529,0.055365162876796506,5.93919079731816,1.0136965014053125,0.1170306704664391,0.846655153674869,0.4192099855199189,20.0
77,10,0.09984430567865202,0.9999990852655793,0.05993713674447474,20.447346248186722,0.15097980504994885,0.15097980504994885,6.621656971720483e-08,6.231179348873896e-07,0.09984430567865202,2.92898581579684e-07,7.474494665768915,0.411157537778067,161.88723694056864,180.4252088117946,92.7887771098529,0.055365162876796506,5.93919079731816,1.0136965014053125,0.1170306704664391,0.846655153674869,0.4192099855199189,20.0
78,1,0.07820551704009913,0.9999997644457755,0.04808498598188511,10.229627851655977,0.17422442650138087,0.17422442650138087,3.355019297002161e-07,7.702954720266558e-05,0.07820551704009913,0.002128900828328031,7.359045104107446,0.8750809455145026,120.16536562978024,140.1966490049029,83.62041220639047,0.09948332228127499,5.523496690234323,0.990242083702197,0.05155435840128532,0.9839975764315576,0.3162432685323784,20.0
78,2,0.09247254004266074,0.9900875263276722,0.05685706580982078,10.229627851655977,0.1756212841169724,0.1756212841169724,0.0013600363507320933,0.002173379833160851,0.09247254004266074,0.002277999806991102,7.359045104107446,0.8750809455145026,120.16536562978024,140.1966490049029,83.62041220639047,0.09948332228127499,5.523496690234323,0.990242083702197,0.05155435840128532,0.9839975764315576,0.3162432685323784,20.0
78,3,0.09252170272047196,0.9894458445264569,0.056887285586834486,10.229627851655977,0.17562156412882152,0.17562156412882152,0.001443487596044733,0.002288751487923081,0.09252170272047196,0.002278050510315503,7.359045104107446,0.8750809455145026,120.16536562978024,140.1966490049029,83.62041220639047,0.09948332228127499,5.523496690234323,0.990242083702197,0.05155435840128532,0.9839975764315576,0.3162432685323784,20.0
78,4,0.09252170830451416,0.9894456685505386,0.05688728901878964,10.229627851655977,0.17562156413993132,0.17562156413993132,0.0014435046845865588,0.0022887712638294754,0.09252170830451416,0.002278050512937614,7.359045104107446,0.8750809455145026,120.16536562978024,140.1966490049029,83.62041220639047,0.09948332228127499,5.523496690234323,0.990242083702197,0.05155435840128532,0.9839975764315576,0.3162432685323784,20.0
78,5,0.09252170830466161,0.9894456685426413,0.056887289018880245,10.229627851655977,0.1756215641399315,0.1756215641399315,0.0014435046852040174,0.002288771264467045,0.09252170830466161,0.0022780505129376613,7.359045104107446,0.8750809455145026,120.16536562978024,140.1966490049029,83.62041220639047,0.09948332228127499,5.523496690234323,0.990242083702197,0.05155435840128532,0.9839975764315576,0.3162432685323784,20.0
78,6,0.09252170830466161,0.989445668542641,0.056887289018880245,10.229627851655977,0.1756215641399315,0.1756215641399315,0.001443504685204027,0.0022887712644670535,0.09252170830466161,0.0022780505129376613,7.359045104107446,0.8750809455145026,120.16536562978024,140.1966490049029,83.62041220639047,0.09948332228127499,5.523496690234323,0.990242083702197,0.05155435840128532,0.9839975764315576,0.3162432685323784,20.0
78,7,0.09252170830466161,0.989445668542641,0.056887289018880245,10.229627851655977,0.1756215641399315,0.1756215641399315,0.001443504685204027,0.0022887712644670535,0.09252170830466161,0.0022780505129376613,7.359045104107446,0.8750809455145026,120.16536562978024,140.1966490049029,83.62041220639047,0.09948332228127499,5.523496690234323,0.990242083702197,0.05155435840128532,0.9839975764315576,0.3162432685323784,20.0
78,8,0.09252170830466161,0.989445668542641,0.056887289018880245,10.229627851655977,0.1756215641399315,0.1756215641399315,0.001443504685204027,0.0022887712644670535,0.09252170830466161,0.0022780505129376613,7.359045104107446,0.8750809455145026,120.16536562978024,140.1966490049029,83.62041220639047,0.09948332228127499,5.523496690234323,0.990242083702197,0.05155435840128532,0.9839975764315576,0.3162432685323784,20.0
78,9,0.09252170830466161,0.989445668542641,0.056887289018880245,10.229627851655977,0.1756215641399315,0.1756215641399315,0.001443504685204027,0.0022887712644670535,0.09252170830466161,0.0022780505129376613,7.359045104107446,0.8750809455145026,120.16536562978024,140.1966490049029,83.62041220639047,0.09948332228127499,5.523496690234323,0.990242083702197,0.05155435840128532,0.9839975764315576,0.3162432685323784,20.0
78,10,0.09252170830466161,0.989445668542641,0.056887289018880245,10.229627851655977,0.1756215641399315,0.1756215641399315,0.001443504685204027,0.0022887712644670535,0.09252170830466161,0.0022780505129376613,7.359045104107446,0.8750809455145026,120.16536562978024,140.1966490049029,83.62041220639047,0.09948332228127499,5.523496690234323,0.990242083702197,0.05155435840128532,0.9839975764315576,0.3162432685323784,20.0
79,1,0.01491431959600431,0.4922223749368698,0.010854006096143174,7.851858998656994,0.23415003761523048,0.23415003761523048,0.10095719453846723,0.07874532864981787,0.01491431959600431,0.04653023791930213,2.0972568382977617,0.3490883148749304,54.23908210211645,169.85706883969027,29.095335882976524,0.14015908603576602,4.075815396127808,0.6692483472185855,0.04724196942922215,0.833028538462725,0.38780027504567854,20.0
79,2,0.017022060864413373,0.41238832204500714,0.012387770114587878,7.851858998656994,0.23415704214783134,0.23415704214783134,0.12057183418348803,0.09162783764936494,0.017022060864413373,0.046532057459264316,2.0972568382977617,0.3490883148749304,54.23908210211645,169.85706883969027,29.095335882976524,0.14015908603576602,4.075815396127808,0.6692483472185855,0.04724196942922215,0.833028538462725,0.38780027504567854,20.0
79,3,0.017022088988836302,0.4123861694195471,0.012387790577424914,7.851858998656994,0.23415704220904,0.23415704220904,0.12057221062082267,0.09162803987710456,0.017022088988836302,0.046532057476881696,2.0972568382977617,0.3490883148749304,54.23908210211645,169.85706883969027,29.095335882976524,0.14015908603576602,4.075815396127808,0.6692483472185855,0.04724196942922215,0.833028538462725,0.38780027504567854,20.0
79,4,0.017022088989034494,0.4123861693995617,0.01238779057756911,7.851858998656994,0.23415704220904035,0.23415704220904035,0.12057221062380923,0.09162803987861105,0.017022088989034494,0.04653205747688181,2.0972568382977617,0.3490883148749304,54.23908210211645,169.85706883969027,29.095335882976524,0.14015908603576602,4.075815396127808,0.6692483472185855,0.04724196942922215,0.833028538462725,0.38780027504567854,20.0
79,5,0.017022088989034494,0.4123861693995616,0.01238779057756911,7.851858998656994,0.23415704220904035,0.23415704220904035,0.12057221062380924,0.09162803987861107,0.017022088989034494,0.04653205747688181,2.0972568382977617,0.3490883148749304,54.23908210211645,169.85706883969027,29.095335882976524,0.14015908603576602,4.075815396127808,0.6692483472185855,0.04724196942922215,0.833028538462725,0.38780027504567854,20.0
79,6,0.017022088989034494,0.4123861693995616,0.01238779057756911,7.851858998656994,0.23415704220904035,0.23415704220904035,0.12057221062380924,0.09162803987861107,0.017022088989034494,0.04653205747688181,2.0972568382977617,0.3490883148749304,54.23908210211645,169.85706883969027,29.095335882976524,0.14015908603576602,4.075815396127808,0.6692483472185855,0.04724196942922215,0.833028538462725,0.38780027504567854,20.0
79,7,0.017022088989034494,0.4123861693995616,0.01238779057756911,7.851858998656994,0.23415704220904035,0.23415704220904035,0.12057221062380924,0.09162803987861107,0.017022088989034494,0.04653205747688181,2.0972568382977617,0.3490883148749304,54.23908210211645,169.85706883969027,29.095335882976524,0.14015908603576602,4.075815396127808,0.6692483472185855,0.04724196942922215,0.833028538462725,0.38780027504567854,20.0
79,8,0.017022088989034494,0.4123861693995616,0.01238779057756911,7.851858998656994,0.23415704220904035,0.23415704220904035,0.12057221062380924,0.09162803987861107,0.017022088989034494,0.04653205747688181,2.0972568382977617,0.3490883148749304,54.23908210211645,169.85706883969027,29.095335882976524,0.14015908603576602,4.075815396127808,0.6692483472185855,0.04724196942922215,0.833028538462725,0.38780027504567854,20.0
79,9,0.017022088989034494,0.4123861693995616,0.01238779057756911,7.851858998656994,0.23415704220904035,0.23415704220904035,0.12057221062380924,0.09162803987861107,0.017022088989034494,0.04653205747688181,2.0972568382977617,0.3490883148749304,54.23908210211645,169.85706883969027,29.095335882976524,0.14015908603576602,4.075815396127808,0.6692483472185855,0.04724196942922215,0.833028538462725,0.38780027504567854,20.0
79,10,0.017022088989034494,0.4123861693995616,0.01238779057756911,7.851858998656994,0.23415704220904035,0.23415704220904035,0.12057221062380924,0.09162803987861107,0.017022088989034494,0.04653205747688181,2.0972568382977617,0.3490883148749304,54.23908210211645,169.85706883969027,29.095335882976524,0.14015908603576602,4.075815396127808,0.6692483472185855,0.04724196942922215,0.833028538462725,0.38780027504567854,20.0
80,1,0.1320672843661014,0.9999999999617288,0.06574144360173796,26.882233908008804,0.036563277840736486,0.036563277840736486,3.635476360939861e-28,2.3831286062342405e-23,0.1320672843661014,0.000402876236343774,6.307736157975114,0.2519357965314773,179.5606618392107,171.1353181226976,26.760569787679888,0.05026489370620193,2.884497156460478,1.234869811454049,0.17962556152052062,1.9608688830665264,0.30283802125250386,20.0
80,2,0.144540775554379,0.9982514472445343,0.07195060018651354,26.882233908008804,0.036574747268909004,0.036574747268909004,0.00018040228048655225,0.000278843308599669,0.144540775554379,0.0004083917700542682,6.307736157975114,0.2519357965314773,179.5606618392107,171.1353181226976,26.760569787679888,0.05026489370620193,2.884497156460478,1.234869811454049,0.17962556152052062,1.9608688830665264,0.30283802125250386,20.0
80,3,0.14454203109017277,0.9982294791760308,0.07195122495436686,26.882233908008804,0.03657474726892247,0.03657474726892247,0.00018242856449018682,0.0002818335590574894,0.14454203109017277,0.00040839177006605115,6.307736157975114,0.2519357965314773,179.5606618392107,171.1353181226976,26.760569787679888,0.05026489370620193,2.884497156460478,1.234869811454049,0.17962556152052062,1.9608688830665264,0.30283802125250386,20.0
80,4,0.1445420310901733,0.9982294791759976,0.07195122495436712,26.882233908008804,0.03657474726892247,0.03657474726892247,0.00018242856449194182,0.0002818335590596202,0.1445420310901733,0.00040839177006605115,6.307736157975114,0.2519357965314773,179.5606618392107,171.1353181226976,26.760569787679888,0.05026489370620193,2.884497156460478,1.234869811454049,0.17962556152052062,1.9608688830665264,0.30283802125250386,20.0
80,5,0.1445420310901733,0.9982294791759976,0.07195122495436712,26.882233908008804,0.03657474726892247,0.03657474726892247,0.00018242856449194182,0.0002818335590596202,0.1445420310901733,0.00040839177006605115,6.307736157975114,0.2519357965314773,179.5606618392107,171.1353181226976,26.760569787679888,0.05026489370620193,2.884497156460478,1.234869811454049,0.17962556152052062,1.9608688830665264,0.30283802125250386,20.0
80,6,0.1445420310901733,0.9982294791759976,0.07195122495436712,26.882233908008804,0.03657474726892247,0.03657474726892247,0.00018242856449194182,0.0002818335590596202,0.1445420310901733,0.00040839177006605115,6.307736157975114,0.2519357965314773,179.5606618392107,171.1353181226976,26.760569787679888,0.05026489370620193,2.884497156460478,1.234869811454049,0.17962556152052062,1.9608688830665264,0.30283802125250386,20.0
80,7,0.1445420310901733,0.9982294791759976,0.07195122495436712,26.882233908008804,0.03657474726892247,0.03657474726892247,0.00018242856449194182,0.0002818335590596202,0.1445420310901733,0.00040839177006605115,6.307736157975114,0.2519357965314773,179.5606618392107,171.1353181226976,26.760569787679888,0.05026489370620193,2.884497156460478,1.234869811454049,0.17962556152052062,1.9608688830665264,0.30283802125250386,20.0
80,8,0.1445420310901733,0.9982294791759976,0.07195122495436712,26.882233908008804,0.03657474726892247,0.03657474726892247,0.00018242856449194182,0.0002818335590596202,0.1445420310901733,0.00040839177006605115,6.307736157975114,0.2519357965314773,179.5606618392107,171.1353181226976,26.760569787679888,0.05026489370620193,2.884497156460478,1.234869811454049,0.17962556152052062,1.9608688830665264,0.30283802125250386,20.0
80,9,0.1445420310901733,0.9982294791759976,0.07195122495436712,26.882233908008804,0.03657474726892247,0.03657474726892247,0.00018242856449194182,0.0002818335590596202,0.1445420310901733,0.00040839177006605115,6.307736157975114,0.2519357965314773,179.5606618392107,171.1353181226976,26.760569787679888,0.05026489370620193,2.884497156460478,1.234869811454049,0.17962556152052062,1.9608688830665264,0.30283802125250386,20.0
80,10,0.1445420310901733,0.9982294791759976,0.07195122495436712,26.882233908008804,0.03657474726892247,0.03657474726892247,0.00018242856449194182,0.0002818335590596202,0.1445420310901733,0.00040839177006605115,6.307736157975114,0.2519357965314773,179.5606618392107,171.1353181226976,26.760569787679888,0.05026489370620193,2.884497156460478,1.234869811454049,0.17962556152052062,1.9608688830665264,0.30283802125250386,20.0
81,1,0.06622175426851287,0.9999999999159666,0.04263138890181391,13.43438953670426,0.1535508751826447,0.1535508751826447,4.009600755217222e-17,1.9790965419349227e-11,0.06622175426851287,8.331440517152526e-05,4.975451601342512,0.42428313981925675,79.40985167173696,161.80501156373478,17.922932037324433,0.09620963222225211,5.584235720696276,1.4072955869906592,0.16550683129900182,1.1647315688990947,0.3653210444915822,20.0
81,2,0.08292712457989695,0.9996882322115208,0.05338576523023955,13.43438953670426,0.1535658828084853,0.1535658828084853,3.874333217812784e-05,4.6820259577893965e-05,0.08292712457989695,8.679982439450109e-05,4.975451601342512,0.42428313981925675,79.40985167173696,161.80501156373478,17.922932037324433,0.09620963222225211,5.584235720696276,1.4072955869906592,0.16550683129900182,1.1647315688990947,0.3653210444915822,20.0
81,3,0.08292749545219669,0.9996759975305827,0.0533860038136199,13.43438953670426,0.1535658828085396,0.1535658828085396,4.013869539299493e-05,4.838466508101832e-05,0.08292749545219669,8.679982441565092e-05,4.975451601342512,0.42428313981925675,79.40985167173696,161.80501156373478,17.922932037324433,0.09620963222225211,5.584235720696276,1.4072955869906592,0.16550683129900182,1.1647315688990947,0.3653210444915822,20.0
81,4,0.08292749545219726,0.9996759975305262,0.05338600381362025,13.43438953670426,0.1535658828085396,0.1535658828085396,4.013869539725014e-05,4.838466508454058e-05,0.08292749545219726,8.679982441565092e-05,4.975451601342512,0.42428313981925675,79.40985167173696,161.80501156373478,17.922932037324433,0.09620963222225211,5.584235720696276,1.4072955869906592,0.16550683129900182,1.1647315688990947,0.3653210444915822,20.0
81,5,0.08292749545219726,0.9996759975305262,0.05338600381362025,13.43438953670426,0.1535658828085396,0.1535658828085396,4.013869539725014e-05,4.838466508454058e-05,0.08292749545219726,8.679982441565092e-05,4.975451601342512,0.42428313981925675,79.40985167173696,161.80501156373478,17.922932037324433,0.09620963222225211,5.584235720696276,1.4072955869906592,0.16550683129900182,1.1647315688990947,0.3653210444915822,20.0
81,6,0.08292749545219726,0.9996759975305262,0.05338600381362025,13.43438953670426,0.1535658828085396,0.1535658828085396,4.013869539725014e-05,4.838466508454058e-05,0.08292749545219726,8.679982441565092e-05,4.975451601342512,0.42428313981925675,79.40985167173696,161.80501156373478,17.922932037324433,0.09620963222225211,5.584235720696276,1.4072955869906592,0.16550683129900182,1.1647315688990947,0.3653210444915822,20.0
81,7,0.08292749545219726,0.9996759975305262,0.05338600381362025,13.43438953670426,0.1535658828085396,0.1535658828085396,4.013869539725014e-05,4.838466508454058e-05,0.08292749545219726,8.679982441565092e-05,4.975451601342512,0.42428313981925675,79.40985167173696,161.80501156373478,17.922932037324433,0.09620963222225211,5.584235720696276,1.4072955869906592,0.16550683129900182,1.1647315688990947,0.3653210444915822,20.0
81,8,0.08292749545219726,0.9996759975305262,0.05338600381362025,13.43438953670426,0.1535658828085396,0.1535658828085396,4.013869539725014e-05,4.838466508454058e-05,0.08292749545219726,8.679982441565092e-05,4.975451601342512,0.42428313981925675,79.40985167173696,161.80501156373478,17.922932037324433,0.09620963222225211,5.584235720696276,1.4072955869906592,0.16550683129900182,1.1647315688990947,0.3653210444915822,20.0
81,9,0.08292749545219726,0.9996759975305262,0.05338600381362025,13.43438953670426,0.1535658828085396,0.1535658828085396,4.013869539725014e-05,4.838466508454058e-05,0.08292749545219726,8.679982441565092e-05,4.975451601342512,0.42428313981925675,79.40985167173696,161.80501156373478,17.922932037324433,0.09620963222225211,5.584235720696276,1.4072955869906592,0.16550683129900182,1.1647315688990947,0.3653210444915822,20.0
81,10,0.08292749545219726,0.9996759975305262,0.05338600381362025,13.43438953670426,0.1535658828085396,0.1535658828085396,4.013869539725014e-05,4.838466508454058e-05,0.08292749545219726,8.679982441565092e-05,4.975451601342512,0.42428313981925675,79.40985167173696,161.80501156373478,17.922932037324433,0.09620963222225211,5.584235720696276,1.4072955869906592,0.16550683129900182,1.1647315688990947,0.3653210444915822,20.0
82,1,0.07829612017124503,0.9999999999115505,0.04707689745346059,55.47390903814339,0.0633862316695954,0.0633862316695954,3.368509187028018e-18,2.0973026592337908e-12,0.07829612017124503,0.0001654575552161871,7.762706096488651,0.14268583091909323,75.7318283413218,69.51904224289956,74.90706755327392,0.06513845263606707,2.8319164759341806,1.120585040246676,0.08746037785754028,1.8279737503812983,0.35948112032029095,20.0
82,2,0.09922168998240528,0.9992236400199568,0.05965876420724788,55.47390903814339,0.06353975813283555,0.06353975813283555,0.00013001812008449744,0.0002138070743113243,0.09922168998240528,0.00019340652917937444,7.762706096488651,0.14268583091909323,75.7318283413218,69.51904224289956,74.90706755327392,0.06513845263606707,2.8319164759341806,1.120585040246676,0.08746037785754028,1.8279737503812983,0.35948112032029095,20.0
82,3,0.09925264884406863,0.9990941292358632,0.0596773749223524,55.47390903814339,0.06353976649745259,0.06353976649745259,0.0001515491659401303,0.0002487765579458397,0.09925264884406863,0.00019340889547504075,7.762706096488651,0.14268583091909323,75.7318283413218,69.51904224289956,74.90706755327392,0.06513845263606707,2.8319164759341806,1.120585040246676,0.08746037785754028,1.8279737503812983,0.35948112032029095,20.0
82,4,0.09925265016287788,0.9990941191340779,0.05967737571506159,55.47390903814339,0.06353976649759326,0.06353976649759326,0.0001515506950702338,0.00024877879542381845,0.09925265016287788,0.0001934088955260584,7.762706096488651,0.14268583091909323,75.7318283413218,69.51904224289956,74.90706755327392,0.06513845263606707,2.8319164759341806,1.120585040246676,0.08746037785754028,1.8279737503812983,0.35948112032029095,20.0
82,5,0.09925265016289615,0.999094119133873,0.05967737571507258,55.47390903814339,0.06353976649759326,0.06353976649759326,0.00015155069509901553,0.00024877879546276056,0.09925265016289615,0.00019340889552605883,7.762706096488651,0.14268583091909323,75.7318283413218,69.51904224289956,74.90706755327392,0.06513845263606707,2.8319164759341806,1.120585040246676,0.08746037785754028,1.8279737503812983,0.35948112032029095,20.0
82,6,0.09925265016289615,0.999094119133873,0.05967737571507258,55.47390903814339,0.06353976649759326,0.06353976649759326,0.00015155069509901575,0.00024877879546276083,0.09925265016289615,0.00019340889552605883,7.762706096488651,0.14268583091909323,75.7318283413218,69.51904224289956,74.90706755327392,0.06513845263606707,2.8319164759341806,1.120585040246676,0.08746037785754028,1.8279737503812983,0.35948112032029095,20.0
82,7,0.09925265016289615,0.999094119133873,0.05967737571507258,55.47390903814339,0.06353976649759326,0.06353976649759326,0.00015155069509901575,0.00024877879546276083,0.09925265016289615,0.00019340889552605883,7.762706096488651,0.14268583091909323,75.7318283413218,69.51904224289956,74.90706755327392,0.06513845263606707,2.8319164759341806,1.120585040246676,0.08746037785754028,1.8279737503812983,0.35948112032029095,20.0
82,8,0.09925265016289615,0.999094119133873,0.05967737571507258,55.47390903814339,0.06353976649759326,0.06353976649759326,0.00015155069509901575,0.00024877879546276083,0.09925265016289615,0.00019340889552605883,7.762706096488651,0.14268583091909323,75.7318283413218,69.51904224289956,74.90706755327392,0.06513845263606707,2.8319164759341806,1.120585040246676,0.08746037785754028,1.8279737503812983,0.35948112032029095,20.0
82,9,0.09925265016289615,0.999094119133873,0.05967737571507258,55.47390903814339,0.06353976649759326,0.06353976649759326,0.00015155069509901575,0.00024877879546276083,0.09925265016289615,0.00019340889552605883,7.762706096488651,0.14268583091909323,75.7318283413218,69.51904224289956,74.90706755327392,0.06513845263606707,2.8319164759341806,1.120585040246676,0.08746037785754028,1.8279737503812983,0.35948112032029095,20.0
82,10,0.09925265016289615,0.999094119133873,0.05967737571507258,55.47390903814339,0.06353976649759326,0.06353976649759326,0.00015155069509901575,0.00024877879546276083,0.09925265016289615,0.00019340889552605883,7.762706096488651,0.14268583091909323,75.7318283413218,69.51904224289956,74.90706755327392,0.06513845263606707,2.8319164759341806,1.120585040246676,0.08746037785754028,1.8279737503812983,0.35948112032029095,20.0
83,1,0.11811866667739347,0.968275377787192,0.060492277179494215,8.390775057845484,0.1364888800192264,0.1364888800192264,0.028363984005366688,0.10334018630326314,0.11811866667739347,0.000498778897133755,2.5372896129806346,0.3874258322669003,189.86913500901946,147.89071735872048,72.55404409903424,0.0900561003037615,5.629902548378016,1.158167938655531,0.05822335360530699,1.5068493380410306,0.43019671629286715,20.0
83,2,0.125818043923112,0.9447397966522566,0.06443402122414627,8.390775057845484,0.13650470737204792,0.13650470737204792,0.04506496525049411,0.13310383315450025,0.125818043923112,0.0005035922750547037,2.5372896129806346,0.3874258322669003,189.86913500901946,147.89071735872048,72.55404409903424,0.0900561003037615,5.629902548378016,1.158167938655531,0.05822335360530699,1.5068493380410306,0.43019671629286715,20.0
83,3,0.1258180730105991,0.9447296663509922,0.06443403610941784,8.390775057845484,0.13650470737888037,0.13650470737888037,0.04506524954713842,0.13310405208950093,0.1258180730105991,0.0005035922781525104,2.5372896129806346,0.3874258322669003,189.86913500901946,147.89071735872048,72.55404409903424,0.0900561003037615,5.629902548378016,1.158167938655531,0.05822335360530699,1.5068493380410306,0.43019671629286715,20.0
83,4,0.1258180730106023,0.9447296663465232,0.06443403610941947,8.390775057845484,0.13650470737888037,0.13650470737888037,0.04506524954718118,0.13310405208952827,0.1258180730106023,0.0005035922781525108,2.5372896129806346,0.3874258322669003,189.86913500901946,147.89071735872048,72.55404409903424,0.0900561003037615,5.629902548378016,1.158167938655531,0.05822335360530699,1.5068493380410306,0.43019671629286715,20.0
83,5,0.1258180730106023,0.9447296663465232,0.06443403610941947,8.390775057845484,0.13650470737888037,0.13650470737888037,0.04506524954718118,0.13310405208952827,0.1258180730106023,0.0005035922781525108,2.5372896129806346,0.3874258322669003,189.86913500901946,147.89071735872048,72.55404409903424,0.0900561003037615,5.629902548378016,1.158167938655531,0.05822335360530699,1.5068493380410306,0.43019671629286715,20.0
83,6,0.1258180730106023,0.9447296663465232,0.06443403610941947,8.390775057845484,0.13650470737888037,0.13650470737888037,0.04506524954718118,0.13310405208952827,0.1258180730106023,0.0005035922781525108,2.5372896129806346,0.3874258322669003,189.86913500901946,147.89071735872048,72.55404409903424,0.0900561003037615,5.629902548378016,1.158167938655531,0.05822335360530699,1.5068493380410306,0.43019671629286715,20.0
83,7,0.1258180730106023,0.9447296663465232,0.06443403610941947,8.390775057845484,0.13650470737888037,0.13650470737888037,0.04506524954718118,0.13310405208952827,0.1258180730106023,0.0005035922781525108,2.5372896129806346,0.3874258322669003,189.86913500901946,147.89071735872048,72.55404409903424,0.0900561003037615,5.629902548378016,1.158167938655531,0.05822335360530699,1.5068493380410306,0.43019671629286715,20.0
83,8,0.1258180730106023,0.9447296663465232,0.06443403610941947,8.390775057845484,0.13650470737888037,0.13650470737888037,0.04506524954718118,0.13310405208952827,0.1258180730106023,0.0005035922781525108,2.5372896129806346,0.3874258322669003,189.86913500901946,147.89071735872048,72.55404409903424,0.0900561003037615,5.629902548378016,1.158167938655531,0.05822335360530699,1.5068493380410306,0.43019671629286715,20.0
83,9,0.1258180730106023,0.9447296663465232,0.06443403610941947,8.390775057845484,0.13650470737888037,0.13650470737888037,0.04506524954718118,0.13310405208952827,0.1258180730106023,0.0005035922781525108,2.5372896129806346,0.3874258322669003,189.86913500901946,147.89071735872048,72.55404409903424,0.0900561003037615,5.629902548378016,1.158167938655531,0.05822335360530699,1.5068493380410306,0.43019671629286715,20.0
83,10,0.1258180730106023,0.9447296663465232,0.06443403610941947,8.390775057845484,0.13650470737888037,0.13650470737888037,0.04506524954718118,0.13310405208952827,0.1258180730106023,0.0005035922781525108,2.5372896129806346,0.3874258322669003,189.86913500901946,147.89071735872048,72.55404409903424,0.0900561003037615,5.629902548378016,1.158167938655531,0.05822335360530699,1.5068493380410306,0.43019671629286715,20.0
84,1,0.08013048570587154,0.9993711951002167,0.049169588850677695,7.077445088636022,0.080826695360119,0.080826695360119,0.0011332257142600342,0.02597570133937386,0.08013048570587154,2.7903634601837795e-06,2.6609258835049547,0.5346675165105069,121.87990147429443,194.7779023611451,30.575985817664975,0.04300419351558116,2.0978840698374217,1.4727392874468286,0.14807756547595616,1.1057486573138404,0.42491527119539557,20.0
84,2,0.09099085563021757,0.9964985511460129,0.05583090307464183,7.077445088636022,0.08082669637879299,0.08082669637879299,0.006139313798733623,0.06989721600441073,0.09099085563021757,2.791622638141367e-06,2.6609258835049547,0.5346675165105069,121.87990147429443,194.7779023611451,30.575985817664975,0.04300419351558116,2.0978840698374217,1.4727392874468286,0.14807756547595616,1.1057486573138404,0.42491527119539557,20.0
84,3,0.09099085563055113,0.9964985495029829,0.05583090307484615,7.077445088636022,0.08082669637879299,0.08082669637879299,0.0061393138111746764,0.06989721601000544,0.09099085563055113,2.791622638141367e-06,2.6609258835049547,0.5346675165105069,121.87990147429443,194.7779023611451,30.575985817664975,0.04300419351558116,2.0978840698374217,1.4727392874468286,0.14807756547595616,1.1057486573138404,0.42491527119539557,20.0
84,4,0.09099085563055113,0.9964985495029829,0.05583090307484615,7.077445088636022,0.08082669637879299,0.08082669637879299,0.0061393138111746764,0.06989721601000544,0.09099085563055113,2.791622638141367e-06,2.6609258835049547,0.5346675165105069,121.87990147429443,194.7779023611451,30.575985817664975,0.04300419351558116,2.0978840698374217,1.4727392874468286,0.14807756547595616,1.1057486573138404,0.42491527119539557,20.0
84,5,0.09099085563055113,0.9964985495029829,0.05583090307484615,7.077445088636022,0.08082669637879299,0.08082669637879299,0.0061393138111746764,0.06989721601000544,0.09099085563055113,2.791622638141367e-06,2.6609258835049547,0.5346675165105069,121.87990147429443,194.7779023611451,30.575985817664975,0.04300419351558116,2.0978840698374217,1.4727392874468286,0.14807756547595616,1.1057486573138404,0.42491527119539557,20.0
84,6,0.09099085563055113,0.9964985495029829,0.05583090307484615,7.077445088636022,0.08082669637879299,0.08082669637879299,0.0061393138111746764,0.06989721601000544,0.09099085563055113,2.791622638141367e-06,2.6609258835049547,0.5346675165105069,121.87990147429443,194.7779023611451,30.575985817664975,0.04300419351558116,2.0978840698374217,1.4727392874468286,0.14807756547595616,1.1057486573138404,0.42491527119539557,20.0
84,7,0.09099085563055113,0.9964985495029829,0.05583090307484615,7.077445088636022,0.08082669637879299,0.08082669637879299,0.0061393138111746764,0.06989721601000544,0.09099085563055113,2.791622638141367e-06,2.6609258835049547,0.5346675165105069,121.87990147429443,194.7779023611451,30.575985817664975,0.04300419351558116,2.0978840698374217,1.4727392874468286,0.14807756547595616,1.1057486573138404,0.42491527119539557,20.0
84,8,0.09099085563055113,0.9964985495029829,0.05583090307484615,7.077445088636022,0.08082669637879299,0.08082669637879299,0.0061393138111746764,0.06989721601000544,0.09099085563055113,2.791622638141367e-06,2.6609258835049547,0.5346675165105069,121.87990147429443,194.7779023611451,30.575985817664975,0.04300419351558116,2.0978840698374217,1.4727392874468286,0.14807756547595616,1.1057486573138404,0.42491527119539557,20.0
84,9,0.09099085563055113,0.9964985495029829,0.05583090307484615,7.077445088636022,0.08082669637879299,0.08082669637879299,0.0061393138111746764,0.06989721601000544,0.09099085563055113,2.791622638141367e-06,2.6609258835049547,0.5346675165105069,121.87990147429443,194.7779023611451,30.575985817664975,0.04300419351558116,2.0978840698374217,1.4727392874468286,0.14807756547595616,1.1057486573138404,0.42491527119539557,20.0
84,10,0.09099085563055113,0.9964985495029829,0.05583090307484615,7.077445088636022,0.08082669637879299,0.08082669637879299,0.0061393138111746764,0.06989721601000544,0.09099085563055113,2.791622638141367e-06,2.6609258835049547,0.5346675165105069,121.87990147429443,194.7779023611451,30.575985817664975,0.04300419351558116,2.0978840698374217,1.4727392874468286,0.14807756547595616,1.1057486573138404,0.42491527119539557,20.0
85,1,0.04473161502193806,0.9972212969471517,0.03199816887285681,13.209411410938285,0.17681301563230215,0.17681301563230215,0.0028198723196365258,0.05045121205487793,0.04473161502193806,8.386388436235105e-07,7.090081320597962,0.6365940729931981,73.92746955753017,178.15171363174883,58.0741949259449,0.08404433174422449,4.788158685483599,0.3511737157178524,0.11107126106403224,1.1335997754238396,0.4484552940246509,20.0
85,2,0.05413836178104096,0.9878689656407161,0.038724474971517216,13.209411410938285,0.17681301598378538,0.17681301598378538,0.011471063604110848,0.0956500348016577,0.05413836178104096,8.388103541002859e-07,7.090081320597962,0.6365940729931981,73.92746955753017,178.15171363174883,58.0741949259449,0.08404433174422449,4.788158685483599,0.3511737157178524,0.11107126106403224,1.1335997754238396,0.4484552940246509,20.0
85,3,0.054138361781696835,0.9878689652558762,0.038724474971985716,13.209411410938285,0.17681301598378538,0.17681301598378538,0.011471063621712607,0.09565003481107809,0.054138361781696835,8.388103541002864e-07,7.090081320597962,0.6365940729931981,73.92746955753017,178.15171363174883,58.0741949259449,0.08404433174422449,4.788158685483599,0.3511737157178524,0.11107126106403224,1.1335997754238396,0.4484552940246509,20.0
85,4,0.054138361781696835,0.9878689652558762,0.038724474971985716,13.209411410938285,0.17681301598378538,0.17681301598378538,0.011471063621712607,0.09565003481107809,0.054138361781696835,8.388103541002864e-07,7.090081320597962,0.6365940729931981,73.92746955753017,178.15171363174883,58.0741949259449,0.08404433174422449,4.788158685483599,0.3511737157178524,0.11107126106403224,1.1335997754238396,0.4484552940246509,20.0
85,5,0.054138361781696835,0.9878689652558762,0.038724474971985716,13.209411410938285,0.17681301598378538,0.17681301598378538,0.011471063621712607,0.09565003481107809,0.054138361781696835,8.388103541002864e-07,7.090081320597962,0.6365940729931981,73.92746955753017,178.15171363174883,58.0741949259449,0.08404433174422449,4.788158685483599,0.3511737157178524,0.11107126106403224,1.1335997754238396,0.4484552940246509,20.0
85,6,0.054138361781696835,0.9878689652558762,0.038724474971985716,13.209411410938285,0.17681301598378538,0.17681301598378538,0.011471063621712607,0.09565003481107809,0.054138361781696835,8.388103541002864e-07,7.090081320597962,0.6365940729931981,73.92746955753017,178.15171363174883,58.0741949259449,0.08404433174422449,4.788158685483599,0.3511737157178524,0.11107126106403224,1.1335997754238396,0.4484552940246509,20.0
85,7,0.054138361781696835,0.9878689652558762,0.038724474971985716,13.209411410938285,0.17681301598378538,0.17681301598378538,0.011471063621712607,0.09565003481107809,0.054138361781696835,8.388103541002864e-07,7.090081320597962,0.6365940729931981,73.92746955753017,178.15171363174883,58.0741949259449,0.08404433174422449,4.788158685483599,0.3511737157178524,0.11107126106403224,1.1335997754238396,0.4484552940246509,20.0
85,8,0.054138361781696835,0.9878689652558762,0.038724474971985716,13.209411410938285,0.17681301598378538,0.17681301598378538,0.011471063621712607,0.09565003481107809,0.054138361781696835,8.388103541002864e-07,7.090081320597962,0.6365940729931981,73.92746955753017,178.15171363174883,58.0741949259449,0.08404433174422449,4.788158685483599,0.3511737157178524,0.11107126106403224,1.1335997754238396,0.4484552940246509,20.0
85,9,0.054138361781696835,0.9878689652558762,0.038724474971985716,13.209411410938285,0.17681301598378538,0.17681301598378538,0.011471063621712607,0.09565003481107809,0.054138361781696835,8.388103541002864e-07,7.090081320597962,0.6365940729931981,73.92746955753017,178.15171363174883,58.0741949259449,0.08404433174422449,4.788158685483599,0.3511737157178524,0.11107126106403224,1.1335997754238396,0.4484552940246509,20.0
85,10,0.054138361781696835,0.9878689652558762,0.038724474971985716,13.209411410938285,0.17681301598378538,0.17681301598378538,0.011471063621712607,0.09565003481107809,0.054138361781696835,8.388103541002864e-07,7.090081320597962,0.6365940729931981,73.92746955753017,178.15171363174883,58.0741949259449,0.08404433174422449,4.788158685483599,0.3511737157178524,0.11107126106403224,1.1335997754238396,0.4484552940246509,20.0
86,1,0.15940745260145156,0.9999998021107563,0.0712056721360682,14.77171342520838,0.1889899672223097,0.1889899672223097,4.064357273331856e-07,0.00019222235023316593,0.15940745260145156,0.0015385576120815509,5.047591188349158,0.36405538086098804,133.49488592634572,57.37659245987983,66.60964391891517,0.1353560982455033,5.406140858557281,1.3026666030595009,0.09845557772364207,1.408252110500838,0.36350948205395356,20.0
86,2,0.1840263719506058,0.9938092542215162,0.08220269058008346,14.77171342520838,0.1893134154627881,0.1893134154627881,0.0006797704983876035,0.001625375730207923,0.1840263719506058,0.0015900867103296398,5.047591188349158,0.36405538086098804,133.49488592634572,57.37659245987983,66.60964391891517,0.1353560982455033,5.406140858557281,1.3026666030595009,0.09845557772364207,1.408252110500838,0.36350948205395356,20.0
86,3,0.1840334112077525,0.9936330001612684,0.08220583314192378,14.77171342520838,0.18931342015640085,0.18931342015640085,0.0006951184124279326,0.0016436496028327178,0.1840334112077525,0.0015900880083349466,5.047591188349158,0.36405538086098804,133.49488592634572,57.37659245987983,66.60964391891517,0.1353560982455033,5.406140858557281,1.3026666030595009,0.09845557772364207,1.408252110500838,0.36350948205395356,20.0
86,4,0.18403341123944872,0.9936329971000003,0.08220583315606993,14.77171342520838,0.1893134201564084,0.1893134201564084,0.0006951185505991954,0.001643649725937452,0.18403341123944872,0.001590088008337737,5.047591188349158,0.36405538086098804,133.49488592634572,57.37659245987983,66.60964391891517,0.1353560982455033,5.406140858557281,1.3026666030595009,0.09845557772364207,1.408252110500838,0.36350948205395356,20.0
86,5,0.18403341123944872,0.9936329970999951,0.08220583315606995,14.77171342520838,0.1893134201564084,0.1893134201564084,0.0006951185505993323,0.0016436497259375534,0.18403341123944872,0.001590088008337737,5.047591188349158,0.36405538086098804,133.49488592634572,57.37659245987983,66.60964391891517,0.1353560982455033,5.406140858557281,1.3026666030595009,0.09845557772364207,1.408252110500838,0.36350948205395356,20.0
86,6,0.18403341123944872,0.9936329970999951,0.08220583315606995,14.77171342520838,0.1893134201564084,0.1893134201564084,0.0006951185505993323,0.0016436497259375534,0.18403341123944872,0.001590088008337737,5.047591188349158,0.36405538086098804,133.49488592634572,57.37659245987983,66.60964391891517,0.1353560982455033,5.406140858557281,1.3026666030595009,0.09845557772364207,1.408252110500838,0.36350948205395356,20.0
86,7,0.18403341123944872,0.9936329970999951,0.08220583315606995,14.77171342520838,0.1893134201564084,0.1893134201564084,0.0006951185505993323,0.0016436497259375534,0.18403341123944872,0.001590088008337737,5.047591188349158,0.36405538086098804,133.49488592634572,57.37659245987983,66.60964391891517,0.1353560982455033,5.406140858557281,1.3026666030595009,0.09845557772364207,1.408252110500838,0.36350948205395356,20.0
86,8,0.18403341123944872,0.9936329970999951,0.08220583315606995,14.77171342520838,0.1893134201564084,0.1893134201564084,0.0006951185505993323,0.0016436497259375534,0.18403341123944872,0.001590088008337737,5.047591188349158,0.36405538086098804,133.49488592634572,57.37659245987983,66.60964391891517,0.1353560982455033,5.406140858557281,1.3026666030595009,0.09845557772364207,1.408252110500838,0.36350948205395356,20.0
86,9,0.18403341123944872,0.9936329970999951,0.08220583315606995,14.77171342520838,0.1893134201564084,0.1893134201564084,0.0006951185505993323,0.0016436497259375534,0.18403341123944872,0.001590088008337737,5.047591188349158,0.36405538086098804,133.49488592634572,57.37659245987983,66.60964391891517,0.1353560982455033,5.406140858557281,1.3026666030595009,0.09845557772364207,1.408252110500838,0.36350948205395356,20.0
86,10,0.18403341123944872,0.9936329970999951,0.08220583315606995,14.77171342520838,0.1893134201564084,0.1893134201564084,0.0006951185505993323,0.0016436497259375534,0.18403341123944872,0.001590088008337737,5.047591188349158,0.36405538086098804,133.49488592634572,57.37659245987983,66.60964391891517,0.1353560982455033,5.406140858557281,1.3026666030595009,0.09845557772364207,1.408252110500838,0.36350948205395356,20.0
87,1,0.05974401201706695,0.9913969580833675,0.0384677450038703,14.724854880192657,0.2300408870702635,0.2300408870702635,0.008652510059056132,0.1012589386260324,0.05974401201706695,9.409117002720112e-07,7.71738528791984,0.5834123208306791,81.21322226224552,116.12315235224784,67.12223464514096,0.13797707167497464,4.710208139937994,0.392903697182925,0.12810796578054648,1.671680167570916,0.48644528257334463,20.0
87,2,0.06793603921375102,0.9640905564578506,0.04373842229440567,14.724854880192657,0.23004088791290273,0.23004088791290273,0.031576379324387165,0.15941719796737736,0.06793603921375102,9.412648712527612e-07,7.71738528791984,0.5834123208306791,81.21322226224552,116.12315235224784,67.12223464514096,0.13797707167497464,4.710208139937994,0.392903697182925,0.12810796578054648,1.671680167570916,0.48644528257334463,20.0
87,3,0.0679360392143074,0.9640905557295967,0.043738422294763254,14.724854880192657,0.23004088791290273,0.23004088791290273,0.03157637934580042,0.1594171979754375,0.0679360392143074,9.412648712527629e-07,7.71738528791984,0.5834123208306791,81.21322226224552,116.12315235224784,67.12223464514096,0.13797707167497464,4.710208139937994,0.392903697182925,0.12810796578054648,1.671680167570916,0.48644528257334463,20.0
87,4,0.0679360392143074,0.9640905557295967,0.043738422294763254,14.724854880192657,0.23004088791290273,0.23004088791290273,0.03157637934580042,0.1594171979754375,0.0679360392143074,9.412648712527629e-07,7.71738528791984,0.5834123208306791,81.21322226224552,116.12315235224784,67.12223464514096,0.13797707167497464,4.710208139937994,0.392903697182925,0.12810796578054648,1.671680167570916,0.48644528257334463,20.0
87,5,0.0679360392143074,0.9640905557295967,0.043738422294763254,14.724854880192657,0.23004088791290273,0.23004088791290273,0.03157637934580042,0.1594171979754375,0.0679360392143074,9.412648712527629e-07,7.71738528791984,0.5834123208306791,81.21322226224552,116.12315235224784,67.12223464514096,0.13797707167497464,4.710208139937994,0.392903697182925,0.12810796578054648,1.671680167570916,0.48644528257334463,20.0
87,6,0.0679360392143074,0.9640905557295967,0.043738422294763254,14.724854880192657,0.23004088791290273,0.23004088791290273,0.03157637934580042,0.1594171979754375,0.0679360392143074,9.412648712527629e-07,7.71738528791984,0.5834123208306791,81.21322226224552,116.12315235224784,67.12223464514096,0.13797707167497464,4.710208139937994,0.392903697182925,0.12810796578054648,1.671680167570916,0.48644528257334463,20.0
87,7,0.0679360392143074,0.9640905557295967,0.043738422294763254,14.724854880192657,0.23004088791290273,0.23004088791290273,0.03157637934580042,0.1594171979754375,0.0679360392143074,9.412648712527629e-07,7.71738528791984,0.5834123208306791,81.21322226224552,116.12315235224784,67.12223464514096,0.13797707167497464,4.710208139937994,0.392903697182925,0.12810796578054648,1.671680167570916,0.48644528257334463,20.0
87,8,0.0679360392143074,0.9640905557295967,0.043738422294763254,14.724854880192657,0.23004088791290273,0.23004088791290273,0.03157637934580042,0.1594171979754375,0.0679360392143074,9.412648712527629e-07,7.71738528791984,0.5834123208306791,81.21322226224552,116.12315235224784,67.12223464514096,0.13797707167497464,4.710208139937994,0.392903697182925,0.12810796578054648,1.671680167570916,0.48644528257334463,20.0
87,9,0.0679360392143074,0.9640905557295967,0.043738422294763254,14.724854880192657,0.23004088791290273,0.23004088791290273,0.03157637934580042,0.1594171979754375,0.0679360392143074,9.412648712527629e-07,7.71738528791984,0.5834123208306791,81.21322226224552,116.12315235224784,67.12223464514096,0.13797707167497464,4.710208139937994,0.392903697182925,0.12810796578054648,1.671680167570916,0.48644528257334463,20.0
87,10,0.0679360392143074,0.9640905557295967,0.043738422294763254,14.724854880192657,0.23004088791290273,0.23004088791290273,0.03157637934580042,0.1594171979754375,0.0679360392143074,9.412648712527629e-07,7.71738528791984,0.5834123208306791,81.21322226224552,116.12315235224784,67.12223464514096,0.13797707167497464,4.710208139937994,0.392903697182925,0.12810796578054648,1.671680167570916,0.48644528257334463,20.0
88,1,0.05620764207090973,0.9402369116101641,0.03428729841338027,8.250668254821848,0.14353940246616173,0.14353940246616173,0.03379888266607953,0.13538308728970397,0.05620764207090973,0.00020614746659183646,6.768940308722736,0.9383392248026372,69.89943236748975,66.48783437691895,74.40889322377208,0.07572871871724031,3.7949734458852586,0.22662075369400614,0.11813234463274458,0.7257019171264222,0.32167284624457976,20.0
88,2,0.06294770847459356,0.8525772022234775,0.03839615820346229,8.250668254821848,0.14353951444467605,0.14353951444467605,0.07017643040437685,0.17580165037980724,0.06294770847459356,0.00020623533248955198,6.768940308722736,0.9383392248026372,69.89943236748975,66.48783437691895,74.40889322377208,0.07572871871724031,3.7949734458852586,0.22662075369400614,0.11813234463274458,0.7257019171264222,0.32167284624457976,20.0
88,3,0.06294770861421943,0.8525770329525462,0.03839615828851119,8.250668254821848,0.14353951444467627,0.14353951444467627,0.07017643502368474,0.1758016518503589,0.06294770861421943,0.0002062353324898033,6.768940308722736,0.9383392248026372,69.89943236748975,66.48783437691895,74.40889322377208,0.07572871871724031,3.7949734458852586,0.22662075369400614,0.11813234463274458,0.7257019171264222,0.32167284624457976,20.0
88,4,0.06294770861421943,0.8525770329525457,0.03839615828851119,8.250668254821848,0.14353951444467627,0.14353951444467627,0.07017643502368476,0.1758016518503589,0.06294770861421943,0.0002062353324898033,6.768940308722736,0.9383392248026372,69.89943236748975,66.48783437691895,74.40889322377208,0.07572871871724031,3.7949734458852586,0.22662075369400614,0.11813234463274458,0.7257019171264222,0.32167284624457976,20.0
88,5,0.06294770861421943,0.8525770329525457,0.03839615828851119,8.250668254821848,0.14353951444467627,0.14353951444467627,0.07017643502368476,0.1758016518503589,0.06294770861421943,0.0002062353324898033,6.768940308722736,0.9383392248026372,69.89943236748975,66.48783437691895,74.40889322377208,0.07572871871724031,3.7949734458852586,0.22662075369400614,0.11813234463274458,0.7257019171264222,0.32167284624457976,20.0
88,6,0.06294770861421943,0.8525770329525457,0.03839615828851119,8.250668254821848,0.14353951444467627,0.14353951444467627,0.07017643502368476,0.1758016518503589,0.06294770861421943,0.0002062353324898033,6.768940308722736,0.9383392248026372,69.89943236748975,66.48783437691895,74.40889322377208,0.07572871871724031,3.7949734458852586,0.22662075369400614,0.11813234463274458,0.7257019171264222,0.32167284624457976,20.0
88,7,0.06294770861421943,0.8525770329525457,0.03839615828851119,8.250668254821848,0.14353951444467627,0.14353951444467627,0.07017643502368476,0.1758016518503589,0.06294770861421943,0.0002062353324898033,6.768940308722736,0.9383392248026372,69.89943236748975,66.48783437691895,74.40889322377208,0.07572871871724031,3.7949734458852586,0.22662075369400614,0.11813234463274458,0.7257019171264222,0.32167284624457976,20.0
88,8,0.06294770861421943,0.8525770329525457,0.03839615828851119,8.250668254821848,0.14353951444467627,0.14353951444467627,0.07017643502368476,0.1758016518503589,0.06294770861421943,0.0002062353324898033,6.768940308722736,0.9383392248026372,69.89943236748975,66.48783437691895,74.40889322377208,0.07572871871724031,3.7949734458852586,0.22662075369400614,0.11813234463274458,0.7257019171264222,0.32167284624457976,20.0
88,9,0.06294770861421943,0.8525770329525457,0.03839615828851119,8.250668254821848,0.14353951444467627,0.14353951444467627,0.07017643502368476,0.1758016518503589,0.06294770861421943,0.0002062353324898033,6.768940308722736,0.9383392248026372,69.89943236748975,66.48783437691895,74.40889322377208,0.07572871871724031,3.7949734458852586,0.22662075369400614,0.11813234463274458,0.7257019171264222,0.32167284624457976,20.0
88,10,0.06294770861421943,0.8525770329525457,0.03839615828851119,8.250668254821848,0.14353951444467627,0.14353951444467627,0.07017643502368476,0.1758016518503589,0.06294770861421943,0.0002062353324898033,6.768940308722736,0.9383392248026372,69.89943236748975,66.48783437691895,74.40889322377208,0.07572871871724031,3.7949734458852586,0.22662075369400614,0.11813234463274458,0.7257019171264222,0.32167284624457976,20.0
89,1,0.04255615149864351,0.34439763643393106,0.020150285848646515,8.831395675935571,0.37784509637588154,0.37784509637588154,0.14886910821419574,0.17771575172058654,0.04255615149864351,0.0012247123863674348,4.606735006877604,0.6180266860931604,163.86958616958478,109.84890721610599,55.79294202033381,0.14490809707008206,3.867138680340707,0.8680943202451104,0.09476297456241932,0.8989932313213208,0.44093622781730785,20.0
89,2,0.04258030982921164,0.30070722860135624,0.020161714561376585,8.831395675935571,0.3778450969872055,0.3778450969872055,0.14961302190638892,0.17795910154364813,0.04258030982921164,0.00122471256235993,4.606735006877604,0.6180266860931604,163.86958616958478,109.84890721610599,55.79294202033381,0.14490809707008206,3.867138680340707,0.8680943202451104,0.09476297456241932,0.8989932313213208,0.44093622781730785,20.0
89,3,0.04258030982921197,0.30070722854409815,0.020161714561376744,8.831395675935571,0.3778450969872055,0.3778450969872055,0.14961302190640585,0.1779591015436521,0.04258030982921197,0.00122471256235993,4.606735006877604,0.6180266860931604,163.86958616958478,109.84890721610599,55.79294202033381,0.14490809707008206,3.867138680340707,0.8680943202451104,0.09476297456241932,0.8989932313213208,0.44093622781730785,20.0
89,4,0.04258030982921197,0.30070722854409815,0.020161714561376744,8.831395675935571,0.3778450969872055,0.3778450969872055,0.14961302190640585,0.1779591015436521,0.04258030982921197,0.00122471256235993,4.606735006877604,0.6180266860931604,163.86958616958478,109.84890721610599,55.79294202033381,0.14490809707008206,3.867138680340707,0.8680943202451104,0.09476297456241932,0.8989932313213208,0.44093622781730785,20.0
89,5,0.04258030982921197,0.30070722854409815,0.020161714561376744,8.831395675935571,0.3778450969872055,0.3778450969872055,0.14961302190640585,0.1779591015436521,0.04258030982921197,0.00122471256235993,4.606735006877604,0.6180266860931604,163.86958616958478,109.84890721610599,55.79294202033381,0.14490809707008206,3.867138680340707,0.8680943202451104,0.09476297456241932,0.8989932313213208,0.44093622781730785,20.0
89,6,0.04258030982921197,0.30070722854409815,0.020161714561376744,8.831395675935571,0.3778450969872055,0.3778450969872055,0.14961302190640585,0.1779591015436521,0.04258030982921197,0.00122471256235993,4.606735006877604,0.6180266860931604,163.86958616958478,109.84890721610599,55.79294202033381,0.14490809707008206,3.867138680340707,0.8680943202451104,0.09476297456241932,0.8989932313213208,0.44093622781730785,20.0
89,7,0.04258030982921197,0.30070722854409815,0.020161714561376744,8.831395675935571,0.3778450969872055,0.3778450969872055,0.14961302190640585,0.1779591015436521,0.04258030982921197,0.00122471256235993,4.606735006877604,0.6180266860931604,163.86958616958478,109.84890721610599,55.79294202033381,0.14490809707008206,3.867138680340707,0.8680943202451104,0.09476297456241932,0.8989932313213208,0.44093622781730785,20.0
89,8,0.04258030982921197,0.30070722854409815,0.020161714561376744,8.831395675935571,0.3778450969872055,0.3778450969872055,0.14961302190640585,0.1779591015436521,0.04258030982921197,0.00122471256235993,4.606735006877604,0.6180266860931604,163.86958616958478,109.84890721610599,55.79294202033381,0.14490809707008206,3.867138680340707,0.8680943202451104,0.09476297456241932,0.8989932313213208,0.44093622781730785,20.0
89,9,0.04258030982921197,0.30070722854409815,0.020161714561376744,8.831395675935571,0.3778450969872055,0.3778450969872055,0.14961302190640585,0.1779591015436521,0.04258030982921197,0.00122471256235993,4.606735006877604,0.6180266860931604,163.86958616958478,109.84890721610599,55.79294202033381,0.14490809707008206,3.867138680340707,0.8680943202451104,0.09476297456241932,0.8989932313213208,0.44093622781730785,20.0
89,10,0.04258030982921197,0.30070722854409815,0.020161714561376744,8.831395675935571,0.3778450969872055,0.3778450969872055,0.14961302190640585,0.1779591015436521,0.04258030982921197,0.00122471256235993,4.606735006877604,0.6180266860931604,163.86958616958478,109.84890721610599,55.79294202033381,0.14490809707008206,3.867138680340707,0.8680943202451104,0.09476297456241932,0.8989932313213208,0.44093622781730785,20.0
90,1,0.019782402983156002,0.9999999996591779,0.014047272082260684,9.304298785515469,0.09551424111277577,0.09551424111277577,1.1128792901425545e-13,8.736431036173846e-10,0.019782402983156002,0.006217335732491212,5.228765663323079,0.648608262964064,40.508876623203435,100.13925512435644,48.27811663268744,0.027601259741235763,2.6431733656690573,1.1315619681240376,0.04330980795854552,1.5598639448478404,0.4804110859390083,20.0
90,2,0.046723666762423344,0.9651471233238432,0.03317989852072798,9.304298785515469,0.11962730486965198,0.11962730486965198,0.006149067295193717,0.010134295864782643,0.046723666762423344,0.010242117761841502,5.228765663323079,0.648608262964064,40.508876623203435,100.13925512435644,48.27811663268744,0.027601259741235763,2.6431733656690573,1.1315619681240376,0.04330980795854552,1.5598639448478404,0.4804110859390083,20.0
90,3,0.05389192146433539,0.9514703927915756,0.03827059304486689,9.304298785515469,0.12079286728482375,0.12079286728482375,0.00990945782151438,0.015959143767752565,0.05389192146433539,0.010613267904497988,5.228765663323079,0.648608262964064,40.508876623203435,100.13925512435644,48.27811663268744,0.027601259741235763,2.6431733656690573,1.1315619681240376,0.04330980795854552,1.5598639448478404,0.4804110859390083,20.0
90,4,0.054192291132278615,0.9501917162001813,0.03848389086207759,9.304298785515469,0.12081297214243944,0.12081297214243944,0.01021472653737615,0.016372141371629102,0.054192291132278615,0.010621931800042502,5.228765663323079,0.648608262964064,40.508876623203435,100.13925512435644,48.27811663268744,0.027601259741235763,2.6431733656690573,1.1315619681240376,0.04330980795854552,1.5598639448478404,0.4804110859390083,20.0
90,5,0.05419687599968641,0.9501614363803832,0.03848714646202836,9.304298785515469,0.12081315708236336,0.12081315708236336,0.010221254248450164,0.016380232358168843,0.05419687599968641,0.010622027749894103,5.228765663323079,0.648608262964064,40.508876623203435,100.13925512435644,48.27811663268744,0.027601259741235763,2.6431733656690573,1.1315619681240376,0.04330980795854552,1.5598639448478404,0.4804110859390083,20.0
90,6,0.05419691421722064,0.9501611018845102,0.03848717359807401,9.304298785515469,0.12081315818481748,0.12081315818481748,0.010221321903225979,0.016380310993909304,0.05419691421722064,0.010622028401145565,5.228765663323079,0.648608262964064,40.508876623203435,100.13925512435644,48.27811663268744,0.027601259741235763,2.6431733656690573,1.1315619681240376,0.04330980795854552,1.5598639448478404,0.4804110859390083,20.0
90,7,0.05419691442723935,0.9501610996331368,0.03848717374719043,9.304298785515469,0.12081315818957453,0.12081315818957453,0.010221322338476179,0.016380311474801162,0.05419691442723935,0.010622028404244144,5.228765663323079,0.648608262964064,40.508876623203435,100.13925512435644,48.27811663268744,0.027601259741235763,2.6431733656690573,1.1315619681240376,0.04330980795854552,1.5598639448478404,0.4804110859390083,20.0
90,8,0.054196914428085344,0.9501610996225311,0.03848717374779108,9.304298785515469,0.12081315818959042,0.12081315818959042,0.010221322340456172,0.016380311476899626,0.054196914428085344,0.010622028404255359,5.228765663323079,0.648608262964064,40.508876623203435,100.13925512435644,48.27811663268744,0.027601259741235763,2.6431733656690573,1.1315619681240376,0.04330980795854552,1.5598639448478404,0.4804110859390083,20.0
90,9,0.054196914428088015,0.950161099622493,0.038487173747792966,9.304298785515469,0.12081315818959049,0.12081315818959049,0.010221322340463058,0.016380311476906672,0.054196914428088015,0.010622028404255395,5.228765663323079,0.648608262964064,40.508876623203435,100.13925512435644,48.27811663268744,0.027601259741235763,2.6431733656690573,1.1315619681240376,0.04330980795854552,1.5598639448478404,0.4804110859390083,20.0
90,10,0.05419691442808803,0.950161099622493,0.038487173747792966,9.304298785515469,0.12081315818959049,0.12081315818959049,0.010221322340463083,0.016380311476906696,0.05419691442808803,0.010622028404255397,5.228765663323079,0.648608262964064,40.508876623203435,100.13925512435644,48.27811663268744,0.027601259741235763,2.6431733656690573,1.1315619681240376,0.04330980795854552,1.5598639448478404,0.4804110859390083,20.0
91,1,0.056592050342493164,0.9999947232093157,0.038124799598357406,11.8413979740842,0.18416456632045577,0.18416456632045577,9.083503675988679e-06,0.004175997620119627,0.056592050342493164,7.122470604410483e-08,4.902637475300708,0.4798670334449238,71.15081984743395,136.73967716116306,51.468595015516144,0.09743061351620352,3.6544394540294336,0.9799699859563724,0.1568119367028599,1.0207865542105377,0.3838758737869197,20.0
91,2,0.07200642224883945,0.9999242744669392,0.048507773403721255,11.8413979740842,0.184164568277935,0.184164568277935,0.00013428535626537448,0.019109712175975513,0.07200642224883945,7.216445558483335e-08,4.902637475300708,0.4798670334449238,71.15081984743395,136.73967716116306,51.468595015516144,0.09743061351620352,3.6544394540294336,0.9799699859563724,0.1568119367028599,1.0207865542105377,0.3838758737869197,20.0
91,3,0.07200642225429706,0.9999242724431462,0.04850777340739203,11.8413979740842,0.184164568277935,0.184164568277935,0.00013428546024602984,0.01910971223738723,0.07200642225429706,7.216445558483475e-08,4.902637475300708,0.4798670334449238,71.15081984743395,136.73967716116306,51.468595015516144,0.09743061351620352,3.6544394540294336,0.9799699859563724,0.1568119367028599,1.0207865542105377,0.3838758737869197,20.0
91,4,0.07200642225429706,0.9999242724431462,0.04850777340739203,11.8413979740842,0.184164568277935,0.184164568277935,0.00013428546024602984,0.01910971223738723,0.07200642225429706,7.216445558483475e-08,4.902637475300708,0.4798670334449238,71.15081984743395,136.73967716116306,51.468595015516144,0.09743061351620352,3.6544394540294336,0.9799699859563724,0.1568119367028599,1.0207865542105377,0.3838758737869197,20.0
91,5,0.07200642225429706,0.9999242724431462,0.04850777340739203,11.8413979740842,0.184164568277935,0.184164568277935,0.00013428546024602984,0.01910971223738723,0.07200642225429706,7.216445558483475e-08,4.902637475300708,0.4798670334449238,71.15081984743395,136.73967716116306,51.468595015516144,0.09743061351620352,3.6544394540294336,0.9799699859563724,0.1568119367028599,1.0207865542105377,0.3838758737869197,20.0
91,6,0.07200642225429706,0.9999242724431462,0.04850777340739203,11.8413979740842,0.184164568277935,0.184164568277935,0.00013428546024602984,0.01910971223738723,0.07200642225429706,7.216445558483475e-08,4.902637475300708,0.4798670334449238,71.15081984743395,136.73967716116306,51.468595015516144,0.09743061351620352,3.6544394540294336,0.9799699859563724,0.1568119367028599,1.0207865542105377,0.3838758737869197,20.0
91,7,0.07200642225429706,0.9999242724431462,0.04850777340739203,11.8413979740842,0.184164568277935,0.184164568277935,0.00013428546024602984,0.01910971223738723,0.07200642225429706,7.216445558483475e-08,4.902637475300708,0.4798670334449238,71.15081984743395,136.73967716116306,51.468595015516144,0.09743061351620352,3.6544394540294336,0.9799699859563724,0.1568119367028599,1.0207865542105377,0.3838758737869197,20.0
91,8,0.07200642225429706,0.9999242724431462,0.04850777340739203,11.8413979740842,0.184164568277935,0.184164568277935,0.00013428546024602984,0.01910971223738723,0.07200642225429706,7.216445558483475e-08,4.902637475300708,0.4798670334449238,71.15081984743395,136.73967716116306,51.468595015516144,0.09743061351620352,3.6544394540294336,0.9799699859563724,0.1568119367028599,1.0207865542105377,0.3838758737869197,20.0
91,9,0.07200642225429706,0.9999242724431462,0.04850777340739203,11.8413979740842,0.184164568277935,0.184164568277935,0.00013428546024602984,0.01910971223738723,0.07200642225429706,7.216445558483475e-08,4.902637475300708,0.4798670334449238,71.15081984743395,136.73967716116306,51.468595015516144,0.09743061351620352,3.6544394540294336,0.9799699859563724,0.1568119367028599,1.0207865542105377,0.3838758737869197,20.0
91,10,0.07200642225429706,0.9999242724431462,0.04850777340739203,11.8413979740842,0.184164568277935,0.184164568277935,0.00013428546024602984,0.01910971223738723,0.07200642225429706,7.216445558483475e-08,4.902637475300708,0.4798670334449238,71.15081984743395,136.73967716116306,51.468595015516144,0.09743061351620352,3.6544394540294336,0.9799699859563724,0.1568119367028599,1.0207865542105377,0.3838758737869197,20.0
92,1,0.07106454688910795,0.59744950669717,0.032825557919184026,5.002213787386181,0.40175589967985303,0.40175589967985303,0.12216485735903111,0.1549568116159037,0.07106454688910795,0.004143451144727551,3.412504277507809,0.8372742144567706,116.44104459273211,68.02511921784864,49.246365347586796,0.1462015918147985,4.867233740215678,1.0615596583310094,0.06597002102572116,0.6701007304830608,0.370800609286568,20.0
92,2,0.07271224722388639,0.5081425728608538,0.033586295342274836,5.002213787386181,0.4018269861072194,0.4018269861072194,0.13536768375603722,0.1622054720985456,0.07271224722388639,0.004156536063751903,3.412504277507809,0.8372742144567706,116.44104459273211,68.02511921784864,49.246365347586796,0.1462015918147985,4.867233740215678,1.0615596583310094,0.06597002102572116,0.6701007304830608,0.370800609286568,20.0
92,3,0.07271227075078485,0.5081274618762748,0.03358630620166294,5.002213787386181,0.4018269864842575,0.4018269864842575,0.1353680079861097,0.1622056050680761,0.07271227075078485,0.004156536153821078,3.412504277507809,0.8372742144567706,116.44104459273211,68.02511921784864,49.246365347586796,0.1462015918147985,4.867233740215678,1.0615596583310094,0.06597002102572116,0.6701007304830608,0.370800609286568,20.0
92,4,0.07271227075084429,0.5081274617957862,0.033586306201690376,5.002213787386181,0.4018269864842582,0.4018269864842582,0.1353680079870734,0.1622056050684377,0.07271227075084429,0.004156536153821251,3.412504277507809,0.8372742144567706,116.44104459273211,68.02511921784864,49.246365347586796,0.1462015918147985,4.867233740215678,1.0615596583310094,0.06597002102572116,0.6701007304830608,0.370800609286568,20.0
92,5,0.07271227075084429,0.5081274617957859,0.033586306201690376,5.002213787386181,0.4018269864842582,0.4018269864842582,0.1353680079870734,0.1622056050684377,0.07271227075084429,0.004156536153821251,3.412504277507809,0.8372742144567706,116.44104459273211,68.02511921784864,49.246365347586796,0.1462015918147985,4.867233740215678,1.0615596583310094,0.06597002102572116,0.6701007304830608,0.370800609286568,20.0
92,6,0.07271227075084429,0.5081274617957859,0.033586306201690376,5.002213787386181,0.4018269864842582,0.4018269864842582,0.1353680079870734,0.1622056050684377,0.07271227075084429,0.004156536153821251,3.412504277507809,0.8372742144567706,116.44104459273211,68.02511921784864,49.246365347586796,0.1462015918147985,4.867233740215678,1.0615596583310094,0.06597002102572116,0.6701007304830608,0.370800609286568,20.0
92,7,0.07271227075084429,0.5081274617957859,0.033586306201690376,5.002213787386181,0.4018269864842582,0.4018269864842582,0.1353680079870734,0.1622056050684377,0.07271227075084429,0.004156536153821251,3.412504277507809,0.8372742144567706,116.44104459273211,68.02511921784864,49.246365347586796,0.1462015918147985,4.867233740215678,1.0615596583310094,0.06597002102572116,0.6701007304830608,0.370800609286568,20.0
92,8,0.07271227075084429,0.5081274617957859,0.033586306201690376,5.002213787386181,0.4018269864842582,0.4018269864842582,0.1353680079870734,0.1622056050684377,0.07271227075084429,0.004156536153821251,3.412504277507809,0.8372742144567706,116.44104459273211,68.02511921784864,49.246365347586796,0.1462015918147985,4.867233740215678,1.0615596583310094,0.06597002102572116,0.6701007304830608,0.370800609286568,20.0
92,9,0.07271227075084429,0.5081274617957859,0.033586306201690376,5.002213787386181,0.4018269864842582,0.4018269864842582,0.1353680079870734,0.1622056050684377,0.07271227075084429,0.004156536153821251,3.412504277507809,0.8372742144567706,116.44104459273211,68.02511921784864,49.246365347586796,0.1462015918147985,4.867233740215678,1.0615596583310094,0.06597002102572116,0.6701007304830608,0.370800609286568,20.0
92,10,0.07271227075084429,0.5081274617957859,0.033586306201690376,5.002213787386181,0.4018269864842582,0.4018269864842582,0.1353680079870734,0.1622056050684377,0.07271227075084429,0.004156536153821251,3.412504277507809,0.8372742144567706,116.44104459273211,68.02511921784864,49.246365347586796,0.1462015918147985,4.867233740215678,1.0615596583310094,0.06597002102572116,0.6701007304830608,0.370800609286568,20.0
93,1,0.09765997075683028,0.7257905719390914,0.04452320947465154,7.293223084608229,0.1781739481789814,0.1781739481789814,0.10131196711522783,0.15439799354893413,0.09765997075683028,0.004432712003803956,5.33163296163446,0.8484744196010678,156.91738680731657,53.498699647876236,94.88971534520816,0.05920019017029973,2.758389850402403,0.9091547750505051,0.03639352215856281,0.743755720716157,0.41201638456700473,20.0
93,2,0.10138903302617285,0.6522526081397779,0.04622283668825673,7.293223084608229,0.17860876957982513,0.17860876957982513,0.11634165889471594,0.1664064607689724,0.10138903302617285,0.004522417910252595,5.33163296163446,0.8484744196010678,156.91738680731657,53.498699647876236,94.88971534520816,0.05920019017029973,2.758389850402403,0.9091547750505051,0.03639352215856281,0.743755720716157,0.41201638456700473,20.0
93,3,0.10139068062934384,0.6520616673622627,0.046223587531833726,7.293223084608229,0.17860887819036858,0.17860887819036858,0.11635173052473433,0.1664130888704615,0.10139068062934384,0.004522448057721445,5.33163296163446,0.8484744196010678,156.91738680731657,53.498699647876236,94.88971534520816,0.05920019017029973,2.758389850402403,0.9091547750505051,0.03639352215856281,0.743755720716157,0.41201638456700473,20.0
93,4,0.10139068086333439,0.652061618500012,0.04622358763846246,7.293223084608229,0.17860887820263724,0.17860887820263724,0.11635173215755654,0.16641308987992182,0.10139068086333439,0.004522448061614547,5.33163296163446,0.8484744196010678,156.91738680731657,53.498699647876236,94.88971534520816,0.05920019017029973,2.758389850402403,0.9091547750505051,0.03639352215856281,0.743755720716157,0.41201638456700473,20.0
93,5,0.1013906808633536,0.6520616184944502,0.04622358763847121,7.293223084608229,0.17860887820263813,0.17860887820263813,0.11635173215770034,0.1664130898800077,0.1013906808633536,0.004522448061614853,5.33163296163446,0.8484744196010678,156.91738680731657,53.498699647876236,94.88971534520816,0.05920019017029973,2.758389850402403,0.9091547750505051,0.03639352215856281,0.743755720716157,0.41201638456700473,20.0
93,6,0.1013906808633536,0.6520616184944498,0.04622358763847121,7.293223084608229,0.17860887820263813,0.17860887820263813,0.11635173215770035,0.1664130898800077,0.1013906808633536,0.004522448061614853,5.33163296163446,0.8484744196010678,156.91738680731657,53.498699647876236,94.88971534520816,0.05920019017029973,2.758389850402403,0.9091547750505051,0.03639352215856281,0.743755720716157,0.41201638456700473,20.0
93,7,0.1013906808633536,0.6520616184944498,0.04622358763847121,7.293223084608229,0.17860887820263813,0.17860887820263813,0.11635173215770035,0.1664130898800077,0.1013906808633536,0.004522448061614853,5.33163296163446,0.8484744196010678,156.91738680731657,53.498699647876236,94.88971534520816,0.05920019017029973,2.758389850402403,0.9091547750505051,0.03639352215856281,0.743755720716157,0.41201638456700473,20.0
93,8,0.1013906808633536,0.6520616184944498,0.04622358763847121,7.293223084608229,0.17860887820263813,0.17860887820263813,0.11635173215770035,0.1664130898800077,0.1013906808633536,0.004522448061614853,5.33163296163446,0.8484744196010678,156.91738680731657,53.498699647876236,94.88971534520816,0.05920019017029973,2.758389850402403,0.9091547750505051,0.03639352215856281,0.743755720716157,0.41201638456700473,20.0
93,9,0.1013906808633536,0.6520616184944498,0.04622358763847121,7.293223084608229,0.17860887820263813,0.17860887820263813,0.11635173215770035,0.1664130898800077,0.1013906808633536,0.004522448061614853,5.33163296163446,0.8484744196010678,156.91738680731657,53.498699647876236,94.88971534520816,0.05920019017029973,2.758389850402403,0.9091547750505051,0.03639352215856281,0.743755720716157,0.41201638456700473,20.0
93,10,0.1013906808633536,0.6520616184944498,0.04622358763847121,7.293223084608229,0.17860887820263813,0.17860887820263813,0.11635173215770035,0.1664130898800077,0.1013906808633536,0.004522448061614853,5.33163296163446,0.8484744196010678,156.91738680731657,53.498699647876236,94.88971534520816,0.05920019017029973,2.758389850402403,0.9091547750505051,0.03639352215856281,0.743755720716157,0.41201638456700473,20.0
94,1,0.07188996966180432,0.6818126522155825,0.03656328269562248,16.77739017549215,0.5048502052403168,0.5048502052403168,0.1012068093799988,0.11724514890524981,0.07188996966180432,0.0057586599990953075,5.868115171304165,0.37623004067138904,124.6857835220655,86.18918948056782,63.67029806029912,0.10483993607350739,4.743874391835236,1.440696353909181,0.029504391436961215,0.5223659877237297,0.43418582734618094,20.0
94,2,0.07574560377764922,0.605651761379495,0.03852388862446946,16.77739017549215,0.506569873584439,0.506569873584439,0.11654431649681798,0.12799582687980457,0.07574560377764922,0.005859075522674159,5.868115171304165,0.37623004067138904,124.6857835220655,86.18918948056782,63.67029806029912,0.10483993607350739,4.743874391835236,1.440696353909181,0.029504391436961215,0.5223659877237297,0.43418582734618094,20.0
94,3,0.07575082158065818,0.6053777985526235,0.038526541654219794,16.77739017549215,0.5065716796717281,0.5065716796717281,0.11657126536457547,0.12801330022225998,0.07575082158065818,0.005859213667053729,5.868115171304165,0.37623004067138904,124.6857835220655,86.18918948056782,63.67029806029912,0.10483993607350739,4.743874391835236,1.440696353909181,0.029504391436961215,0.5223659877237297,0.43418582734618094,20.0
94,4,0.07575082564868446,0.6053774980501481,0.03852654372255991,16.77739017549215,0.5065716809247727,0.5065716809247727,0.1165712884165793,0.12801331476557187,0.07575082564868446,0.0058592137764300585,5.868115171304165,0.37623004067138904,124.6857835220655,86.18918948056782,63.67029806029912,0.10483993607350739,4.743874391835236,1.440696353909181,0.029504391436961215,0.5223659877237297,0.43418582734618094,20.0
94,5,0.07575082565105191,0.6053774978374565,0.03852654372376359,16.77739017549215,0.5065716809254521,0.5065716809254521,0.11657128843071811,0.12801331477434574,0.07575082565105191,0.00585921377649444,5.868115171304165,0.37623004067138904,124.6857835220655,86.18918948056782,63.67029806029912,0.10483993607350739,4.743874391835236,1.440696353909181,0.029504391436961215,0.5223659877237297,0.43418582734618094,20.0
94,6,0.07575082565105305,0.6053774978373397,0.03852654372376418,16.77739017549215,0.5065716809254525,0.5065716809254525,0.11657128843072524,0.1280133147743501,0.07575082565105305,0.005859213776494472,5.868115171304165,0.37623004067138904,124.6857835220655,86.18918948056782,63.67029806029912,0.10483993607350739,4.743874391835236,1.440696353909181,0.029504391436961215,0.5223659877237297,0.43418582734618094,20.0
94,7,0.07575082565105305,0.6053774978373397,0.03852654372376418,16.77739017549215,0.5065716809254525,0.5065716809254525,0.11657128843072524,0.1280133147743501,0.07575082565105305,0.005859213776494472,5.868115171304165,0.37623004067138904,124.6857835220655,86.18918948056782,63.67029806029912,0.10483993607350739,4.743874391835236,1.440696353909181,0.029504391436961215,0.5223659877237297,0.43418582734618094,20.0
94,8,0.07575082565105305,0.6053774978373397,0.03852654372376418,16.77739017549215,0.5065716809254525,0.5065716809254525,0.11657128843072524,0.1280133147743501,0.07575082565105305,0.005859213776494472,5.868115171304165,0.37623004067138904,124.6857835220655,86.18918948056782,63.67029806029912,0.10483993607350739,4.743874391835236,1.440696353909181,0.029504391436961215,0.5223659877237297,0.43418582734618094,20.0
94,9,0.07575082565105305,0.6053774978373397,0.03852654372376418,16.77739017549215,0.5065716809254525,0.5065716809254525,0.11657128843072524,0.1280133147743501,0.07575082565105305,0.005859213776494472,5.868115171304165,0.37623004067138904,124.6857835220655,86.18918948056782,63.67029806029912,0.10483993607350739,4.743874391835236,1.440696353909181,0.029504391436961215,0.5223659877237297,0.43418582734618094,20.0
94,10,0.07575082565105305,0.6053774978373397,0.03852654372376418,16.77739017549215,0.5065716809254525,0.5065716809254525,0.11657128843072524,0.1280133147743501,0.07575082565105305,0.005859213776494472,5.868115171304165,0.37623004067138904,124.6857835220655,86.18918948056782,63.67029806029912,0.10483993607350739,4.743874391835236,1.440696353909181,0.029504391436961215,0.5223659877237297,0.43418582734618094,20.0
95,1,0.1756094962672865,0.9073519529314942,0.059967643888034376,3.512929824218043,0.22278818561199082,0.22278818561199082,0.05982596587183347,0.14825851346895058,0.1756094962672865,0.02044434096669145,2.8148419407243312,0.9558528179176383,119.5179838633899,41.20613366400728,31.203954902589803,0.11863645087619404,4.19633105283764,0.8413226309990922,0.11422006807098253,1.7350563542868485,0.4539604671093146,20.0
95,2,0.18506311334848097,0.7767842974030154,0.06319366525683788,3.512929824218043,0.22305935890134246,0.22305935890134246,0.09632834809588278,0.1777859512352309,0.18506311334848097,0.020594552677244977,2.8148419407243312,0.9558528179176383,119.5179838633899,41.20613366400728,31.203954902589803,0.11863645087619404,4.19633105283764,0.8413226309990922,0.11422006807098253,1.7350563542868485,0.4539604671093146,20.0
95,3,0.18506325524138748,0.7765795448394099,0.06319371364596602,3.512929824218043,0.22305935953965275,0.22305935953965275,0.09633049752674051,0.17778666618028757,0.18506325524138748,0.020594553201022124,2.8148419407243312,0.9558528179176383,119.5179838633899,41.20613366400728,31.203954902589803,0.11863645087619404,4.19633105283764,0.8413226309990922,0.11422006807098253,1.7350563542868485,0.4539604671093146,20.0
95,4,0.1850632552414407,0.7765795443607465,0.06319371364598415,3.512929824218043,0.22305935953965284,0.22305935953965284,0.09633049752790426,0.17778666618059052,0.1850632552414407,0.02059455320102225,2.8148419407243312,0.9558528179176383,119.5179838633899,41.20613366400728,31.203954902589803,0.11863645087619404,4.19633105283764,0.8413226309990922,0.11422006807098253,1.7350563542868485,0.4539604671093146,20.0
95,5,0.1850632552414407,0.7765795443607464,0.06319371364598415,3.512929824218043,0.22305935953965284,0.22305935953965284,0.09633049752790426,0.17778666618059052,0.1850632552414407,0.02059455320102225,2.8148419407243312,0.9558528179176383,119.5179838633899,41.20613366400728,31.203954902589803,0.11863645087619404,4.19633105283764,0.8413226309990922,0.11422006807098253,1.7350563542868485,0.4539604671093146,20.0
95,6,0.1850632552414407,0.7765795443607464,0.06319371364598415,3.512929824218043,0.22305935953965284,0.22305935953965284,0.09633049752790426,0.17778666618059052,0.1850632552414407,0.02059455320102225,2.8148419407243312,0.9558528179176383,119.5179838633899,41.20613366400728,31.203954902589803,0.11863645087619404,4.19633105283764,0.8413226309990922,0.11422006807098253,1.7350563542868485,0.4539604671093146,20.0
95,7,0.1850632552414407,0.7765795443607464,0.06319371364598415,3.512929824218043,0.22305935953965284,0.22305935953965284,0.09633049752790426,0.17778666618059052,0.1850632552414407,0.02059455320102225,2.8148419407243312,0.9558528179176383,119.5179838633899,41.20613366400728,31.203954902589803,0.11863645087619404,4.19633105283764,0.8413226309990922,0.11422006807098253,1.7350563542868485,0.4539604671093146,20.0
95,8,0.1850632552414407,0.7765795443607464,0.06319371364598415,3.512929824218043,0.22305935953965284,0.22305935953965284,0.09633049752790426,0.17778666618059052,0.1850632552414407,0.02059455320102225,2.8148419407243312,0.9558528179176383,119.5179838633899,41.20613366400728,31.203954902589803,0.11863645087619404,4.19633105283764,0.8413226309990922,0.11422006807098253,1.7350563542868485,0.4539604671093146,20.0
95,9,0.1850632552414407,0.7765795443607464,0.06319371364598415,3.512929824218043,0.22305935953965284,0.22305935953965284,0.09633049752790426,0.17778666618059052,0.1850632552414407,0.02059455320102225,2.8148419407243312,0.9558528179176383,119.5179838633899,41.20613366400728,31.203954902589803,0.11863645087619404,4.19633105283764,0.8413226309990922,0.11422006807098253,1.7350563542868485,0.4539604671093146,20.0
95,10,0.1850632552414407,0.7765795443607464,0.06319371364598415,3.512929824218043,0.22305935953965284,0.22305935953965284,0.09633049752790426,0.17778666618059052,0.1850632552414407,0.02059455320102225,2.8148419407243312,0.9558528179176383,119.5179838633899,41.20613366400728,31.203954902589803,0.11863645087619404,4.19633105283764,0.8413226309990922,0.11422006807098253,1.7350563542868485,0.4539604671093146,20.0
96,1,0.05234523186645328,0.18891957010613314,0.015376318128577152,7.802252276789685,0.43069377641394413,0.43069377641394413,0.14997004835019295,0.16055914621110504,0.05234523186645328,0.005178358506736303,6.720407189439693,0.9506208064510376,181.67714258167518,62.536928317626575,21.477987660496467,0.09843179609349761,4.314825487861669,0.40442301716717777,0.12235042190677986,0.6007471885010116,0.4786505269053014,20.0
96,2,0.05234592093654603,0.16748330111292847,0.015376520305267814,7.802252276789685,0.4306937768338221,0.4306937768338221,0.14999308875616948,0.16056394926953177,0.05234592093654603,0.0051783586643180295,6.720407189439693,0.9506208064510376,181.67714258167518,62.536928317626575,21.477987660496467,0.09843179609349761,4.314825487861669,0.40442301716717777,0.12235042190677986,0.6007471885010116,0.4786505269053014,20.0
96,3,0.05234592093654603,0.16748330109621207,0.015376520305267814,7.802252276789685,0.4306937768338221,0.4306937768338221,0.1499930887561696,0.1605639492695318,0.05234592093654603,0.0051783586643180295,6.720407189439693,0.9506208064510376,181.67714258167518,62.536928317626575,21.477987660496467,0.09843179609349761,4.314825487861669,0.40442301716717777,0.12235042190677986,0.6007471885010116,0.4786505269053014,20.0
96,4,0.05234592093654603,0.16748330109621207,0.015376520305267814,7.802252276789685,0.4306937768338221,0.4306937768338221,0.1499930887561696,0.1605639492695318,0.05234592093654603,0.0051783586643180295,6.720407189439693,0.9506208064510376,181.67714258167518,62.536928317626575,21.477987660496467,0.09843179609349761,4.314825487861669,0.40442301716717777,0.12235042190677986,0.6007471885010116,0.4786505269053014,20.0
96,5,0.05234592093654603,0.16748330109621207,0.015376520305267814,7.802252276789685,0.4306937768338221,0.4306937768338221,0.1499930887561696,0.1605639492695318,0.05234592093654603,0.0051783586643180295,6.720407189439693,0.9506208064510376,181.67714258167518,62.536928317626575,21.477987660496467,0.09843179609349761,4.314825487861669,0.40442301716717777,0.12235042190677986,0.6007471885010116,0.4786505269053014,20.0
96,6,0.05234592093654603,0.16748330109621207,0.015376520305267814,7.802252276789685,0.4306937768338221,0.4306937768338221,0.1499930887561696,0.1605639492695318,0.05234592093654603,0.0051783586643180295,6.720407189439693,0.9506208064510376,181.67714258167518,62.536928317626575,21.477987660496467,0.09843179609349761,4.314825487861669,0.40442301716717777,0.12235042190677986,0.6007471885010116,0.4786505269053014,20.0
96,7,0.05234592093654603,0.16748330109621207,0.015376520305267814,7.802252276789685,0.4306937768338221,0.4306937768338221,0.1499930887561696,0.1605639492695318,0.05234592093654603,0.0051783586643180295,6.720407189439693,0.9506208064510376,181.67714258167518,62.536928317626575,21.477987660496467,0.09843179609349761,4.314825487861669,0.40442301716717777,0.12235042190677986,0.6007471885010116,0.4786505269053014,20.0
96,8,0.05234592093654603,0.16748330109621207,0.015376520305267814,7.802252276789685,0.4306937768338221,0.4306937768338221,0.1499930887561696,0.1605639492695318,0.05234592093654603,0.0051783586643180295,6.720407189439693,0.9506208064510376,181.67714258167518,62.536928317626575,21.477987660496467,0.09843179609349761,4.314825487861669,0.40442301716717777,0.12235042190677986,0.6007471885010116,0.4786505269053014,20.0
96,9,0.05234592093654603,0.16748330109621207,0.015376520305267814,7.802252276789685,0.4306937768338221,0.4306937768338221,0.1499930887561696,0.1605639492695318,0.05234592093654603,0.0051783586643180295,6.720407189439693,0.9506208064510376,181.67714258167518,62.536928317626575,21.477987660496467,0.09843179609349761,4.314825487861669,0.40442301716717777,0.12235042190677986,0.6007471885010116,0.4786505269053014,20.0
96,10,0.05234592093654603,0.16748330109621207,0.015376520305267814,7.802252276789685,0.4306937768338221,0.4306937768338221,0.1499930887561696,0.1605639492695318,0.05234592093654603,0.0051783586643180295,6.720407189439693,0.9506208064510376,181.67714258167518,62.536928317626575,21.477987660496467,0.09843179609349761,4.314825487861669,0.40442301716717777,0.12235042190677986,0.6007471885010116,0.4786505269053014,20.0
97,1,0.03894295621525655,0.5566027113887316,0.022936334342820167,12.62235127821638,0.11348148866538359,0.11348148866538359,0.1397122721484257,0.22945893316388002,0.03894295621525655,5.791729606900199e-05,3.325380385388885,0.3045760371247202,131.07846564058377,124.00763512788618,92.842369778363,0.05430692137224667,4.549795722758905,0.2568687839601188,0.17062311590897958,0.7703580741396243,0.3752006477296727,20.0
97,2,0.039055338202836416,0.4685721841553458,0.023002426142007888,12.62235127821638,0.11348148866538359,0.11348148866538359,0.14672217097238205,0.23154972968713908,0.039055338202836416,5.7917296069008246e-05,3.325380385388885,0.3045760371247202,131.07846564058377,124.00763512788618,92.842369778363,0.05430692137224667,4.549795722758905,0.2568687839601188,0.17062311590897958,0.7703580741396243,0.3752006477296727,20.0
97,3,0.039055338202836416,0.4685721841553458,0.023002426142007888,12.62235127821638,0.11348148866538359,0.11348148866538359,0.14672217097238205,0.23154972968713908,0.039055338202836416,5.7917296069008246e-05,3.325380385388885,0.3045760371247202,131.07846564058377,124.00763512788618,92.842369778363,0.05430692137224667,4.549795722758905,0.2568687839601188,0.17062311590897958,0.7703580741396243,0.3752006477296727,20.0
97,4,0.039055338202836416,0.4685721841553458,0.023002426142007888,12.62235127821638,0.11348148866538359,0.11348148866538359,0.14672217097238205,0.23154972968713908,0.039055338202836416,5.7917296069008246e-05,3.325380385388885,0.3045760371247202,131.07846564058377,124.00763512788618,92.842369778363,0.05430692137224667,4.549795722758905,0.2568687839601188,0.17062311590897958,0.7703580741396243,0.3752006477296727,20.0
97,5,0.039055338202836416,0.4685721841553458,0.023002426142007888,12.62235127821638,0.11348148866538359,0.11348148866538359,0.14672217097238205,0.23154972968713908,0.039055338202836416,5.7917296069008246e-05,3.325380385388885,0.3045760371247202,131.07846564058377,124.00763512788618,92.842369778363,0.05430692137224667,4.549795722758905,0.2568687839601188,0.17062311590897958,0.7703580741396243,0.3752006477296727,20.0
97,6,0.039055338202836416,0.4685721841553458,0.023002426142007888,12.62235127821638,0.11348148866538359,0.11348148866538359,0.14672217097238205,0.23154972968713908,0.039055338202836416,5.7917296069008246e-05,3.325380385388885,0.3045760371247202,131.07846564058377,124.00763512788618,92.842369778363,0.05430692137224667,4.549795722758905,0.2568687839601188,0.17062311590897958,0.7703580741396243,0.3752006477296727,20.0
97,7,0.039055338202836416,0.4685721841553458,0.023002426142007888,12.62235127821638,0.11348148866538359,0.11348148866538359,0.14672217097238205,0.23154972968713908,0.039055338202836416,5.7917296069008246e-05,3.325380385388885,0.3045760371247202,131.07846564058377,124.00763512788618,92.842369778363,0.05430692137224667,4.549795722758905,0.2568687839601188,0.17062311590897958,0.7703580741396243,0.3752006477296727,20.0
97,8,0.039055338202836416,0.4685721841553458,0.023002426142007888,12.62235127821638,0.11348148866538359,0.11348148866538359,0.14672217097238205,0.23154972968713908,0.039055338202836416,5.7917296069008246e-05,3.325380385388885,0.3045760371247202,131.07846564058377,124.00763512788618,92.842369778363,0.05430692137224667,4.549795722758905,0.2568687839601188,0.17062311590897958,0.7703580741396243,0.3752006477296727,20.0
97,9,0.039055338202836416,0.4685721841553458,0.023002426142007888,12.62235127821638,0.11348148866538359,0.11348148866538359,0.14672217097238205,0.23154972968713908,0.039055338202836416,5.7917296069008246e-05,3.325380385388885,0.3045760371247202,131.07846564058377,124.00763512788618,92.842369778363,0.05430692137224667,4.549795722758905,0.2568687839601188,0.17062311590897958,0.7703580741396243,0.3752006477296727,20.0
97,10,0.039055338202836416,0.4685721841553458,0.023002426142007888,12.62235127821638,0.11348148866538359,0.11348148866538359,0.14672217097238205,0.23154972968713908,0.039055338202836416,5.7917296069008246e-05,3.325380385388885,0.3045760371247202,131.07846564058377,124.00763512788618,92.842369778363,0.05430692137224667,4.549795722758905,0.2568687839601188,0.17062311590897958,0.7703580741396243,0.3752006477296727,20.0
98,1,0.13787647751931367,0.995529776681219,0.06533296185291716,19.9861528261889,0.13114152286902922,0.13114152286902922,0.006835308764224906,0.09487339993368465,0.13787647751931367,1.8527660289076543e-07,2.198874336754339,0.1162793379677058,138.1198955415709,72.71231705735173,69.75079530001008,0.14292287424768524,4.482562500022571,1.176898203110086,0.16702001178711873,1.9318317739693798,0.3670203514878151,20.0
98,2,0.1496900757047607,0.9832707907040436,0.07092619702230296,19.9861528261889,0.13114152333286702,0.13114152333286702,0.023196008138147577,0.1564304065355527,0.1496900757047607,1.8561840031339455e-07,2.198874336754339,0.1162793379677058,138.1198955415709,72.71231705735173,69.75079530001008,0.14292287424768524,4.482562500022571,1.176898203110086,0.16702001178711873,1.9318317739693798,0.3670203514878151,20.0
98,3,0.14969007570483286,0.9832707902466582,0.07092619702233707,19.9861528261889,0.13114152333286702,0.13114152333286702,0.023196008140637134,0.15643040653646423,0.14969007570483286,1.8561840031339468e-07,2.198874336754339,0.1162793379677058,138.1198955415709,72.71231705735173,69.75079530001008,0.14292287424768524,4.482562500022571,1.176898203110086,0.16702001178711873,1.9318317739693798,0.3670203514878151,20.0
98,4,0.14969007570483286,0.9832707902466582,0.07092619702233707,19.9861528261889,0.13114152333286702,0.13114152333286702,0.023196008140637134,0.15643040653646423,0.14969007570483286,1.8561840031339468e-07,2.198874336754339,0.1162793379677058,138.1198955415709,72.71231705735173,69.75079530001008,0.14292287424768524,4.482562500022571,1.176898203110086,0.16702001178711873,1.9318317739693798,0.3670203514878151,20.0
98,5,0.14969007570483286,0.9832707902466582,0.07092619702233707,19.9861528261889,0.13114152333286702,0.13114152333286702,0.023196008140637134,0.15643040653646423,0.14969007570483286,1.8561840031339468e-07,2.198874336754339,0.1162793379677058,138.1198955415709,72.71231705735173,69.75079530001008,0.14292287424768524,4.482562500022571,1.176898203110086,0.16702001178711873,1.9318317739693798,0.3670203514878151,20.0
98,6,0.14969007570483286,0.9832707902466582,0.07092619702233707,19.9861528261889,0.13114152333286702,0.13114152333286702,0.023196008140637134,0.15643040653646423,0.14969007570483286,1.8561840031339468e-07,2.198874336754339,0.1162793379677058,138.1198955415709,72.71231705735173,69.75079530001008,0.14292287424768524,4.482562500022571,1.176898203110086,0.16702001178711873,1.9318317739693798,0.3670203514878151,20.0
98,7,0.14969007570483286,0.9832707902466582,0.07092619702233707,19.9861528261889,0.13114152333286702,0.13114152333286702,0.023196008140637134,0.15643040653646423,0.14969007570483286,1.8561840031339468e-07,2.198874336754339,0.1162793379677058,138.1198955415709,72.71231705735173,69.75079530001008,0.14292287424768524,4.482562500022571,1.176898203110086,0.16702001178711873,1.9318317739693798,0.3670203514878151,20.0
98,8,0.14969007570483286,0.9832707902466582,0.07092619702233707,19.9861528261889,0.13114152333286702,0.13114152333286702,0.023196008140637134,0.15643040653646423,0.14969007570483286,1.8561840031339468e-07,2.198874336754339,0.1162793379677058,138.1198955415709,72.71231705735173,69.75079530001008,0.14292287424768524,4.482562500022571,1.176898203110086,0.16702001178711873,1.9318317739693798,0.3670203514878151,20.0
98,9,0.14969007570483286,0.9832707902466582,0.07092619702233707,19.9861528261889,0.13114152333286702,0.13114152333286702,0.023196008140637134,0.15643040653646423,0.14969007570483286,1.8561840031339468e-07,2.198874336754339,0.1162793379677058,138.1198955415709,72.71231705735173,69.75079530001008,0.14292287424768524,4.482562500022571,1.176898203110086,0.16702001178711873,1.9318317739693798,0.3670203514878151,20.0
98,10,0.14969007570483286,0.9832707902466582,0.07092619702233707,19.9861528261889,0.13114152333286702,0.13114152333286702,0.023196008140637134,0.15643040653646423,0.14969007570483286,1.8561840031339468e-07,2.198874336754339,0.1162793379677058,138.1198955415709,72.71231705735173,69.75079530001008,0.14292287424768524,4.482562500022571,1.176898203110086,0.16702001178711873,1.9318317739693798,0.3670203514878151,20.0
99,1,0.03357644682011635,0.8207245314786172,0.02292025797882724,50.80464218968155,0.5078944052847343,0.5078944052847343,0.06356509436550971,0.11101048242404181,0.03357644682011635,0.004444289793754761,3.7020678499931083,0.07532594296389182,66.98485149869799,144.0484578800656,43.36851295045134,0.12940368024850943,4.960871822769418,1.3213151101648641,0.05642359898858841,0.5485611486205604,0.4150387847381154,20.0
99,2,0.03763088281163395,0.7054657178432214,0.025687046480232213,50.80464218968155,0.5078985273783875,0.5078985273783875,0.09520984405414547,0.13406633306714713,0.03763088281163395,0.004444693238917586,3.7020678499931083,0.07532594296389182,66.98485149869799,144.0484578800656,43.36851295045134,0.12940368024850943,4.960871822769418,1.3213151101648641,0.05642359898858841,0.5485611486205604,0.4150387847381154,20.0
99,3,0.037630892343590384,0.7054644471126739,0.0256870529834454,50.80464218968155,0.5078985273853218,0.5078985273853218,0.09520997864008962,0.1340664033855199,0.037630892343590384,0.004444693239844624,3.7020678499931083,0.07532594296389182,66.98485149869799,144.0484578800656,43.36851295045134,0.12940368024850943,4.960871822769418,1.3213151101648641,0.05642359898858841,0.5485611486205604,0.4150387847381154,20.0
99,4,0.03763089234360084,0.7054644471103794,0.025687052983452533,50.80464218968155,0.5078985273853218,0.5078985273853218,0.09520997864026667,0.13406640338560388,0.03763089234360084,0.0044446932398446255,3.7020678499931083,0.07532594296389182,66.98485149869799,144.0484578800656,43.36851295045134,0.12940368024850943,4.960871822769418,1.3213151101648641,0.05642359898858841,0.5485611486205604,0.4150387847381154,20.0
99,5,0.03763089234360084,0.7054644471103794,0.025687052983452533,50.80464218968155,0.5078985273853218,0.5078985273853218,0.09520997864026667,0.13406640338560388,0.03763089234360084,0.0044446932398446255,3.7020678499931083,0.07532594296389182,66.98485149869799,144.0484578800656,43.36851295045134,0.12940368024850943,4.960871822769418,1.3213151101648641,0.05642359898858841,0.5485611486205604,0.4150387847381154,20.0
99,6,0.03763089234360084,0.7054644471103794,0.025687052983452533,50.80464218968155,0.5078985273853218,0.5078985273853218,0.09520997864026667,0.13406640338560388,0.03763089234360084,0.0044446932398446255,3.7020678499931083,0.07532594296389182,66.98485149869799,144.0484578800656,43.36851295045134,0.12940368024850943,4.960871822769418,1.3213151101648641,0.05642359898858841,0.5485611486205604,0.4150387847381154,20.0
99,7,0.03763089234360084,0.7054644471103794,0.025687052983452533,50.80464218968155,0.5078985273853218,0.5078985273853218,0.09520997864026667,0.13406640338560388,0.03763089234360084,0.0044446932398446255,3.7020678499931083,0.07532594296389182,66.98485149869799,144.0484578800656,43.36851295045134,0.12940368024850943,4.960871822769418,1.3213151101648641,0.05642359898858841,0.5485611486205604,0.4150387847381154,20.0
99,8,0.03763089234360084,0.7054644471103794,0.025687052983452533,50.80464218968155,0.5078985273853218,0.5078985273853218,0.09520997864026667,0.13406640338560388,0.03763089234360084,0.0044446932398446255,3.7020678499931083,0.07532594296389182,66.98485149869799,144.0484578800656,43.36851295045134,0.12940368024850943,4.960871822769418,1.3213151101648641,0.05642359898858841,0.5485611486205604,0.4150387847381154,20.0
99,9,0.03763089234360084,0.7054644471103794,0.025687052983452533,50.80464218968155,0.5078985273853218,0.5078985273853218,0.09520997864026667,0.13406640338560388,0.03763089234360084,0.0044446932398446255,3.7020678499931083,0.07532594296389182,66.98485149869799,144.0484578800656,43.36851295045134,0.12940368024850943,4.960871822769418,1.3213151101648641,0.05642359898858841,0.5485611486205604,0.4150387847381154,20.0
99,10,0.03763089234360084,0.7054644471103794,0.025687052983452533,50.80464218968155,0.5078985273853218,0.5078985273853218,0.09520997864026667,0.13406640338560388,0.03763089234360084,0.0044446932398446255,3.7020678499931083,0.07532594296389182,66.98485149869799,144.0484578800656,43.36851295045134,0.12940368024850943,4.960871822769418,1.3213151101648641,0.05642359898858841,0.5485611486205604,0.4150387847381154,20.0
100,1,0.13518225644800538,0.9815573870145384,0.06362155345968648,7.667466121993561,0.0971080733676515,0.0971080733676515,0.019950923871073868,0.0993217013330743,0.13518225644800538,0.002736875590288055,5.152612868329144,0.7792178503765845,149.60380736958922,60.108155768626034,90.76797243126788,0.09333825021367513,2.0236007044709985,1.0551548640856698,0.06353109916984491,1.8370914512105843,0.3776646009606444,20.0
100,2,0.14601380587362034,0.9473490733749707,0.06871678508595855,7.667466121993561,0.09719178916557122,0.09719178916557122,0.04322614297325509,0.13961977606539747,0.14601380587362034,0.0027740144316978723,5.152612868329144,0.7792178503765845,149.60380736958922,60.108155768626034,90.76797243126788,0.09333825021367513,2.0236007044709985,1.0551548640856698,0.06353109916984491,1.8370914512105843,0.3776646009606444,20.0
100,3,0.146014386099109,0.9472526282631327,0.0687170579153402,7.667466121993561,0.09719178999888194,0.09719178999888194,0.043231214033299985,0.13962337847485473,0.146014386099109,0.0027740150064509477,5.152612868329144,0.7792178503765845,149.60380736958922,60.108155768626034,90.76797243126788,0.09333825021367513,2.0236007044709985,1.0551548640856698,0.06353109916984491,1.8370914512105843,0.3776646009606444,20.0
100,4,0.14601438610077797,0.9472526272588724,0.06871705791612488,7.667466121993561,0.0971917899988833,0.0971917899988833,0.043231214053282375,0.13962337848645842,0.14601438610077797,0.0027740150064520727,5.152612868329144,0.7792178503765845,149.60380736958922,60.108155768626034,90.76797243126788,0.09333825021367513,2.0236007044709985,1.0551548640856698,0.06353109916984491,1.8370914512105843,0.3776646009606444,20.0
100,5,0.14601438610077797,0.9472526272588706,0.06871705791612488,7.667466121993561,0.0971917899988833,0.0971917899988833,0.04323121405328238,0.13962337848645845,0.14601438610077797,0.0027740150064520727,5.152612868329144,0.7792178503765845,149.60380736958922,60.108155768626034,90.76797243126788,0.09333825021367513,2.0236007044709985,1.0551548640856698,0.06353109916984491,1.8370914512105843,0.3776646009606444,20.0
100,6,0.14601438610077797,0.9472526272588706,0.06871705791612488,7.667466121993561,0.0971917899988833,0.0971917899988833,0.04323121405328238,0.13962337848645845,0.14601438610077797,0.0027740150064520727,5.152612868329144,0.7792178503765845,149.60380736958922,60.108155768626034,90.76797243126788,0.09333825021367513,2.0236007044709985,1.0551548640856698,0.06353109916984491,1.8370914512105843,0.3776646009606444,20.0
100,7,0.14601438610077797,0.9472526272588706,0.06871705791612488,7.667466121993561,0.0971917899988833,0.0971917899988833,0.04323121405328238,0.13962337848645845,0.14601438610077797,0.0027740150064520727,5.152612868329144,0.7792178503765845,149.60380736958922,60.108155768626034,90.76797243126788,0.09333825021367513,2.0236007044709985,1.0551548640856698,0.06353109916984491,1.8370914512105843,0.3776646009606444,20.0
100,8,0.14601438610077797,0.9472526272588706,0.06871705791612488,7.667466121993561,0.0971917899988833,0.0971917899988833,0.04323121405328238,0.13962337848645845,0.14601438610077797,0.0027740150064520727,5.152612868329144,0.7792178503765845,149.60380736958922,60.108155768626034,90.76797243126788,0.09333825021367513,2.0236007044709985,1.0551548640856698,0.06353109916984491,1.8370914512105843,0.3776646009606444,20.0
100,9,0.14601438610077797,0.9472526272588706,0.06871705791612488,7.667466121993561,0.0971917899988833,0.0971917899988833,0.04323121405328238,0.13962337848645845,0.14601438610077797,0.0027740150064520727,5.152612868329144,0.7792178503765845,149.60380736958922,60.108155768626034,90.76797243126788,0.09333825021367513,2.0236007044709985,1.0551548640856698,0.06353109916984491,1.8370914512105843,0.3776646009606444,20.0
100,10,0.14601438610077797,0.9472526272588706,0.06871705791612488,7.667466121993561,0.0971917899988833,0.0971917899988833,0.04323121405328238,0.13962337848645845,0.14601438610077797,0.0027740150064520727,5.152612868329144,0.7792178503765845,149.60380736958922,60.108155768626034,90.76797243126788,0.09333825021367513,2.0236007044709985,1.0551548640856698,0.06353109916984491,1.8370914512105843,0.3776646009606444,20.0
